name,peak_ws_mb,secs,verdict
Modelica.Blocks.Continuous.CriticalDamping,937,4.5,ok
Modelica.Blocks.Continuous.Der,1077,4.5,ok
Modelica.Blocks.Continuous.Derivative,1219,6.5,ok
Modelica.Blocks.Continuous.Filter,1188,6.5,ok
Modelica.Blocks.Continuous.FirstOrder,1260,6.6,ok
Modelica.Blocks.Continuous.Integrator,1243,6.5,ok
Modelica.Blocks.Continuous.LimIntegrator,969,6.4,ok
Modelica.Blocks.Continuous.LimPID,1200,6.5,ok
Modelica.Blocks.Continuous.LowpassButterworth,1213,6.5,ok
Modelica.Blocks.Continuous.PI,1221,6.5,ok
Modelica.Blocks.Continuous.PID,1195,6.5,ok
Modelica.Blocks.Continuous.SecondOrder,1268,6.5,ok
Modelica.Blocks.Continuous.StateSpace,1229,8.7,ok
Modelica.Blocks.Continuous.TransferFunction,1191,8.7,ok
Modelica.Blocks.Discrete.FirstOrderHold,1283,6.5,ok
Modelica.Blocks.Discrete.Sampler,1264,6.5,ok
Modelica.Blocks.Discrete.StateSpace,1183,8.7,ok
Modelica.Blocks.Discrete.TransferFunction,1195,6.5,ok
Modelica.Blocks.Discrete.TriggeredMax,951,4.5,ok
Modelica.Blocks.Discrete.TriggeredSampler,1054,4.5,ok
Modelica.Blocks.Discrete.UnitDelay,1069,4.5,ok
Modelica.Blocks.Discrete.ZeroOrderHold,1073,4.5,ok
Modelica.Blocks.Examples.BooleanNetwork1,1292,6.5,ok
Modelica.Blocks.Examples.BusUsage,956,4.5,ok
Modelica.Blocks.Examples.BusUsage_Utilities.Part,853,4.3,ok
Modelica.Blocks.Examples.CompareSincExpSine,860,4.5,ok
Modelica.Blocks.Examples.DemoSignalCharacteristic,1213,6.5,ok
Modelica.Blocks.Examples.DemonstrateContinuousSignalExtrema,890,4.5,ok
Modelica.Blocks.Examples.DemonstrateSignalExtrema,1091,4.5,ok
Modelica.Blocks.Examples.Filter,1310,6.5,ok
Modelica.Blocks.Examples.FilterWithDifferentiation,978,6.5,ok
Modelica.Blocks.Examples.FilterWithRiseTime,1231,6.4,ok
Modelica.Blocks.Examples.IntegerNetwork1,881,4.5,ok
Modelica.Blocks.Examples.Interaction1,1135,6.7,ok
Modelica.Blocks.Examples.InverseModel,942,4.5,ok
Modelica.Blocks.Examples.LogicalNetwork1,1206,6.5,ok
Modelica.Blocks.Examples.Modulation,858,4.5,ok
Modelica.Blocks.Examples.Noise.ActuatorWithNoise,1622,26.6,ok
Modelica.Blocks.Examples.Noise.AutomaticSeed,1056,6.5,ok
Modelica.Blocks.Examples.Noise.Densities,1077,4.5,ok
Modelica.Blocks.Examples.Noise.Distributions,929,6.5,ok
Modelica.Blocks.Examples.Noise.DrydenContinuousTurbulence,1190,6.5,ok
Modelica.Blocks.Examples.Noise.ImpureGenerator,1068,4.5,ok
Modelica.Blocks.Examples.Noise.NormalNoiseProperties,986,4.5,ok
Modelica.Blocks.Examples.Noise.UniformNoise,970,4.5,ok
Modelica.Blocks.Examples.Noise.UniformNoiseProperties,865,4.5,ok
Modelica.Blocks.Examples.Noise.Utilities.ImpureRandom,866,4.5,ok
Modelica.Blocks.Examples.Noise.Utilities.NormalDensity,856,4.5,ok
Modelica.Blocks.Examples.Noise.Utilities.Parts.Controller,938,4.4,ok
Modelica.Blocks.Examples.Noise.Utilities.Parts.MotorWithCurrentControl,1501,15.5,ok
Modelica.Blocks.Examples.Noise.Utilities.UniformDensity,1036,4.6,ok
Modelica.Blocks.Examples.Noise.Utilities.WeibullDensity,974,4.5,ok
Modelica.Blocks.Examples.PID_Controller,1198,8.9,ok
Modelica.Blocks.Examples.RealNetwork1,1190,6.5,ok
Modelica.Blocks.Examples.Rectifier12pulseFFT,2680,208.6,ok
Modelica.Blocks.Examples.Rectifier6pulseFFT,2459,157.3,ok
Modelica.Blocks.Examples.ShowLogicalSources,1281,6.5,ok
Modelica.Blocks.Examples.SinCosEncoder,933,6.5,ok
Modelica.Blocks.Examples.SlewRateLimiter,949,4.6,ok
Modelica.Blocks.Examples.TotalHarmonicDistortion,1146,6.8,ok
Modelica.Blocks.Icons.Block,938,4.5,ok
Modelica.Blocks.Icons.BooleanBlock,858,4.5,ok
Modelica.Blocks.Icons.DiscreteBlock,976,4.6,ok
Modelica.Blocks.Icons.IntegerBlock,1044,4.5,ok
Modelica.Blocks.Icons.PartialBooleanBlock,963,4.5,ok
Modelica.Blocks.Interaction.Show.BooleanValue,958,4.5,ok
Modelica.Blocks.Interaction.Show.IntegerValue,1035,4.5,ok
Modelica.Blocks.Interaction.Show.RealValue,1028,4.5,ok
Modelica.Blocks.Interfaces.Adaptors.FlowToPotentialAdaptor,853,4.5,ok
Modelica.Blocks.Interfaces.Adaptors.PotentialToFlowAdaptor,1084,4.6,ok
Modelica.Blocks.Interfaces.BooleanMIMOs,1039,4.5,ok
Modelica.Blocks.Interfaces.BooleanSISO,1015,4.5,ok
Modelica.Blocks.Interfaces.BooleanSignalSource,1068,4.5,ok
Modelica.Blocks.Interfaces.DiscreteBlock,997,4.5,ok
Modelica.Blocks.Interfaces.DiscreteMIMO,1035,4.5,ok
Modelica.Blocks.Interfaces.DiscreteMIMOs,1002,4.5,ok
Modelica.Blocks.Interfaces.DiscreteSISO,1026,4.5,ok
Modelica.Blocks.Interfaces.IntegerMIBooleanMOs,973,4.5,ok
Modelica.Blocks.Interfaces.IntegerMO,1001,4.5,ok
Modelica.Blocks.Interfaces.IntegerSIBooleanSO,1023,4.5,ok
Modelica.Blocks.Interfaces.IntegerSO,1013,4.5,ok
Modelica.Blocks.Interfaces.IntegerSignalSource,994,4.5,ok
Modelica.Blocks.Interfaces.MI2BooleanMOs,963,4.5,ok
Modelica.Blocks.Interfaces.MI2MO,944,6.4,ok
Modelica.Blocks.Interfaces.MIMO,911,4.5,ok
Modelica.Blocks.Interfaces.MIMOs,1008,4.5,ok
Modelica.Blocks.Interfaces.MISO,901,4.5,ok
Modelica.Blocks.Interfaces.MO,1071,4.5,ok
Modelica.Blocks.Interfaces.MVcontrol,1060,4.5,ok
Modelica.Blocks.Interfaces.MVdiscrete,1012,4.5,ok
Modelica.Blocks.Interfaces.PartialBooleanMISO,1007,4.5,ok
Modelica.Blocks.Interfaces.PartialBooleanSISO_small,939,4.5,ok
Modelica.Blocks.Interfaces.PartialConversionBlock,1001,4.5,ok
Modelica.Blocks.Interfaces.PartialIntegerMISO,1024,4.5,ok
Modelica.Blocks.Interfaces.PartialIntegerSISO,1025,4.5,ok
Modelica.Blocks.Interfaces.PartialNoise,1010,6.5,ok
Modelica.Blocks.Interfaces.PartialRealMISO,983,4.5,ok
Modelica.Blocks.Interfaces.SI2BooleanSO,941,4.4,ok
Modelica.Blocks.Interfaces.SI2SO,1040,4.5,ok
Modelica.Blocks.Interfaces.SIMO,1028,4.5,ok
Modelica.Blocks.Interfaces.SISO,1044,4.5,ok
Modelica.Blocks.Interfaces.SO,1048,4.5,ok
Modelica.Blocks.Interfaces.SVcontrol,979,4.5,ok
Modelica.Blocks.Interfaces.SVdiscrete,1043,4.5,ok
Modelica.Blocks.Interfaces.SignalSource,920,4.5,ok
Modelica.Blocks.Interfaces.partialBooleanComparison,949,4.5,ok
Modelica.Blocks.Interfaces.partialBooleanSI,863,4.5,ok
Modelica.Blocks.Interfaces.partialBooleanSI2SO,910,4.6,ok
Modelica.Blocks.Interfaces.partialBooleanSI3SO,860,4.5,ok
Modelica.Blocks.Interfaces.partialBooleanSISO,897,4.5,ok
Modelica.Blocks.Interfaces.partialBooleanSO,1077,4.6,ok
Modelica.Blocks.Interfaces.partialBooleanSource,926,4.5,ok
Modelica.Blocks.Interfaces.partialBooleanThresholdComparison,825,6.5,ok
Modelica.Blocks.Logical.And,864,4.5,ok
Modelica.Blocks.Logical.AssertCondition,1040,4.3,ok
Modelica.Blocks.Logical.Change,1148,674.9,ok
Modelica.Blocks.Logical.Edge,875,6.6,ok
Modelica.Blocks.Logical.FallingEdge,998,4.6,ok
Modelica.Blocks.Logical.Greater,853,6.6,ok
Modelica.Blocks.Logical.GreaterEqual,856,4.6,ok
Modelica.Blocks.Logical.GreaterEqualThreshold,889,4.5,ok
Modelica.Blocks.Logical.GreaterThreshold,983,4.5,ok
Modelica.Blocks.Logical.Hysteresis,971,4.5,ok
Modelica.Blocks.Logical.Less,1054,4.3,ok
Modelica.Blocks.Logical.LessEqual,892,4.6,ok
Modelica.Blocks.Logical.LessEqualThreshold,1007,4.5,ok
Modelica.Blocks.Logical.LessThreshold,1011,4.5,ok
Modelica.Blocks.Logical.LogicalDelay,987,4.5,ok
Modelica.Blocks.Logical.LogicalSwitch,875,4.5,ok
Modelica.Blocks.Logical.Nand,918,6.5,ok
Modelica.Blocks.Logical.Nor,889,6.5,ok
Modelica.Blocks.Logical.Not,875,4.6,ok
Modelica.Blocks.Logical.OnOffController,880,4.6,ok
Modelica.Blocks.Logical.Or,1074,4.5,ok
Modelica.Blocks.Logical.Pre,956,4.6,ok
Modelica.Blocks.Logical.RSFlipFlop,1050,4.5,ok
Modelica.Blocks.Logical.Switch,958,4.6,ok
Modelica.Blocks.Logical.TerminateSimulation,992,4.5,ok
Modelica.Blocks.Logical.Timer,1018,4.5,ok
Modelica.Blocks.Logical.TriggeredTrapezoid,983,4.6,ok
Modelica.Blocks.Logical.Xor,968,4.5,ok
Modelica.Blocks.Logical.ZeroCrossing,887,6.4,ok
Modelica.Blocks.Math.Abs,977,4.5,ok
Modelica.Blocks.Math.Acos,914,6.5,ok
Modelica.Blocks.Math.Add,960,4.5,ok
Modelica.Blocks.Math.Add3,864,4.6,ok
Modelica.Blocks.Math.Asin,970,4.5,ok
Modelica.Blocks.Math.Atan,949,4.5,ok
Modelica.Blocks.Math.Atan2,951,4.6,ok
Modelica.Blocks.Math.BooleanChange,875,6.5,ok
Modelica.Blocks.Math.BooleanToInteger,858,4.5,ok
Modelica.Blocks.Math.BooleanToReal,910,4.4,ok
Modelica.Blocks.Math.ContinuousMean,1035,4.5,ok
Modelica.Blocks.Math.ContinuousSignalExtrema,1029,4.5,ok
Modelica.Blocks.Math.Cos,1026,4.5,ok
Modelica.Blocks.Math.Cosh,1014,4.5,ok
Modelica.Blocks.Math.Division,990,4.5,ok
Modelica.Blocks.Math.Edge,1072,4.5,ok
Modelica.Blocks.Math.Exp,968,4.4,ok
Modelica.Blocks.Math.Exponentiation,1030,4.5,ok
Modelica.Blocks.Math.Feedback,1015,4.5,ok
Modelica.Blocks.Math.Gain,1056,4.5,ok
Modelica.Blocks.Math.Harmonic,1216,6.5,ok
Modelica.Blocks.Math.IntegerChange,986,4.5,ok
Modelica.Blocks.Math.IntegerToBoolean,850,4.5,ok
Modelica.Blocks.Math.IntegerToReal,851,4.5,ok
Modelica.Blocks.Math.InverseBlockConstraints,861,4.5,ok
Modelica.Blocks.Math.LinearDependency,917,6.5,ok
Modelica.Blocks.Math.Log,928,4.5,ok
Modelica.Blocks.Math.Log10,1039,4.4,ok
Modelica.Blocks.Math.MatrixGain,1022,6.5,ok
Modelica.Blocks.Math.Max,953,4.5,ok
Modelica.Blocks.Math.Mean,999,4.5,ok
Modelica.Blocks.Math.Min,1058,4.5,ok
Modelica.Blocks.Math.MinMax,1028,4.5,ok
Modelica.Blocks.Math.MultiProduct,940,4.5,ok
Modelica.Blocks.Math.MultiSum,1068,4.5,ok
Modelica.Blocks.Math.MultiSwitch,1046,4.5,ok
Modelica.Blocks.Math.PolarToRectangular,1081,4.5,ok
Modelica.Blocks.Math.Power,1098,4.5,ok
Modelica.Blocks.Math.Product,1076,4.5,ok
Modelica.Blocks.Math.Pythagoras,1057,217.7,ok
Modelica.Blocks.Math.RealFFT,1199,6.8,ok
Modelica.Blocks.Math.RealToBoolean,908,6.6,ok
Modelica.Blocks.Math.RealToInteger,940,4.5,ok
Modelica.Blocks.Math.RectangularToPolar,958,4.6,ok
Modelica.Blocks.Math.RectifiedMean,942,4.6,ok
Modelica.Blocks.Math.RootMeanSquare,994,4.5,ok
Modelica.Blocks.Math.Sign,986,4.5,ok
Modelica.Blocks.Math.SignalExtrema,978,4.5,ok
Modelica.Blocks.Math.Sin,934,4.6,ok
Modelica.Blocks.Math.Sinh,912,4.5,ok
Modelica.Blocks.Math.Sqrt,958,6.6,ok
Modelica.Blocks.Math.StandardDeviation,862,6.6,ok
Modelica.Blocks.Math.Sum,1129,6.5,ok
Modelica.Blocks.Math.Tan,913,6.5,ok
Modelica.Blocks.Math.Tanh,933,4.6,ok
Modelica.Blocks.Math.TotalHarmonicDistortion,1298,6.6,ok
Modelica.Blocks.Math.UnitConversions.From_bar,885,4.6,ok
Modelica.Blocks.Math.UnitConversions.From_day,930,4.6,ok
Modelica.Blocks.Math.UnitConversions.From_deg,892,4.5,ok
Modelica.Blocks.Math.UnitConversions.From_degC,874,4.6,ok
Modelica.Blocks.Math.UnitConversions.From_degF,936,4.5,ok
Modelica.Blocks.Math.UnitConversions.From_degRk,902,4.5,ok
Modelica.Blocks.Math.UnitConversions.From_gps,895,4.6,ok
Modelica.Blocks.Math.UnitConversions.From_hour,860,4.5,ok
Modelica.Blocks.Math.UnitConversions.From_kWh,890,4.5,ok
Modelica.Blocks.Math.UnitConversions.From_kmh,864,6.5,ok
Modelica.Blocks.Math.UnitConversions.From_litre,869,6.6,ok
Modelica.Blocks.Math.UnitConversions.From_minute,849,4.5,ok
Modelica.Blocks.Math.UnitConversions.From_rpm,966,4.5,ok
Modelica.Blocks.Math.UnitConversions.To_bar,1193,6.5,ok
Modelica.Blocks.Math.UnitConversions.To_day,1175,6.6,ok
Modelica.Blocks.Math.UnitConversions.To_deg,1175,6.6,ok
Modelica.Blocks.Math.UnitConversions.To_degC,1195,6.6,ok
Modelica.Blocks.Math.UnitConversions.To_degF,1176,6.5,ok
Modelica.Blocks.Math.UnitConversions.To_degRk,1173,6.5,ok
Modelica.Blocks.Math.UnitConversions.To_gps,1191,6.5,ok
Modelica.Blocks.Math.UnitConversions.To_hour,1230,6.5,ok
Modelica.Blocks.Math.UnitConversions.To_kWh,1216,6.6,ok
Modelica.Blocks.Math.UnitConversions.To_kmh,1196,6.5,ok
Modelica.Blocks.Math.UnitConversions.To_litre,1193,6.5,ok
Modelica.Blocks.Math.UnitConversions.To_minute,1194,6.5,ok
Modelica.Blocks.Math.UnitConversions.To_rpm,1191,6.5,ok
Modelica.Blocks.Math.Variance,1203,6.5,ok
Modelica.Blocks.Math.WrapAngle,1210,6.6,ok
Modelica.Blocks.MathBoolean.And,1243,6.6,ok
Modelica.Blocks.MathBoolean.ChangingEdge,1190,6.6,ok
Modelica.Blocks.MathBoolean.FallingEdge,1190,6.5,ok
Modelica.Blocks.MathBoolean.MultiSwitch,1182,6.5,ok
Modelica.Blocks.MathBoolean.Nand,1190,6.5,ok
Modelica.Blocks.MathBoolean.Nor,1201,6.5,ok
Modelica.Blocks.MathBoolean.Not,1193,6.6,ok
Modelica.Blocks.MathBoolean.OnDelay,1179,6.6,ok
Modelica.Blocks.MathBoolean.Or,1176,6.5,ok
Modelica.Blocks.MathBoolean.RisingEdge,1191,6.5,ok
Modelica.Blocks.MathBoolean.Xor,1195,6.5,ok
Modelica.Blocks.MathInteger.MultiSwitch,1174,6.5,ok
Modelica.Blocks.MathInteger.Product,1212,6.5,ok
Modelica.Blocks.MathInteger.Sum,1205,6.6,ok
Modelica.Blocks.MathInteger.TriggeredAdd,1202,6.5,ok
Modelica.Blocks.Noise.BandLimitedWhiteNoise,1191,6.8,ok
Modelica.Blocks.Noise.GlobalSeed,1175,6.5,ok
Modelica.Blocks.Noise.NormalNoise,1180,6.6,ok
Modelica.Blocks.Noise.TruncatedNormalNoise,1186,6.5,ok
Modelica.Blocks.Noise.UniformNoise,1176,6.5,ok
Modelica.Blocks.Nonlinear.DeadZone,1206,6.5,ok
Modelica.Blocks.Nonlinear.FixedDelay,1199,6.6,ok
Modelica.Blocks.Nonlinear.Limiter,1173,6.6,ok
Modelica.Blocks.Nonlinear.PadeDelay,1205,6.5,ok
Modelica.Blocks.Nonlinear.SlewRateLimiter,1178,6.5,ok
Modelica.Blocks.Nonlinear.VariableDelay,1174,6.5,ok
Modelica.Blocks.Nonlinear.VariableLimiter,1184,6.5,ok
Modelica.Blocks.Routing.BooleanPassThrough,1189,6.5,ok
Modelica.Blocks.Routing.BooleanReplicator,1185,6.5,ok
Modelica.Blocks.Routing.DeMultiplex,1177,6.5,ok
Modelica.Blocks.Routing.DeMultiplex2,1177,6.5,ok
Modelica.Blocks.Routing.DeMultiplex3,1199,6.6,ok
Modelica.Blocks.Routing.DeMultiplex4,1198,6.5,ok
Modelica.Blocks.Routing.DeMultiplex5,1198,6.5,ok
Modelica.Blocks.Routing.DeMultiplex6,1193,6.5,ok
Modelica.Blocks.Routing.ExtractSignal,1195,6.6,ok
Modelica.Blocks.Routing.Extractor,1222,6.5,ok
Modelica.Blocks.Routing.IntegerPassThrough,1197,6.5,ok
Modelica.Blocks.Routing.IntegerReplicator,1198,6.5,ok
Modelica.Blocks.Routing.Multiplex,1229,6.6,ok
Modelica.Blocks.Routing.Multiplex2,1189,253.2,ok
Modelica.Blocks.Routing.Multiplex3,1170,9.2,ok
Modelica.Blocks.Routing.Multiplex4,1111,6.6,ok
Modelica.Blocks.Routing.Multiplex5,1207,6.6,ok
Modelica.Blocks.Routing.Multiplex6,1212,6.6,ok
Modelica.Blocks.Routing.RealPassThrough,1176,6.6,ok
Modelica.Blocks.Routing.Replicator,1174,6.6,ok
Modelica.Blocks.Sources.BooleanConstant,1175,6.5,ok
Modelica.Blocks.Sources.BooleanExpression,1192,7.1,ok
Modelica.Blocks.Sources.BooleanPulse,1185,6.5,ok
Modelica.Blocks.Sources.BooleanStep,1216,6.6,ok
Modelica.Blocks.Sources.BooleanTable,1193,8.8,ok
Modelica.Blocks.Sources.CombiTimeTable,1213,8.8,ok
Modelica.Blocks.Sources.Constant,1187,6.6,ok
Modelica.Blocks.Sources.ContinuousClock,1184,6.5,ok
Modelica.Blocks.Sources.Cosine,1177,6.6,ok
Modelica.Blocks.Sources.CosineVariableFrequencyAndAmplitude,1183,6.6,ok
Modelica.Blocks.Sources.ExpSine,1200,6.6,ok
Modelica.Blocks.Sources.Exponentials,1172,6.6,ok
Modelica.Blocks.Sources.IntegerConstant,1197,6.6,ok
Modelica.Blocks.Sources.IntegerExpression,1197,6.9,ok
Modelica.Blocks.Sources.IntegerStep,1189,6.5,ok
Modelica.Blocks.Sources.IntegerTable,1200,8.8,ok
Modelica.Blocks.Sources.KinematicPTP,1193,8.8,ok
Modelica.Blocks.Sources.KinematicPTP2,1212,8.8,ok
Modelica.Blocks.Sources.LogFrequencySweep,1182,6.5,ok
Modelica.Blocks.Sources.Pulse,1207,6.5,ok
Modelica.Blocks.Sources.RadioButtonSource,1296,8.8,ok
Modelica.Blocks.Sources.Ramp,1205,6.5,ok
Modelica.Blocks.Sources.RealExpression,1198,7,ok
Modelica.Blocks.Sources.SampleTrigger,1195,6.5,ok
Modelica.Blocks.Sources.SawTooth,1195,6.5,ok
Modelica.Blocks.Sources.Sinc,1199,6.5,ok
Modelica.Blocks.Sources.Sine,1177,6.5,ok
Modelica.Blocks.Sources.SineVariableFrequencyAndAmplitude,1211,6.5,ok
Modelica.Blocks.Sources.Step,1177,6.5,ok
Modelica.Blocks.Sources.TimeTable,1185,6.6,ok
Modelica.Blocks.Sources.Trapezoid,1196,6.5,ok
Modelica.Blocks.Tables.CombiTable1Ds,1186,6.8,ok
Modelica.Blocks.Tables.CombiTable1Dv,1224,8.8,ok
Modelica.Blocks.Tables.CombiTable2Ds,1183,6.5,ok
Modelica.Blocks.Tables.CombiTable2Dv,1190,6.5,ok
Modelica.Blocks.Tables.Internal.CombiTable2DBase,1182,6.5,ok
Modelica.Blocks.Types.ExternalCombiTable1D,1162,6.6,ok
Modelica.Blocks.Types.ExternalCombiTable2D,1210,6.5,ok
Modelica.Blocks.Types.ExternalCombiTimeTable,1190,6.5,ok
Modelica.Clocked.BooleanSignals.Interfaces.PartialClockedSISO,1187,6.5,ok
Modelica.Clocked.BooleanSignals.Interfaces.PartialClockedSO,1184,6.5,ok
Modelica.Clocked.BooleanSignals.Interfaces.PartialSISOSampler,1192,6.5,ok
Modelica.Clocked.BooleanSignals.Interfaces.SamplerIcon,1208,6.6,ok
Modelica.Clocked.BooleanSignals.NonPeriodic.BooleanChange,1201,6.5,ok
Modelica.Clocked.BooleanSignals.NonPeriodic.ClockToBoolean,1175,6.5,ok
Modelica.Clocked.BooleanSignals.NonPeriodic.FractionalDelay,1217,6.5,ok
Modelica.Clocked.BooleanSignals.NonPeriodic.UnitDelay,1225,6.5,ok
Modelica.Clocked.BooleanSignals.Sampler.AssignClock,1193,6.5,ok
Modelica.Clocked.BooleanSignals.Sampler.AssignClockVectorized,1210,6.5,ok
Modelica.Clocked.BooleanSignals.Sampler.BackSample,1194,6.5,ok
Modelica.Clocked.BooleanSignals.Sampler.Hold,1197,6.5,ok
Modelica.Clocked.BooleanSignals.Sampler.Sample,1185,6.5,ok
Modelica.Clocked.BooleanSignals.Sampler.SampleClocked,1191,6.5,ok
Modelica.Clocked.BooleanSignals.Sampler.SampleVectorizedAndClocked,1192,6.5,ok
Modelica.Clocked.BooleanSignals.Sampler.ShiftSample,1170,6.5,ok
Modelica.Clocked.BooleanSignals.Sampler.SubSample,1209,6.5,ok
Modelica.Clocked.BooleanSignals.Sampler.SuperSample,1200,6.5,ok
Modelica.Clocked.BooleanSignals.Sampler.Utilities.AssignClockToSquareWaveHold,1203,6.5,ok
Modelica.Clocked.BooleanSignals.Sampler.Utilities.AssignClockToTriggerHold,1189,6.5,ok
Modelica.Clocked.BooleanSignals.Sampler.Utilities.UpSample,1198,6.6,ok
Modelica.Clocked.BooleanSignals.TickBasedSources.Pulse,1206,6.5,ok
Modelica.Clocked.BooleanSignals.TickBasedSources.Step,1203,6.6,ok
Modelica.Clocked.BooleanSignals.TimeBasedSources.Pulse,1205,6.6,ok
Modelica.Clocked.BooleanSignals.TimeBasedSources.Step,1210,6.5,ok
Modelica.Clocked.ClockSignals.Clocks.EventClock,1233,6.5,ok
Modelica.Clocked.ClockSignals.Clocks.Logical.ConjunctiveClock,1205,6.5,ok
Modelica.Clocked.ClockSignals.Clocks.Logical.DisjunctiveClock,1214,6.5,ok
Modelica.Clocked.ClockSignals.Clocks.Logical.PartialLogicalClock,1201,6.5,ok
Modelica.Clocked.ClockSignals.Clocks.PeriodicExactClock,1198,6.6,ok
Modelica.Clocked.ClockSignals.Clocks.PeriodicRealClock,1208,6.5,ok
Modelica.Clocked.ClockSignals.Clocks.Rotational.FixedRotationalClock,1191,6.5,ok
Modelica.Clocked.ClockSignals.Clocks.Rotational.PartialRotationalClock,1185,6.5,ok
Modelica.Clocked.ClockSignals.Clocks.Rotational.RotationalClock,1189,6.6,ok
Modelica.Clocked.ClockSignals.Interfaces.ClockedBlockIcon,1200,6.5,ok
Modelica.Clocked.ClockSignals.Interfaces.PartialClock,1210,6.6,ok
Modelica.Clocked.ClockSignals.Interfaces.PartialPeriodicClock,1186,6.5,ok
Modelica.Clocked.ClockSignals.Sampler.ShiftSample,1191,6.5,ok
Modelica.Clocked.ClockSignals.Sampler.SubSample,1193,6.6,ok
Modelica.Clocked.ClockSignals.Sampler.SuperSample,1237,6.6,ok
Modelica.Clocked.Examples.CascadeControlledDrive.AbsoluteClocks,1214,11.1,ok
Modelica.Clocked.Examples.CascadeControlledDrive.Continuous,1211,11.1,ok
Modelica.Clocked.Examples.CascadeControlledDrive.SubClocked,1280,8.8,ok
Modelica.Clocked.Examples.CascadeControlledDrive.SuperSampled,1281,8.8,ok
Modelica.Clocked.Examples.Elementary.BooleanSignals.AssignClock,1194,6.5,ok
Modelica.Clocked.Examples.Elementary.BooleanSignals.AssignClockVectorized,1200,6.5,ok
Modelica.Clocked.Examples.Elementary.BooleanSignals.BackSample,1199,8.8,ok
Modelica.Clocked.Examples.Elementary.BooleanSignals.Hold,1234,8.8,ok
Modelica.Clocked.Examples.Elementary.BooleanSignals.Sample1,1213,6.5,ok
Modelica.Clocked.Examples.Elementary.BooleanSignals.Sample2,1203,6.5,ok
Modelica.Clocked.Examples.Elementary.BooleanSignals.SampleClocked,1213,6.5,ok
Modelica.Clocked.Examples.Elementary.BooleanSignals.SampleVectorizedAndClocked,1178,6.5,ok
Modelica.Clocked.Examples.Elementary.BooleanSignals.ShiftSample,1210,8.8,ok
Modelica.Clocked.Examples.Elementary.BooleanSignals.SubSample,1218,8.8,ok
Modelica.Clocked.Examples.Elementary.BooleanSignals.SuperSample,1269,8.8,ok
Modelica.Clocked.Examples.Elementary.BooleanSignals.TickBasedPulse,1195,6.5,ok
Modelica.Clocked.Examples.Elementary.BooleanSignals.TickBasedStep,1204,6.5,ok
Modelica.Clocked.Examples.Elementary.BooleanSignals.TimeBasedPulse,1202,6.5,ok
Modelica.Clocked.Examples.Elementary.BooleanSignals.TimeBasedStep,1197,6.5,ok
Modelica.Clocked.Examples.Elementary.BooleanSignals.UpSample,1201,8.8,ok
Modelica.Clocked.Examples.Elementary.ClockSignals.LogicalSample,1193,6.7,ok
Modelica.Clocked.Examples.Elementary.ClockSignals.RotationalSample,1212,6.5,ok
Modelica.Clocked.Examples.Elementary.ClockSignals.ShiftSample,1198,6.5,ok
Modelica.Clocked.Examples.Elementary.ClockSignals.SubSample,1197,6.5,ok
Modelica.Clocked.Examples.Elementary.ClockSignals.SuperSample,1203,6.5,ok
Modelica.Clocked.Examples.Elementary.IntegerSignals.AssignClock,1229,6.5,ok
Modelica.Clocked.Examples.Elementary.IntegerSignals.AssignClockVectorized,1182,6.5,ok
Modelica.Clocked.Examples.Elementary.IntegerSignals.BackSample,1197,8.8,ok
Modelica.Clocked.Examples.Elementary.IntegerSignals.Hold,1200,8.8,ok
Modelica.Clocked.Examples.Elementary.IntegerSignals.Sample1,1279,6.6,ok
Modelica.Clocked.Examples.Elementary.IntegerSignals.Sample2,1185,6.6,ok
Modelica.Clocked.Examples.Elementary.IntegerSignals.SampleClocked,1265,6.6,ok
Modelica.Clocked.Examples.Elementary.IntegerSignals.SampleVectorizedAndClocked,1243,6.5,ok
Modelica.Clocked.Examples.Elementary.IntegerSignals.ShiftSample,1189,6.8,ok
Modelica.Clocked.Examples.Elementary.IntegerSignals.SubSample,1200,6.8,ok
Modelica.Clocked.Examples.Elementary.IntegerSignals.SuperSample,1183,6.8,ok
Modelica.Clocked.Examples.Elementary.IntegerSignals.TickBasedStep,1256,6.5,ok
Modelica.Clocked.Examples.Elementary.IntegerSignals.TimeBasedStep,1234,6.5,ok
Modelica.Clocked.Examples.Elementary.IntegerSignals.UpSample,1195,8.8,ok
Modelica.Clocked.Examples.Elementary.RealSignals.AssignClock,1204,6.5,ok
Modelica.Clocked.Examples.Elementary.RealSignals.AssignClockToSquareWaveHold,1202,6.6,ok
Modelica.Clocked.Examples.Elementary.RealSignals.AssignClockToTriggerHold,1213,6.6,ok
Modelica.Clocked.Examples.Elementary.RealSignals.AssignClockVectorized,1202,6.5,ok
Modelica.Clocked.Examples.Elementary.RealSignals.BackSample,1193,6.5,ok
Modelica.Clocked.Examples.Elementary.RealSignals.FractionalDelay,1266,6.5,ok
Modelica.Clocked.Examples.Elementary.RealSignals.Hold,1225,6.5,ok
Modelica.Clocked.Examples.Elementary.RealSignals.HoldWithDAeffects1,1197,6.6,ok
Modelica.Clocked.Examples.Elementary.RealSignals.HoldWithDAeffects2,1197,6.6,ok
Modelica.Clocked.Examples.Elementary.RealSignals.Sample1,1184,6.6,ok
Modelica.Clocked.Examples.Elementary.RealSignals.Sample2,1248,6.6,ok
Modelica.Clocked.Examples.Elementary.RealSignals.Sample3,1242,6.6,ok
Modelica.Clocked.Examples.Elementary.RealSignals.SampleClocked,1248,6.6,ok
Modelica.Clocked.Examples.Elementary.RealSignals.SampleVectorizedAndClocked,1211,6.5,ok
Modelica.Clocked.Examples.Elementary.RealSignals.SampleWithADeffects,1236,6.6,ok
Modelica.Clocked.Examples.Elementary.RealSignals.ShiftSample,1235,6.6,ok
Modelica.Clocked.Examples.Elementary.RealSignals.SubSample,1275,6.6,ok
Modelica.Clocked.Examples.Elementary.RealSignals.SuperSample,1194,6.6,ok
Modelica.Clocked.Examples.Elementary.RealSignals.SuperSampleInterpolated,1216,6.6,ok
Modelica.Clocked.Examples.Elementary.RealSignals.TickBasedRamp,1266,6.6,ok
Modelica.Clocked.Examples.Elementary.RealSignals.TickBasedSine,1255,6.6,ok
Modelica.Clocked.Examples.Elementary.RealSignals.TickBasedStep,1266,6.5,ok
Modelica.Clocked.Examples.Elementary.RealSignals.TimeBasedRamp,1229,6.5,ok
Modelica.Clocked.Examples.Elementary.RealSignals.TimeBasedSine,1264,6.5,ok
Modelica.Clocked.Examples.Elementary.RealSignals.TimeBasedStep,1249,6.5,ok
Modelica.Clocked.Examples.Elementary.RealSignals.UniformNoise,1237,6.5,ok
Modelica.Clocked.Examples.Elementary.RealSignals.UniformNoiseXorshift64star,1198,6.6,ok
Modelica.Clocked.Examples.Elementary.RealSignals.UpSample1,1264,6.5,ok
Modelica.Clocked.Examples.Elementary.RealSignals.UpSample2,1189,8.8,ok
Modelica.Clocked.Examples.SimpleControlledDrive.ClockedWithDiscreteController,1260,6.5,ok
Modelica.Clocked.Examples.SimpleControlledDrive.ClockedWithDiscreteTextbookController,1234,6.6,ok
Modelica.Clocked.Examples.SimpleControlledDrive.ClockedWithDiscretizedContinuousController,1254,6.8,ok
Modelica.Clocked.Examples.SimpleControlledDrive.ClockedWith_AD_DA_Effects,1198,6.5,ok
Modelica.Clocked.Examples.SimpleControlledDrive.Continuous,1193,6.5,ok
Modelica.Clocked.Examples.SimpleControlledDrive.ExactlyClockedWithDiscreteController,1209,6.5,ok
Modelica.Clocked.Examples.Systems.ControlledMixingUnit,1196,6.5,ok
Modelica.Clocked.Examples.Systems.EngineThrottleControl,1208,6.5,ok
Modelica.Clocked.Examples.Systems.Utilities.ComponentsMixingUnit.CriticalDamping,1221,6.5,ok
Modelica.Clocked.Examples.Systems.Utilities.ComponentsMixingUnit.FilterOrder,1241,6.6,ok
Modelica.Clocked.Examples.Systems.Utilities.ComponentsMixingUnit.MixingUnit,1234,6.5,ok
Modelica.Clocked.Examples.Systems.Utilities.ComponentsMixingUnit.MixingUnitWithContinuousControl,1197,6.5,ok
Modelica.Clocked.Examples.Systems.Utilities.ComponentsThrottleControl.CylinderAirCharge,1201,6.6,ok
Modelica.Clocked.Examples.Systems.Utilities.ComponentsThrottleControl.Engine,1202,6.6,ok
Modelica.Clocked.Examples.Systems.Utilities.ComponentsThrottleControl.InductionToPowerDelay,1221,6.6,ok
Modelica.Clocked.Examples.Systems.Utilities.ComponentsThrottleControl.IntakeManifold,1198,6.5,ok
Modelica.Clocked.Examples.Systems.Utilities.ComponentsThrottleControl.SpeedControl,1196,6.5,ok
Modelica.Clocked.Examples.Systems.Utilities.ComponentsThrottleControl.ThrottleBody,1221,6.6,ok
Modelica.Clocked.Examples.Systems.Utilities.ComponentsThrottleControl.TorqueGeneration,1224,6.5,ok
Modelica.Clocked.IntegerSignals.Interfaces.PartialClockedSISO,1258,6.5,ok
Modelica.Clocked.IntegerSignals.Interfaces.PartialClockedSO,1250,6.5,ok
Modelica.Clocked.IntegerSignals.Interfaces.PartialSISOHold,1223,6.6,ok
Modelica.Clocked.IntegerSignals.Interfaces.PartialSISOSampler,1195,6.5,ok
Modelica.Clocked.IntegerSignals.Interfaces.SamplerIcon,1250,6.5,ok
Modelica.Clocked.IntegerSignals.NonPeriodic.FractionalDelay,1216,6.6,ok
Modelica.Clocked.IntegerSignals.NonPeriodic.IntegerChange,1272,6.6,ok
Modelica.Clocked.IntegerSignals.NonPeriodic.UnitDelay,1287,6.5,ok
Modelica.Clocked.IntegerSignals.Sampler.AssignClock,1259,6.5,ok
Modelica.Clocked.IntegerSignals.Sampler.AssignClockVectorized,1256,6.5,ok
Modelica.Clocked.IntegerSignals.Sampler.BackSample,1260,6.5,ok
Modelica.Clocked.IntegerSignals.Sampler.Hold,1281,6.5,ok
Modelica.Clocked.IntegerSignals.Sampler.Sample,1279,6.6,ok
Modelica.Clocked.IntegerSignals.Sampler.SampleClocked,1180,6.6,ok
Modelica.Clocked.IntegerSignals.Sampler.SampleVectorizedAndClocked,1281,6.5,ok
Modelica.Clocked.IntegerSignals.Sampler.ShiftSample,1266,6.5,ok
Modelica.Clocked.IntegerSignals.Sampler.SubSample,1253,6.6,ok
Modelica.Clocked.IntegerSignals.Sampler.SuperSample,1265,6.5,ok
Modelica.Clocked.IntegerSignals.Sampler.Utilities.AssignClockToSquareWaveHold,1257,6.5,ok
Modelica.Clocked.IntegerSignals.Sampler.Utilities.AssignClockToTriggerHold,1268,6.5,ok
Modelica.Clocked.IntegerSignals.Sampler.Utilities.UpSample,1255,6.6,ok
Modelica.Clocked.IntegerSignals.TickBasedSources.Step,1241,6.5,ok
Modelica.Clocked.IntegerSignals.TimeBasedSources.Step,1263,6.5,ok
Modelica.Clocked.RealSignals.Interfaces.PartialClockedMIMO,1267,6.6,ok
Modelica.Clocked.RealSignals.Interfaces.PartialClockedSISO,1250,6.6,ok
Modelica.Clocked.RealSignals.Interfaces.PartialClockedSO,1245,6.6,ok
Modelica.Clocked.RealSignals.Interfaces.PartialNoise,1263,6.5,ok
Modelica.Clocked.RealSignals.Interfaces.PartialSISOHold,1261,6.6,ok
Modelica.Clocked.RealSignals.Interfaces.PartialSISOSampler,1277,6.5,ok
Modelica.Clocked.RealSignals.Interfaces.SamplerIcon,1250,6.5,ok
Modelica.Clocked.RealSignals.NonPeriodic.FractionalDelay,1257,6.6,ok
Modelica.Clocked.RealSignals.NonPeriodic.PI,1283,6.5,ok
Modelica.Clocked.RealSignals.NonPeriodic.UnitDelay,1294,6.6,ok
Modelica.Clocked.RealSignals.Periodic.FIRbyCoefficients,1203,6.5,ok
Modelica.Clocked.RealSignals.Periodic.MovingAverage,1276,6.5,ok
Modelica.Clocked.RealSignals.Periodic.PI,1177,6.6,ok
Modelica.Clocked.RealSignals.Periodic.StateSpace,1205,6.8,ok
Modelica.Clocked.RealSignals.Periodic.TransferFunction,1195,6.5,ok
Modelica.Clocked.RealSignals.Sampler.AssignClock,1254,6.5,ok
Modelica.Clocked.RealSignals.Sampler.AssignClockVectorized,1253,6.5,ok
Modelica.Clocked.RealSignals.Sampler.BackSample,1265,6.6,ok
Modelica.Clocked.RealSignals.Sampler.Hold,1251,6.5,ok
Modelica.Clocked.RealSignals.Sampler.HoldWithDAeffects,1253,6.5,ok
Modelica.Clocked.RealSignals.Sampler.Sample,1247,6.5,ok
Modelica.Clocked.RealSignals.Sampler.SampleClocked,1257,6.5,ok
Modelica.Clocked.RealSignals.Sampler.SampleVectorizedAndClocked,1258,6.6,ok
Modelica.Clocked.RealSignals.Sampler.SampleWithADeffects,1279,6.6,ok
Modelica.Clocked.RealSignals.Sampler.ShiftSample,1257,6.6,ok
Modelica.Clocked.RealSignals.Sampler.SubSample,1258,6.5,ok
Modelica.Clocked.RealSignals.Sampler.SuperSample,1281,6.5,ok
Modelica.Clocked.RealSignals.Sampler.SuperSampleInterpolated,1267,6.5,ok
Modelica.Clocked.RealSignals.Sampler.Utilities.AssignClockToSquareWaveHold,1300,6.6,ok
Modelica.Clocked.RealSignals.Sampler.Utilities.AssignClockToTriggerHold,1263,6.6,ok
Modelica.Clocked.RealSignals.Sampler.Utilities.Internal.ComputationalDelay,1256,6.5,ok
Modelica.Clocked.RealSignals.Sampler.Utilities.Internal.Limiter,1262,6.5,ok
Modelica.Clocked.RealSignals.Sampler.Utilities.Internal.Quantization,1266,6.5,ok
Modelica.Clocked.RealSignals.Sampler.Utilities.Internal.UniformNoise,1252,6.5,ok
Modelica.Clocked.RealSignals.Sampler.Utilities.Internal.UniformNoiseXorshift64star,1256,6.5,ok
Modelica.Clocked.RealSignals.Sampler.Utilities.UpSample,1266,6.5,ok
Modelica.Clocked.RealSignals.TickBasedSources.Ramp,1268,6.5,ok
Modelica.Clocked.RealSignals.TickBasedSources.Sine,1255,6.5,ok
Modelica.Clocked.RealSignals.TickBasedSources.Step,1263,6.6,ok
Modelica.Clocked.RealSignals.TimeBasedSources.Ramp,1228,6.5,ok
Modelica.Clocked.RealSignals.TimeBasedSources.Sine,1265,6.6,ok
Modelica.Clocked.RealSignals.TimeBasedSources.Step,1259,6.5,ok
Modelica.Clocked.UsersGuide.Clocks,1263,6.5,ok
Modelica.Clocked.UsersGuide.Contact,1259,6.5,ok
Modelica.Clocked.UsersGuide.GettingStarted,1254,6.5,ok
Modelica.Clocked.UsersGuide.Literature,1266,6.5,ok
Modelica.Clocked.UsersGuide.ReleaseNotes.Version_0_9,1251,6.6,ok
Modelica.Clocked.UsersGuide.ReleaseNotes.Version_0_91,1258,6.5,ok
Modelica.Clocked.UsersGuide.ReleaseNotes.Version_0_92,1263,6.6,ok
Modelica.Clocked.UsersGuide.ReleaseNotes.Version_0_92_1,1254,6.5,ok
Modelica.Clocked.UsersGuide.ReleaseNotes.Version_0_93_0,1275,6.6,ok
Modelica.Clocked.UsersGuide.Requirements,1183,6.5,ok
Modelica.ComplexBlocks.ComplexMath.Acos,1272,6.5,ok
Modelica.ComplexBlocks.ComplexMath.Add,1227,6.5,ok
Modelica.ComplexBlocks.ComplexMath.Add3,1208,6.5,ok
Modelica.ComplexBlocks.ComplexMath.Asin,1268,6.5,ok
Modelica.ComplexBlocks.ComplexMath.Atan,1299,6.5,ok
Modelica.ComplexBlocks.ComplexMath.Bode,1259,6.5,ok
Modelica.ComplexBlocks.ComplexMath.ComplexToPolar,1251,6.5,ok
Modelica.ComplexBlocks.ComplexMath.ComplexToReal,1241,6.5,ok
Modelica.ComplexBlocks.ComplexMath.Conj,1269,6.5,ok
Modelica.ComplexBlocks.ComplexMath.Cos,1257,6.5,ok
Modelica.ComplexBlocks.ComplexMath.Cosh,1260,6.5,ok
Modelica.ComplexBlocks.ComplexMath.Division,1255,6.6,ok
Modelica.ComplexBlocks.ComplexMath.Exp,1258,6.5,ok
Modelica.ComplexBlocks.ComplexMath.Feedback,1263,6.5,ok
Modelica.ComplexBlocks.ComplexMath.Gain,1253,6.6,ok
Modelica.ComplexBlocks.ComplexMath.Log,1289,6.5,ok
Modelica.ComplexBlocks.ComplexMath.PolarToComplex,1274,6.5,ok
Modelica.ComplexBlocks.ComplexMath.Product,1272,6.5,ok
Modelica.ComplexBlocks.ComplexMath.RealToComplex,1267,6.5,ok
Modelica.ComplexBlocks.ComplexMath.Sin,1253,6.5,ok
Modelica.ComplexBlocks.ComplexMath.Sinh,1293,6.5,ok
Modelica.ComplexBlocks.ComplexMath.Sqrt,1260,6.5,ok
Modelica.ComplexBlocks.ComplexMath.Sum,1233,6.5,ok
Modelica.ComplexBlocks.ComplexMath.Tan,1264,6.5,ok
Modelica.ComplexBlocks.ComplexMath.Tanh,1243,6.5,ok
Modelica.ComplexBlocks.ComplexMath.TransferFunction,1200,6.5,ok
Modelica.ComplexBlocks.Examples.ShowTransferFunction,1210,6.5,ok
Modelica.ComplexBlocks.Examples.TestConversionBlock,1273,6.6,ok
Modelica.ComplexBlocks.Icons.ComplexBlock,1269,6.5,ok
Modelica.ComplexBlocks.Interfaces.ComplexMI2MO,1199,6.5,ok
Modelica.ComplexBlocks.Interfaces.ComplexMIMO,1262,6.5,ok
Modelica.ComplexBlocks.Interfaces.ComplexMIMOs,1232,6.5,ok
Modelica.ComplexBlocks.Interfaces.ComplexMISO,1215,6.5,ok
Modelica.ComplexBlocks.Interfaces.ComplexMO,1250,6.5,ok
Modelica.ComplexBlocks.Interfaces.ComplexSI2SO,1268,6.6,ok
Modelica.ComplexBlocks.Interfaces.ComplexSIMO,1266,6.6,ok
Modelica.ComplexBlocks.Interfaces.ComplexSISO,1244,6.5,ok
Modelica.ComplexBlocks.Interfaces.ComplexSO,1282,6.6,ok
Modelica.ComplexBlocks.Interfaces.ComplexSignalSource,1235,6.5,ok
Modelica.ComplexBlocks.Routing.ComplexPassThrough,1259,6.5,ok
Modelica.ComplexBlocks.Routing.ExtractSignal,1227,6.5,ok
Modelica.ComplexBlocks.Routing.Extractor,1212,6.6,ok
Modelica.ComplexBlocks.Routing.Replicator,1257,6.6,ok
Modelica.ComplexBlocks.Sources.ComplexConstant,1257,6.6,ok
Modelica.ComplexBlocks.Sources.ComplexExpression,1250,7,ok
Modelica.ComplexBlocks.Sources.ComplexRampPhasor,1274,6.6,ok
Modelica.ComplexBlocks.Sources.ComplexRotatingPhasor,1264,6.5,ok
Modelica.ComplexBlocks.Sources.ComplexStep,1220,6.5,ok
Modelica.ComplexBlocks.UsersGuide.Contact,1256,6.5,ok
Modelica.ComplexBlocks.UsersGuide.ReleaseNotes,1305,6.6,ok
Modelica.Electrical.Analog.Basic.CCC,1252,6.6,ok
Modelica.Electrical.Analog.Basic.CCV,1264,6.5,ok
Modelica.Electrical.Analog.Basic.Capacitor,1270,6.6,ok
Modelica.Electrical.Analog.Basic.Conductor,1262,6.5,ok
Modelica.Electrical.Analog.Basic.GeneralCurrentToVoltageAdaptor,1264,6.5,ok
Modelica.Electrical.Analog.Basic.GeneralVoltageToCurrentAdaptor,1253,6.5,ok
Modelica.Electrical.Analog.Basic.Ground,1268,6.5,ok
Modelica.Electrical.Analog.Basic.Gyrator,1253,6.6,ok
Modelica.Electrical.Analog.Basic.Inductor,1243,6.5,ok
Modelica.Electrical.Analog.Basic.M_Transformer,1270,6.6,ok
Modelica.Electrical.Analog.Basic.OpAmp,1271,6.6,ok
Modelica.Electrical.Analog.Basic.OpAmpDetailed,1280,6.5,ok
Modelica.Electrical.Analog.Basic.Potentiometer,1261,6.5,ok
Modelica.Electrical.Analog.Basic.Resistor,1279,6.6,ok
Modelica.Electrical.Analog.Basic.RotationalEMF,1263,6.5,ok
Modelica.Electrical.Analog.Basic.SaturatingInductor,1273,6.6,ok
Modelica.Electrical.Analog.Basic.Transformer,1287,6.5,ok
Modelica.Electrical.Analog.Basic.TranslationalEMF,1264,6.5,ok
Modelica.Electrical.Analog.Basic.VCC,1261,6.5,ok
Modelica.Electrical.Analog.Basic.VCV,1261,6.5,ok
Modelica.Electrical.Analog.Basic.VariableCapacitor,1260,6.5,ok
Modelica.Electrical.Analog.Basic.VariableConductor,1281,6.6,ok
Modelica.Electrical.Analog.Basic.VariableInductor,1263,6.6,ok
Modelica.Electrical.Analog.Basic.VariableResistor,1258,6.5,ok
Modelica.Electrical.Analog.Examples.AD_DA_conversion,1255,6.6,ok
Modelica.Electrical.Analog.Examples.AmplifierWithOpAmpDetailed,1262,6.6,ok
Modelica.Electrical.Analog.Examples.CauerLowPassAnalog,1261,6.5,ok
Modelica.Electrical.Analog.Examples.CauerLowPassOPV,1362,8.8,ok
Modelica.Electrical.Analog.Examples.CauerLowPassSC,1634,26.7,ok
Modelica.Electrical.Analog.Examples.CharacteristicIdealDiodes,1292,6.5,ok
Modelica.Electrical.Analog.Examples.CharacteristicThyristors,1290,8.8,ok
Modelica.Electrical.Analog.Examples.ChuaCircuit,1272,6.5,ok
Modelica.Electrical.Analog.Examples.CompareTransformers,1281,6.6,ok
Modelica.Electrical.Analog.Examples.ControlledSwitchWithArc,1267,6.5,ok
Modelica.Electrical.Analog.Examples.DemoPowerSupply,1269,6.5,ok
Modelica.Electrical.Analog.Examples.DemoPowerSupplyWithBuffer,1222,6.5,ok
Modelica.Electrical.Analog.Examples.DemonstrateLightning,1254,6.5,ok
Modelica.Electrical.Analog.Examples.DifferenceAmplifier,1302,11,ok
Modelica.Electrical.Analog.Examples.GenerationOfFMUs,1375,28.9,ok
Modelica.Electrical.Analog.Examples.HeatingMOSInverter,1216,6.5,ok
Modelica.Electrical.Analog.Examples.HeatingNPN_NORGate,1352,8.7,ok
Modelica.Electrical.Analog.Examples.HeatingPNP_NORGate,1320,8.7,ok
Modelica.Electrical.Analog.Examples.HeatingRectifier,1258,6.5,ok
Modelica.Electrical.Analog.Examples.IdealTriacCircuit,1258,6.5,ok
Modelica.Electrical.Analog.Examples.InvertingAmp,1228,6.5,ok
Modelica.Electrical.Analog.Examples.Lines.CompareLineTrunks,1773,33.5,ok
Modelica.Electrical.Analog.Examples.Lines.CompareLosslessLines,1286,8.8,ok
Modelica.Electrical.Analog.Examples.Lines.LightningLosslessTransmissionLine,1212,6.6,ok
Modelica.Electrical.Analog.Examples.Lines.SmoothStep,2179,201.5,ok
Modelica.Electrical.Analog.Examples.NandGate,1321,8.8,ok
Modelica.Electrical.Analog.Examples.OpAmps.Adder,1279,6.5,ok
Modelica.Electrical.Analog.Examples.OpAmps.Comparator,1280,6.6,ok
Modelica.Electrical.Analog.Examples.OpAmps.ControlCircuit,1393,11,ok
Modelica.Electrical.Analog.Examples.OpAmps.DifferentialAmplifier,1225,8.7,ok
Modelica.Electrical.Analog.Examples.OpAmps.Differentiator,1271,6.5,ok
Modelica.Electrical.Analog.Examples.OpAmps.HighPass,1272,6.5,ok
Modelica.Electrical.Analog.Examples.OpAmps.Integrator,1254,6.5,ok
Modelica.Electrical.Analog.Examples.OpAmps.InvertingAmplifier,1246,6.5,ok
Modelica.Electrical.Analog.Examples.OpAmps.InvertingSchmittTrigger,1264,6.5,ok
Modelica.Electrical.Analog.Examples.OpAmps.LCOscillator,1278,6.5,ok
Modelica.Electrical.Analog.Examples.OpAmps.LowPass,1273,6.5,ok
Modelica.Electrical.Analog.Examples.OpAmps.Multivibrator,1269,6.5,ok
Modelica.Electrical.Analog.Examples.OpAmps.NonInvertingAmplifier,1265,6.5,ok
Modelica.Electrical.Analog.Examples.OpAmps.OpAmpCircuits.Add,1266,6.5,ok
Modelica.Electrical.Analog.Examples.OpAmps.OpAmpCircuits.Buffer,1197,6.5,ok
Modelica.Electrical.Analog.Examples.OpAmps.OpAmpCircuits.Der,1256,6.5,ok
Modelica.Electrical.Analog.Examples.OpAmps.OpAmpCircuits.Derivative,1261,6.5,ok
Modelica.Electrical.Analog.Examples.OpAmps.OpAmpCircuits.Feedback,1240,6.6,ok
Modelica.Electrical.Analog.Examples.OpAmps.OpAmpCircuits.FirstOrder,1279,6.5,ok
Modelica.Electrical.Analog.Examples.OpAmps.OpAmpCircuits.Gain,1272,6.5,ok
Modelica.Electrical.Analog.Examples.OpAmps.OpAmpCircuits.Integrator,1257,6.5,ok
Modelica.Electrical.Analog.Examples.OpAmps.OpAmpCircuits.PI,1256,6.5,ok
Modelica.Electrical.Analog.Examples.OpAmps.OpAmpCircuits.PartialOpAmp,1251,6.5,ok
Modelica.Electrical.Analog.Examples.OpAmps.SchmittTrigger,1302,6.5,ok
Modelica.Electrical.Analog.Examples.OpAmps.SignalGenerator,1259,6.5,ok
Modelica.Electrical.Analog.Examples.OpAmps.Subtracter,1258,6.5,ok
Modelica.Electrical.Analog.Examples.OpAmps.VoltageFollower,1297,6.5,ok
Modelica.Electrical.Analog.Examples.OvervoltageProtection,1262,6.5,ok
Modelica.Electrical.Analog.Examples.ParallelResonance,1254,6.5,ok
Modelica.Electrical.Analog.Examples.Rectifier,1221,8.8,ok
Modelica.Electrical.Analog.Examples.Resistor,1209,6.5,ok
Modelica.Electrical.Analog.Examples.ResonanceCircuits,1366,20,ok
Modelica.Electrical.Analog.Examples.SeriesResonance,1252,6.5,ok
Modelica.Electrical.Analog.Examples.ShowSaturatingInductor,1280,6.5,ok
Modelica.Electrical.Analog.Examples.ShowVariableResistor,1288,6.5,ok
Modelica.Electrical.Analog.Examples.SimpleTriacCircuit,1262,6.7,ok
Modelica.Electrical.Analog.Examples.SwitchWithArc,1311,6.5,ok
Modelica.Electrical.Analog.Examples.ThyristorBehaviourTest,1273,6.5,ok
Modelica.Electrical.Analog.Examples.Utilities.Conductor,1251,6.5,ok
Modelica.Electrical.Analog.Examples.Utilities.DirectCapacitor,1259,6.5,ok
Modelica.Electrical.Analog.Examples.Utilities.DirectInductor,1246,6.6,ok
Modelica.Electrical.Analog.Examples.Utilities.InverseCapacitor,1256,6.6,ok
Modelica.Electrical.Analog.Examples.Utilities.InverseInductor,1285,6.6,ok
Modelica.Electrical.Analog.Examples.Utilities.Nand,1258,6.8,ok
Modelica.Electrical.Analog.Examples.Utilities.NonlinearResistor,1270,6.5,ok
Modelica.Electrical.Analog.Examples.Utilities.RealSwitch,1297,6.6,ok
Modelica.Electrical.Analog.Examples.Utilities.Resistor,1270,6.5,ok
Modelica.Electrical.Analog.Examples.Utilities.SwitchedCapacitor,1276,6.5,ok
Modelica.Electrical.Analog.Examples.Utilities.Transistor,1275,6.6,ok
Modelica.Electrical.Analog.Icons.CurrentSource,1262,6.5,ok
Modelica.Electrical.Analog.Icons.VoltageSource,1250,6.6,ok
Modelica.Electrical.Analog.Ideal.AD_Converter,1265,6.5,ok
Modelica.Electrical.Analog.Ideal.CloserWithArc,1259,6.5,ok
Modelica.Electrical.Analog.Ideal.ControlledCloserWithArc,1268,6.6,ok
Modelica.Electrical.Analog.Ideal.ControlledIdealClosingSwitch,1262,6.6,ok
Modelica.Electrical.Analog.Ideal.ControlledIdealIntermediateSwitch,1270,6.5,ok
Modelica.Electrical.Analog.Ideal.ControlledIdealOpeningSwitch,1254,6.5,ok
Modelica.Electrical.Analog.Ideal.ControlledIdealTwoWaySwitch,1256,6.5,ok
Modelica.Electrical.Analog.Ideal.ControlledOpenerWithArc,1258,6.6,ok
Modelica.Electrical.Analog.Ideal.DA_Converter,1110,6.5,ok
Modelica.Electrical.Analog.Ideal.IdealClosingSwitch,1258,6.5,ok
Modelica.Electrical.Analog.Ideal.IdealDiode,1282,6.5,ok
Modelica.Electrical.Analog.Ideal.IdealGTOThyristor,1259,6.5,ok
Modelica.Electrical.Analog.Ideal.IdealIntermediateSwitch,1262,6.5,ok
Modelica.Electrical.Analog.Ideal.IdealOpAmp,1264,6.5,ok
Modelica.Electrical.Analog.Ideal.IdealOpAmp3Pin,1255,6.5,ok
Modelica.Electrical.Analog.Ideal.IdealOpAmpLimited,1254,6.5,ok
Modelica.Electrical.Analog.Ideal.IdealOpeningSwitch,1275,6.5,ok
Modelica.Electrical.Analog.Ideal.IdealThyristor,1272,6.5,ok
Modelica.Electrical.Analog.Ideal.IdealTransformer,1257,6.5,ok
Modelica.Electrical.Analog.Ideal.IdealTriac,1281,6.5,ok
Modelica.Electrical.Analog.Ideal.IdealTwoWaySwitch,1254,6.6,ok
Modelica.Electrical.Analog.Ideal.IdealizedOpAmpLimited,1252,6.6,ok
Modelica.Electrical.Analog.Ideal.Idle,1266,6.5,ok
Modelica.Electrical.Analog.Ideal.OpenerWithArc,1256,6.5,ok
Modelica.Electrical.Analog.Ideal.Short,1283,6.6,ok
Modelica.Electrical.Analog.Interfaces.AbsoluteSensor,1267,6.5,ok
Modelica.Electrical.Analog.Interfaces.ConditionalHeatPort,1252,6.5,ok
Modelica.Electrical.Analog.Interfaces.CurrentSource,1275,6.6,ok
Modelica.Electrical.Analog.Interfaces.FourPin,1271,6.5,ok
Modelica.Electrical.Analog.Interfaces.IdealSemiconductor,1258,6.5,ok
Modelica.Electrical.Analog.Interfaces.IdealSwitch,1272,6.5,ok
Modelica.Electrical.Analog.Interfaces.IdealSwitchWithArc,1257,6.5,ok
Modelica.Electrical.Analog.Interfaces.OnePort,1254,6.6,ok
Modelica.Electrical.Analog.Interfaces.PartialConditionalHeatPort,1261,6.5,ok
Modelica.Electrical.Analog.Interfaces.RelativeSensor,1262,6.6,ok
Modelica.Electrical.Analog.Interfaces.TwoPin,1274,6.5,ok
Modelica.Electrical.Analog.Interfaces.TwoPort,1264,6.5,ok
Modelica.Electrical.Analog.Interfaces.VoltageSource,1278,6.5,ok
Modelica.Electrical.Analog.Lines.M_OLine,1440,13.2,ok
Modelica.Electrical.Analog.Lines.M_OLine.segment,1286,11,ok
Modelica.Electrical.Analog.Lines.M_OLine.segment_last,1192,6.6,ok
Modelica.Electrical.Analog.Lines.OLine,1181,6.5,ok
Modelica.Electrical.Analog.Lines.TLine,1263,6.5,ok
Modelica.Electrical.Analog.Lines.TLine1,1263,6.5,ok
Modelica.Electrical.Analog.Lines.TLine2,1273,6.5,ok
Modelica.Electrical.Analog.Lines.TLine3,1263,6.5,ok
Modelica.Electrical.Analog.Lines.ULine,1048,6.5,ok
Modelica.Electrical.Analog.Semiconductors.Diode,1262,6.5,ok
Modelica.Electrical.Analog.Semiconductors.Diode2,1295,6.6,ok
Modelica.Electrical.Analog.Semiconductors.NMOS,1263,6.6,ok
Modelica.Electrical.Analog.Semiconductors.NPN,1288,6.5,ok
Modelica.Electrical.Analog.Semiconductors.PMOS,1268,6.5,ok
Modelica.Electrical.Analog.Semiconductors.PNP,1261,6.5,ok
Modelica.Electrical.Analog.Semiconductors.SimpleTriac,1285,6.5,ok
Modelica.Electrical.Analog.Semiconductors.Thyristor,1264,6.6,ok
Modelica.Electrical.Analog.Semiconductors.ZDiode,1253,6.5,ok
Modelica.Electrical.Analog.Sensors.CurrentSensor,1254,6.5,ok
Modelica.Electrical.Analog.Sensors.MultiSensor,1259,6.5,ok
Modelica.Electrical.Analog.Sensors.PotentialSensor,1262,6.5,ok
Modelica.Electrical.Analog.Sensors.PowerSensor,1263,6.6,ok
Modelica.Electrical.Analog.Sensors.VoltageSensor,1272,6.5,ok
Modelica.Electrical.Analog.Sources.ConstantCurrent,1251,6.5,ok
Modelica.Electrical.Analog.Sources.ConstantVoltage,1306,6.5,ok
Modelica.Electrical.Analog.Sources.CosineCurrent,1275,6.5,ok
Modelica.Electrical.Analog.Sources.CosineCurrentVariableFrequencyAndAmplitude,1262,6.6,ok
Modelica.Electrical.Analog.Sources.CosineVoltage,1258,6.5,ok
Modelica.Electrical.Analog.Sources.CosineVoltageVariableFrequencyAndAmplitude,1266,6.6,ok
Modelica.Electrical.Analog.Sources.DCPowerSupply,1267,6.6,ok
Modelica.Electrical.Analog.Sources.ExpSineCurrent,1283,6.6,ok
Modelica.Electrical.Analog.Sources.ExpSineVoltage,1264,6.6,ok
Modelica.Electrical.Analog.Sources.ExponentialsCurrent,1268,6.5,ok
Modelica.Electrical.Analog.Sources.ExponentialsVoltage,1254,6.5,ok
Modelica.Electrical.Analog.Sources.LightningImpulse,1296,6.5,ok
Modelica.Electrical.Analog.Sources.LightningImpulseCurrent,1260,6.5,ok
Modelica.Electrical.Analog.Sources.LightningImpulseVoltage,1256,6.5,ok
Modelica.Electrical.Analog.Sources.PulseCurrent,1244,6.5,ok
Modelica.Electrical.Analog.Sources.PulseVoltage,1272,6.5,ok
Modelica.Electrical.Analog.Sources.RampCurrent,1263,6.5,ok
Modelica.Electrical.Analog.Sources.RampVoltage,1259,6.5,ok
Modelica.Electrical.Analog.Sources.SawToothCurrent,1267,6.6,ok
Modelica.Electrical.Analog.Sources.SawToothVoltage,1256,6.5,ok
Modelica.Electrical.Analog.Sources.SignalCurrent,1260,6.6,ok
Modelica.Electrical.Analog.Sources.SignalVoltage,1268,6.5,ok
Modelica.Electrical.Analog.Sources.SineCurrent,1262,6.6,ok
Modelica.Electrical.Analog.Sources.SineCurrentVariableFrequencyAndAmplitude,1191,6.5,ok
Modelica.Electrical.Analog.Sources.SineVoltage,1286,6.6,ok
Modelica.Electrical.Analog.Sources.SineVoltageVariableFrequencyAndAmplitude,1209,6.6,ok
Modelica.Electrical.Analog.Sources.StepCurrent,1255,6.6,ok
Modelica.Electrical.Analog.Sources.StepVoltage,1234,6.6,ok
Modelica.Electrical.Analog.Sources.SupplyVoltage,1264,6.6,ok
Modelica.Electrical.Analog.Sources.TableCurrent,1211,6.6,ok
Modelica.Electrical.Analog.Sources.TableVoltage,1283,6.6,ok
Modelica.Electrical.Analog.Sources.TrapezoidCurrent,1269,6.6,ok
Modelica.Electrical.Analog.Sources.TrapezoidVoltage,1191,6.6,ok
Modelica.Electrical.Analog.UsersGuide.Contact,1272,6.6,ok
Modelica.Electrical.Analog.UsersGuide.References,1263,6.6,ok
Modelica.Electrical.Analog.UsersGuide.ReleaseNotes,1233,6.6,ok
Modelica.Electrical.Batteries.BaseClasses.BaseCellStack,1189,6.8,ok
Modelica.Electrical.Batteries.BaseClasses.BaseCellWithSensors,1196,8.8,ok
Modelica.Electrical.Batteries.BaseClasses.BaseStackWithSensors,1204,6.5,ok
Modelica.Electrical.Batteries.BatteryStacks.CellRCStack,1200,8.8,ok
Modelica.Electrical.Batteries.BatteryStacks.CellStack,1206,6.8,ok
Modelica.Electrical.Batteries.BatteryStacks.SuperCap,1274,6.5,ok
Modelica.Electrical.Batteries.BatteryStacksWithSensors.Cell,1198,8.8,ok
Modelica.Electrical.Batteries.BatteryStacksWithSensors.CellRC,1224,8.8,ok
Modelica.Electrical.Batteries.BatteryStacksWithSensors.Stack,1203,6.5,ok
Modelica.Electrical.Batteries.BatteryStacksWithSensors.StackRC,1211,8.8,ok
Modelica.Electrical.Batteries.Examples.BatteryDischargeCharge,1354,11,ok
Modelica.Electrical.Batteries.Examples.CCCV_Cell,1224,8.8,ok
Modelica.Electrical.Batteries.Examples.CCCV_CellRC,1199,6.8,ok
Modelica.Electrical.Batteries.Examples.CCCV_Stack,1747,15.9,ok
Modelica.Electrical.Batteries.Examples.CCCV_StackRC,1936,17.8,ok
Modelica.Electrical.Batteries.Examples.CCCVcharging,1226,6.5,ok
Modelica.Electrical.Batteries.Examples.ShowImpedance,1246,6.5,ok
Modelica.Electrical.Batteries.Examples.SuperCapDischargeCharge,1257,6.5,ok
Modelica.Electrical.Batteries.Icons.BatteryIcon,1256,6.5,ok
Modelica.Electrical.Batteries.Icons.TransientModel,1248,6.5,ok
Modelica.Electrical.Batteries.UsersGuide.Concept,1275,6.5,ok
Modelica.Electrical.Batteries.UsersGuide.Contact,1246,6.5,ok
Modelica.Electrical.Batteries.UsersGuide.Parameterization,1181,6.6,ok
Modelica.Electrical.Batteries.UsersGuide.References,1251,6.6,ok
Modelica.Electrical.Batteries.UsersGuide.ReleaseNotes,1260,6.5,ok
Modelica.Electrical.Batteries.Utilities.BusTranscription,1251,6.6,ok
Modelica.Electrical.Batteries.Utilities.CCCVcharger,1255,6.5,ok
Modelica.Electrical.Batteries.Utilities.Impedance,1271,6.6,ok
Modelica.Electrical.Batteries.Utilities.PulseSeries,1269,6.5,ok
Modelica.Electrical.Digital.Basic.And,1196,6.5,ok
Modelica.Electrical.Digital.Basic.Nand,1181,6.5,ok
Modelica.Electrical.Digital.Basic.Nor,1185,6.5,ok
Modelica.Electrical.Digital.Basic.Not,1196,6.5,ok
Modelica.Electrical.Digital.Basic.Or,1195,6.5,ok
Modelica.Electrical.Digital.Basic.Xnor,1200,6.5,ok
Modelica.Electrical.Digital.Basic.Xor,1174,6.5,ok
Modelica.Electrical.Digital.Converters.BooleanToLogic,1254,6.5,ok
Modelica.Electrical.Digital.Converters.LogicToBoolean,1247,6.5,ok
Modelica.Electrical.Digital.Converters.LogicToReal,1258,6.5,ok
Modelica.Electrical.Digital.Converters.LogicToUX01,1273,6.5,ok
Modelica.Electrical.Digital.Converters.LogicToX01,1246,6.6,ok
Modelica.Electrical.Digital.Converters.LogicToX01Z,1182,6.5,ok
Modelica.Electrical.Digital.Converters.RealToLogic,1263,6.5,ok
Modelica.Electrical.Digital.Delay.DelayParams,1244,6.5,ok
Modelica.Electrical.Digital.Delay.InertialDelay,1262,6.5,ok
Modelica.Electrical.Digital.Delay.InertialDelaySensitive,1182,8.7,ok
Modelica.Electrical.Digital.Delay.InertialDelaySensitiveVector,1174,8.7,ok
Modelica.Electrical.Digital.Delay.TransportDelay,1262,6.6,ok
Modelica.Electrical.Digital.Examples.Adder4,1552,13.3,ok
Modelica.Electrical.Digital.Examples.BUF3S,1283,8.7,ok
Modelica.Electrical.Digital.Examples.Counter,1293,11,ok
Modelica.Electrical.Digital.Examples.Counter3,1319,8.8,ok
Modelica.Electrical.Digital.Examples.DFFREG,1282,11,ok
Modelica.Electrical.Digital.Examples.DFFREGL,1277,11,ok
Modelica.Electrical.Digital.Examples.DFFREGSRH,1460,11,ok
Modelica.Electrical.Digital.Examples.DFFREGSRL,1468,11,ok
Modelica.Electrical.Digital.Examples.DLATREG,1294,10.9,ok
Modelica.Electrical.Digital.Examples.DLATREGL,1279,9,ok
Modelica.Electrical.Digital.Examples.DLATREGSRH,1426,11,ok
Modelica.Electrical.Digital.Examples.DLATREGSRL,1441,11.1,ok
Modelica.Electrical.Digital.Examples.FlipFlop,1196,8.7,ok
Modelica.Electrical.Digital.Examples.FullAdder,1307,11,ok
Modelica.Electrical.Digital.Examples.HalfAdder,1285,8.8,ok
Modelica.Electrical.Digital.Examples.INV3S,1287,8.8,ok
Modelica.Electrical.Digital.Examples.MUX2x1,1284,8.8,ok
Modelica.Electrical.Digital.Examples.Multiplexer,1284,8.7,ok
Modelica.Electrical.Digital.Examples.NRXFER,1273,8.7,ok
Modelica.Electrical.Digital.Examples.NXFER,1267,8.7,ok
Modelica.Electrical.Digital.Examples.RAM,1285,8.7,ok
Modelica.Electrical.Digital.Examples.Utilities.Adder,1324,8.8,ok
Modelica.Electrical.Digital.Examples.Utilities.Counter,1331,8.8,ok
Modelica.Electrical.Digital.Examples.Utilities.Counter3,1227,8.8,ok
Modelica.Electrical.Digital.Examples.Utilities.DFF,1216,6.5,ok
Modelica.Electrical.Digital.Examples.Utilities.FullAdder,1268,8.8,ok
Modelica.Electrical.Digital.Examples.Utilities.HalfAdder,1190,8.7,ok
Modelica.Electrical.Digital.Examples.Utilities.JKFF,1186,6.5,ok
Modelica.Electrical.Digital.Examples.Utilities.MUX4,1174,6.7,ok
Modelica.Electrical.Digital.Examples.Utilities.RS,1175,6.7,ok
Modelica.Electrical.Digital.Examples.Utilities.RSFF,1190,6.8,ok
Modelica.Electrical.Digital.Examples.VectorDelay,1286,8.8,ok
Modelica.Electrical.Digital.Examples.WiredX,1320,11,ok
Modelica.Electrical.Digital.Gates.AndGate,1194,8.8,ok
Modelica.Electrical.Digital.Gates.BufGate,1179,8.8,ok
Modelica.Electrical.Digital.Gates.InvGate,1258,8.7,ok
Modelica.Electrical.Digital.Gates.NandGate,1182,8.7,ok
Modelica.Electrical.Digital.Gates.NorGate,1183,8.8,ok
Modelica.Electrical.Digital.Gates.OrGate,1197,8.8,ok
Modelica.Electrical.Digital.Gates.XnorGate,1176,8.8,ok
Modelica.Electrical.Digital.Gates.XorGate,1174,8.8,ok
Modelica.Electrical.Digital.Interfaces.MIMO,1254,6.5,ok
Modelica.Electrical.Digital.Interfaces.MISO,1249,6.5,ok
Modelica.Electrical.Digital.Interfaces.MemoryBase,1168,8.8,ok
Modelica.Electrical.Digital.Interfaces.SISO,1266,6.5,ok
Modelica.Electrical.Digital.Memories.DLATRAM,1265,8.8,ok
Modelica.Electrical.Digital.Memories.DLATROM,1280,8.7,ok
Modelica.Electrical.Digital.Multiplexers.MUX2x1,1172,8.8,ok
Modelica.Electrical.Digital.Registers.DFFR,1187,6.5,ok
Modelica.Electrical.Digital.Registers.DFFREG,1169,8.8,ok
Modelica.Electrical.Digital.Registers.DFFREGL,1187,8.8,ok
Modelica.Electrical.Digital.Registers.DFFREGSRH,1268,8.8,ok
Modelica.Electrical.Digital.Registers.DFFREGSRL,1201,8.8,ok
Modelica.Electrical.Digital.Registers.DFFSR,1181,8.7,ok
Modelica.Electrical.Digital.Registers.DLATR,1187,6.5,ok
Modelica.Electrical.Digital.Registers.DLATREG,1176,8.8,ok
Modelica.Electrical.Digital.Registers.DLATREGL,1175,8.8,ok
Modelica.Electrical.Digital.Registers.DLATREGSRH,1218,8.8,ok
Modelica.Electrical.Digital.Registers.DLATREGSRL,1268,8.8,ok
Modelica.Electrical.Digital.Registers.DLATSR,1182,6.7,ok
Modelica.Electrical.Digital.Sources.DigitalClock,1253,6.5,ok
Modelica.Electrical.Digital.Sources.Pulse,1258,6.5,ok
Modelica.Electrical.Digital.Sources.Set,1262,6.5,ok
Modelica.Electrical.Digital.Sources.Step,1251,6.6,ok
Modelica.Electrical.Digital.Sources.Table,1186,6.5,ok
Modelica.Electrical.Digital.Tristates.BUF3S,1166,8.8,ok
Modelica.Electrical.Digital.Tristates.BUF3SL,1176,8.8,ok
Modelica.Electrical.Digital.Tristates.INV3S,1192,8.8,ok
Modelica.Electrical.Digital.Tristates.INV3SL,1187,8.8,ok
Modelica.Electrical.Digital.Tristates.NRXFERGATE,1170,8.8,ok
Modelica.Electrical.Digital.Tristates.NXFERGATE,1164,8.8,ok
Modelica.Electrical.Digital.Tristates.PRXFERGATE,1176,8.8,ok
Modelica.Electrical.Digital.Tristates.PXFERGATE,1175,8.8,ok
Modelica.Electrical.Digital.Tristates.WiredX,1188,6.6,ok
Modelica.Electrical.Digital.UsersGuide.Contact,1254,6.6,ok
Modelica.Electrical.Digital.UsersGuide.Literature,1253,6.5,ok
Modelica.Electrical.Digital.UsersGuide.ReleaseNotes,1264,6.5,ok
Modelica.Electrical.Machines.BasicMachines.Components.AirGapDC,1254,6.6,ok
Modelica.Electrical.Machines.BasicMachines.Components.AirGapR,1276,6.5,ok
Modelica.Electrical.Machines.BasicMachines.Components.AirGapS,1269,6.5,ok
Modelica.Electrical.Machines.BasicMachines.Components.CompoundDCExcitation,1263,6.5,ok
Modelica.Electrical.Machines.BasicMachines.Components.DamperCage,1256,6.5,ok
Modelica.Electrical.Machines.BasicMachines.Components.ElectricalExcitation,1272,6.5,ok
Modelica.Electrical.Machines.BasicMachines.Components.IdealCore,1250,6.5,ok
Modelica.Electrical.Machines.BasicMachines.Components.Inductor,1252,6.5,ok
Modelica.Electrical.Machines.BasicMachines.Components.InductorDC,1252,6.5,ok
Modelica.Electrical.Machines.BasicMachines.Components.PartialAirGap,1264,6.5,ok
Modelica.Electrical.Machines.BasicMachines.Components.PartialAirGapDC,1267,6.6,ok
Modelica.Electrical.Machines.BasicMachines.Components.PartialCore,1307,6.6,ok
Modelica.Electrical.Machines.BasicMachines.Components.PermanentMagnet,1254,6.6,ok
Modelica.Electrical.Machines.BasicMachines.Components.PermanentMagnetWithLosses,1251,6.5,ok
Modelica.Electrical.Machines.BasicMachines.Components.SquirrelCage,1255,6.5,ok
Modelica.Electrical.Machines.BasicMachines.DCMachines.DC_ElectricalExcited,1310,8.8,ok
Modelica.Electrical.Machines.BasicMachines.DCMachines.DC_PermanentMagnet,1229,8.8,ok
Modelica.Electrical.Machines.BasicMachines.DCMachines.DC_SeriesExcited,1296,8.8,ok
Modelica.Electrical.Machines.BasicMachines.InductionMachines.IM_SlipRing,1372,20,ok
Modelica.Electrical.Machines.BasicMachines.InductionMachines.IM_SquirrelCage,1321,13.2,ok
Modelica.Electrical.Machines.BasicMachines.QuasiStaticDCMachines.DC_ElectricalExcited,1313,8.8,ok
Modelica.Electrical.Machines.BasicMachines.QuasiStaticDCMachines.DC_PermanentMagnet,1231,8.8,ok
Modelica.Electrical.Machines.BasicMachines.QuasiStaticDCMachines.DC_SeriesExcited,1290,8.8,ok
Modelica.Electrical.Machines.BasicMachines.SynchronousMachines.SM_ElectricalExcited,1349,11,ok
Modelica.Electrical.Machines.BasicMachines.SynchronousMachines.SM_PermanentMagnet,1314,11,ok
Modelica.Electrical.Machines.BasicMachines.SynchronousMachines.SM_ReluctanceRotor,1224,11.1,ok
Modelica.Electrical.Machines.BasicMachines.Transformers.Dd.Dd00,1338,15.5,ok
Modelica.Electrical.Machines.BasicMachines.Transformers.Dd.Dd02,1358,15.5,ok
Modelica.Electrical.Machines.BasicMachines.Transformers.Dd.Dd04,1331,15.6,ok
Modelica.Electrical.Machines.BasicMachines.Transformers.Dd.Dd06,1338,15.4,ok
Modelica.Electrical.Machines.BasicMachines.Transformers.Dd.Dd08,1355,15.6,ok
Modelica.Electrical.Machines.BasicMachines.Transformers.Dd.Dd10,1322,15.6,ok
Modelica.Electrical.Machines.BasicMachines.Transformers.Dy.Dy01,1331,15.4,ok
Modelica.Electrical.Machines.BasicMachines.Transformers.Dy.Dy03,1327,15.5,ok
Modelica.Electrical.Machines.BasicMachines.Transformers.Dy.Dy05,1354,15.5,ok
Modelica.Electrical.Machines.BasicMachines.Transformers.Dy.Dy07,1327,15.6,ok
Modelica.Electrical.Machines.BasicMachines.Transformers.Dy.Dy09,1335,15.5,ok
Modelica.Electrical.Machines.BasicMachines.Transformers.Dy.Dy11,1318,15.5,ok
Modelica.Electrical.Machines.BasicMachines.Transformers.Dz.Dz00,1334,15.5,ok
Modelica.Electrical.Machines.BasicMachines.Transformers.Dz.Dz02,1357,15.5,ok
Modelica.Electrical.Machines.BasicMachines.Transformers.Dz.Dz04,1331,15.5,ok
Modelica.Electrical.Machines.BasicMachines.Transformers.Dz.Dz06,1353,15.5,ok
Modelica.Electrical.Machines.BasicMachines.Transformers.Dz.Dz08,1349,15.5,ok
Modelica.Electrical.Machines.BasicMachines.Transformers.Dz.Dz10,1344,15.5,ok
Modelica.Electrical.Machines.BasicMachines.Transformers.Yd.Yd01,1330,15.5,ok
Modelica.Electrical.Machines.BasicMachines.Transformers.Yd.Yd03,1371,15.5,ok
Modelica.Electrical.Machines.BasicMachines.Transformers.Yd.Yd05,1332,15.5,ok
Modelica.Electrical.Machines.BasicMachines.Transformers.Yd.Yd07,1332,15.5,ok
Modelica.Electrical.Machines.BasicMachines.Transformers.Yd.Yd09,1336,15.5,ok
Modelica.Electrical.Machines.BasicMachines.Transformers.Yd.Yd11,1327,15.5,ok
Modelica.Electrical.Machines.BasicMachines.Transformers.Yy.Yy00,1315,15.5,ok
Modelica.Electrical.Machines.BasicMachines.Transformers.Yy.Yy02,1323,15.5,ok
Modelica.Electrical.Machines.BasicMachines.Transformers.Yy.Yy04,1330,15.5,ok
Modelica.Electrical.Machines.BasicMachines.Transformers.Yy.Yy06,1321,15.5,ok
Modelica.Electrical.Machines.BasicMachines.Transformers.Yy.Yy08,1349,15.5,ok
Modelica.Electrical.Machines.BasicMachines.Transformers.Yy.Yy10,1339,15.5,ok
Modelica.Electrical.Machines.BasicMachines.Transformers.Yz.Yz01,1333,15.5,ok
Modelica.Electrical.Machines.BasicMachines.Transformers.Yz.Yz03,1338,15.5,ok
Modelica.Electrical.Machines.BasicMachines.Transformers.Yz.Yz05,1330,15.5,ok
Modelica.Electrical.Machines.BasicMachines.Transformers.Yz.Yz07,1329,15.5,ok
Modelica.Electrical.Machines.BasicMachines.Transformers.Yz.Yz09,1351,15.6,ok
Modelica.Electrical.Machines.BasicMachines.Transformers.Yz.Yz11,1331,15.5,ok
Modelica.Electrical.Machines.Examples.ControlledDCDrives.CurrentControlledDCPM,1411,15.5,ok
Modelica.Electrical.Machines.Examples.ControlledDCDrives.PositionControlledDCPM,1454,22.2,ok
Modelica.Electrical.Machines.Examples.ControlledDCDrives.SpeedControlledDCPM,1433,17.8,ok
Modelica.Electrical.Machines.Examples.ControlledDCDrives.Utilities.DcdcInverter,1238,6.5,ok
Modelica.Electrical.Machines.Examples.ControlledDCDrives.Utilities.IdealDcDc,1267,6.5,ok
Modelica.Electrical.Machines.Examples.ControlledDCDrives.Utilities.LimitedPI,1271,6.5,ok
Modelica.Electrical.Machines.Examples.ControlledDCDrives.Utilities.PartialControlledDCPM,1391,15.6,ok
Modelica.Electrical.Machines.Examples.ControlledDCDrives.Utilities.SwitchingDcDc,1322,8.8,ok
Modelica.Electrical.Machines.Examples.DCMachines.DCEE_Start,1321,11,ok
Modelica.Electrical.Machines.Examples.DCMachines.DCPM_Cooling,1362,11,ok
Modelica.Electrical.Machines.Examples.DCMachines.DCPM_CurrentControlled,1322,11,ok
Modelica.Electrical.Machines.Examples.DCMachines.DCPM_Drive,1545,33.7,ok
Modelica.Electrical.Machines.Examples.DCMachines.DCPM_QuasiStatic,1441,15.5,ok
Modelica.Electrical.Machines.Examples.DCMachines.DCPM_Start,1309,8.8,ok
Modelica.Electrical.Machines.Examples.DCMachines.DCPM_Temperature,1305,8.7,ok
Modelica.Electrical.Machines.Examples.DCMachines.DCPM_withLosses,1414,17.8,ok
Modelica.Electrical.Machines.Examples.DCMachines.DCSE_SinglePhase,1332,11,ok
Modelica.Electrical.Machines.Examples.DCMachines.DCSE_Start,1316,11.1,ok
Modelica.Electrical.Machines.Examples.DCMachines.DC_CompareCharacteristics,1558,51.3,ok
Modelica.Electrical.Machines.Examples.InductionMachines.IMC_Conveyor,1450,24.4,ok
Modelica.Electrical.Machines.Examples.InductionMachines.IMC_DCBraking,1382,20,ok
Modelica.Electrical.Machines.Examples.InductionMachines.IMC_DOL,1462,26.8,ok
Modelica.Electrical.Machines.Examples.InductionMachines.IMC_Initialize,1428,22.4,ok
Modelica.Electrical.Machines.Examples.InductionMachines.IMC_Inverter,1423,22.2,ok
Modelica.Electrical.Machines.Examples.InductionMachines.IMC_InverterDrive,1723,55.9,ok
Modelica.Electrical.Machines.Examples.InductionMachines.IMC_Steinmetz,1431,26.9,ok
Modelica.Electrical.Machines.Examples.InductionMachines.IMC_Transformer,1642,47.1,ok
Modelica.Electrical.Machines.Examples.InductionMachines.IMC_YD,1502,33.9,ok
Modelica.Electrical.Machines.Examples.InductionMachines.IMC_YDarc,1560,46.8,ok
Modelica.Electrical.Machines.Examples.InductionMachines.IMC_withLosses,1477,24.5,ok
Modelica.Electrical.Machines.Examples.InductionMachines.IMS_Start,1601,44.7,ok
Modelica.Electrical.Machines.Examples.SynchronousMachines.SMEE_DOL,1545,33.7,ok
Modelica.Electrical.Machines.Examples.SynchronousMachines.SMEE_Generator,1522,31.1,ok
Modelica.Electrical.Machines.Examples.SynchronousMachines.SMEE_LoadDump,1565,40.2,ok
Modelica.Electrical.Machines.Examples.SynchronousMachines.SMEE_Rectifier,1541,35.7,ok
Modelica.Electrical.Machines.Examples.SynchronousMachines.SMPM_Braking,1529,28.9,ok
Modelica.Electrical.Machines.Examples.SynchronousMachines.SMPM_CurrentSource,1514,24.4,ok
Modelica.Electrical.Machines.Examples.SynchronousMachines.SMPM_Inverter,1476,22.2,ok
Modelica.Electrical.Machines.Examples.SynchronousMachines.SMPM_NoLoad,1402,17.7,ok
Modelica.Electrical.Machines.Examples.SynchronousMachines.SMPM_ResistiveBraking,1530,33.3,ok
Modelica.Electrical.Machines.Examples.SynchronousMachines.SMPM_VoltageSource,1550,31.1,ok
Modelica.Electrical.Machines.Examples.SynchronousMachines.SMR_DOL,1480,24.5,ok
Modelica.Electrical.Machines.Examples.SynchronousMachines.SMR_Inverter,1443,22.1,ok
Modelica.Electrical.Machines.Examples.Transformers.AsymmetricalLoad,1408,20.3,ok
Modelica.Electrical.Machines.Examples.Transformers.IMC_Transformer,1642,44.7,ok
Modelica.Electrical.Machines.Examples.Transformers.Rectifier12pulse,1558,47,ok
Modelica.Electrical.Machines.Examples.Transformers.Rectifier6pulse,1509,29,ok
Modelica.Electrical.Machines.Examples.Transformers.TransformerTestbench,1556,33.3,ok
Modelica.Electrical.Machines.Icons.Drive,1265,6.5,ok
Modelica.Electrical.Machines.Icons.FundamentalWaveMachine,1275,6.5,ok
Modelica.Electrical.Machines.Icons.Machine,1298,6.5,ok
Modelica.Electrical.Machines.Icons.QuasiStaticFundamentalWaveMachine,1257,6.5,ok
Modelica.Electrical.Machines.Icons.QuasiStaticMachine,1251,6.5,ok
Modelica.Electrical.Machines.Icons.QuasiStaticTransformer,1240,6.5,ok
Modelica.Electrical.Machines.Icons.TransientMachine,1273,6.5,ok
Modelica.Electrical.Machines.Icons.TransientTransformer,1283,6.6,ok
Modelica.Electrical.Machines.Interfaces.DCMachines.PartialThermalAmbientDCMachines,1264,6.5,ok
Modelica.Electrical.Machines.Interfaces.FlangeSupport,1257,6.5,ok
Modelica.Electrical.Machines.Interfaces.InductionMachines.PartialThermalAmbientInductionMachines,1256,6.5,ok
Modelica.Electrical.Machines.Interfaces.PartialBasicDCMachine,1209,8.8,ok
Modelica.Electrical.Machines.Interfaces.PartialBasicInductionMachine,1316,11,ok
Modelica.Electrical.Machines.Interfaces.PartialBasicMachine,1209,6.5,ok
Modelica.Electrical.Machines.Interfaces.PartialBasicTransformer,1321,15.5,ok
Modelica.Electrical.Machines.Losses.DCMachines.Brush,1250,6.5,ok
Modelica.Electrical.Machines.Losses.DCMachines.Core,1279,6.5,ok
Modelica.Electrical.Machines.Losses.DCMachines.StrayLoad,1269,6.5,ok
Modelica.Electrical.Machines.Losses.Friction,1266,6.5,ok
Modelica.Electrical.Machines.Losses.InductionMachines.Brush,1258,6.5,ok
Modelica.Electrical.Machines.Losses.InductionMachines.Core,1263,6.5,ok
Modelica.Electrical.Machines.Losses.InductionMachines.PermanentMagnetLosses,1254,6.5,ok
Modelica.Electrical.Machines.Losses.InductionMachines.StrayLoad,1261,6.5,ok
Modelica.Electrical.Machines.Sensors.CurrentQuasiRMSSensor,1187,6.5,ok
Modelica.Electrical.Machines.Sensors.ElectricalPowerSensor,1269,6.5,ok
Modelica.Electrical.Machines.Sensors.HallSensor,1280,6.5,ok
Modelica.Electrical.Machines.Sensors.MechanicalPowerSensor,1258,6.5,ok
Modelica.Electrical.Machines.Sensors.RotorDisplacementAngle,1247,6.5,ok
Modelica.Electrical.Machines.Sensors.SinCosResolver,1261,6.5,ok
Modelica.Electrical.Machines.Sensors.VoltageQuasiRMSSensor,1202,6.5,ok
Modelica.Electrical.Machines.SpacePhasors.Blocks.FromPolar,1267,6.5,ok
Modelica.Electrical.Machines.SpacePhasors.Blocks.FromSpacePhasor,1263,6.5,ok
Modelica.Electrical.Machines.SpacePhasors.Blocks.LessThreshold,1254,6.5,ok
Modelica.Electrical.Machines.SpacePhasors.Blocks.QuasiRMS,1208,6.5,ok
Modelica.Electrical.Machines.SpacePhasors.Blocks.Rotator,1254,6.6,ok
Modelica.Electrical.Machines.SpacePhasors.Blocks.ToPolar,1257,6.6,ok
Modelica.Electrical.Machines.SpacePhasors.Blocks.ToSpacePhasor,1254,6.5,ok
Modelica.Electrical.Machines.SpacePhasors.Components.Rotator,1275,6.5,ok
Modelica.Electrical.Machines.SpacePhasors.Components.SpacePhasor,1255,6.5,ok
Modelica.Electrical.Machines.Thermal.DCMachines.ThermalAmbientDCCE,1299,6.5,ok
Modelica.Electrical.Machines.Thermal.DCMachines.ThermalAmbientDCEE,1259,6.5,ok
Modelica.Electrical.Machines.Thermal.DCMachines.ThermalAmbientDCPM,1253,6.5,ok
Modelica.Electrical.Machines.Thermal.DCMachines.ThermalAmbientDCSE,1280,6.5,ok
Modelica.Electrical.Machines.Thermal.InductionMachines.ThermalAmbientIMC,1264,6.5,ok
Modelica.Electrical.Machines.Thermal.InductionMachines.ThermalAmbientIMS,1238,6.5,ok
Modelica.Electrical.Machines.Thermal.SynchronousMachines.ThermalAmbientSMEE,1254,6.5,ok
Modelica.Electrical.Machines.Thermal.SynchronousMachines.ThermalAmbientSMPM,1265,6.5,ok
Modelica.Electrical.Machines.Thermal.SynchronousMachines.ThermalAmbientSMR,1269,6.5,ok
Modelica.Electrical.Machines.Thermal.ThermalAmbientTransformer,1276,6.6,ok
Modelica.Electrical.Machines.UsersGuide.Concept,1267,6.5,ok
Modelica.Electrical.Machines.UsersGuide.Contact,1296,6.5,ok
Modelica.Electrical.Machines.UsersGuide.Discrimination,1254,6.5,ok
Modelica.Electrical.Machines.UsersGuide.References,1270,6.5,ok
Modelica.Electrical.Machines.UsersGuide.ReleaseNotes,1277,6.5,ok
Modelica.Electrical.Machines.Utilities.Coupling,1310,6.5,ok
Modelica.Electrical.Machines.Utilities.DQCurrentController,1200,6.8,ok
Modelica.Electrical.Machines.Utilities.DQToThreePhase,1218,6.5,ok
Modelica.Electrical.Machines.Utilities.FromDQ,1243,6.5,ok
Modelica.Electrical.Machines.Utilities.MultiTerminalBox,1258,6.5,ok
Modelica.Electrical.Machines.Utilities.RampedRheostat,1186,8.8,ok
Modelica.Electrical.Machines.Utilities.SinCosEvaluation,1246,6.5,ok
Modelica.Electrical.Machines.Utilities.SwitchYD,1221,11,ok
Modelica.Electrical.Machines.Utilities.SwitchYDwithArc,1213,15.4,ok
Modelica.Electrical.Machines.Utilities.SwitchedRheostat,1208,11,ok
Modelica.Electrical.Machines.Utilities.TerminalBox,1179,6.6,ok
Modelica.Electrical.Machines.Utilities.ToDQ,1193,6.6,ok
Modelica.Electrical.Machines.Utilities.VfController,1267,6.6,ok
Modelica.Electrical.Polyphase.Basic.Capacitor,1197,6.6,ok
Modelica.Electrical.Polyphase.Basic.Conductor,1186,8.8,ok
Modelica.Electrical.Polyphase.Basic.Delta,1271,6.6,ok
Modelica.Electrical.Polyphase.Basic.Inductor,1207,6.5,ok
Modelica.Electrical.Polyphase.Basic.MultiDelta,1270,6.6,ok
Modelica.Electrical.Polyphase.Basic.MultiStar,1253,6.6,ok
Modelica.Electrical.Polyphase.Basic.MultiStarResistance,1187,6.8,ok
Modelica.Electrical.Polyphase.Basic.MutualInductor,1262,6.6,ok
Modelica.Electrical.Polyphase.Basic.PlugToPin_n,1266,6.6,ok
Modelica.Electrical.Polyphase.Basic.PlugToPin_p,1253,6.5,ok
Modelica.Electrical.Polyphase.Basic.PlugToPins_n,1257,6.5,ok
Modelica.Electrical.Polyphase.Basic.PlugToPins_p,1251,6.6,ok
Modelica.Electrical.Polyphase.Basic.Resistor,1193,8.8,ok
Modelica.Electrical.Polyphase.Basic.SaturatingInductor,1202,6.5,ok
Modelica.Electrical.Polyphase.Basic.SplitToSubsystems,1258,6.5,ok
Modelica.Electrical.Polyphase.Basic.Star,1264,6.6,ok
Modelica.Electrical.Polyphase.Basic.Transformer,1201,8.8,ok
Modelica.Electrical.Polyphase.Basic.VariableCapacitor,1214,6.5,ok
Modelica.Electrical.Polyphase.Basic.VariableConductor,1196,8.8,ok
Modelica.Electrical.Polyphase.Basic.VariableInductor,1201,6.5,ok
Modelica.Electrical.Polyphase.Basic.VariableResistor,1226,6.8,ok
Modelica.Electrical.Polyphase.Basic.ZeroInductor,1251,6.6,ok
Modelica.Electrical.Polyphase.Blocks.QuasiRMS,1269,6.5,ok
Modelica.Electrical.Polyphase.Examples.PolyphaseRectifier,1998,253.6,ok
Modelica.Electrical.Polyphase.Examples.Rectifier,1512,24.6,ok
Modelica.Electrical.Polyphase.Examples.TestSensors,1427,24.5,ok
Modelica.Electrical.Polyphase.Examples.TransformerYD,1354,15.8,ok
Modelica.Electrical.Polyphase.Examples.TransformerYY,1371,15.6,ok
Modelica.Electrical.Polyphase.Examples.Utilities.AnalysatorAC,1496,22.3,ok
Modelica.Electrical.Polyphase.Examples.Utilities.AnalysatorDC,1243,6.5,ok
Modelica.Electrical.Polyphase.Ideal.CloserWithArc,1287,8.8,ok
Modelica.Electrical.Polyphase.Ideal.IdealClosingSwitch,1228,6.5,ok
Modelica.Electrical.Polyphase.Ideal.IdealCommutingSwitch,1192,6.8,ok
Modelica.Electrical.Polyphase.Ideal.IdealDiode,1189,8.8,ok
Modelica.Electrical.Polyphase.Ideal.IdealGTOThyristor,1190,8.8,ok
Modelica.Electrical.Polyphase.Ideal.IdealIntermediateSwitch,1206,8.8,ok
Modelica.Electrical.Polyphase.Ideal.IdealOpeningSwitch,1197,6.9,ok
Modelica.Electrical.Polyphase.Ideal.IdealThyristor,1213,8.8,ok
Modelica.Electrical.Polyphase.Ideal.IdealTransformer,1203,6.6,ok
Modelica.Electrical.Polyphase.Ideal.Idle,1254,6.6,ok
Modelica.Electrical.Polyphase.Ideal.OpenerWithArc,1305,8.8,ok
Modelica.Electrical.Polyphase.Ideal.Short,1253,6.5,ok
Modelica.Electrical.Polyphase.Interfaces.ConditionalHeatPort,1212,6.5,ok
Modelica.Electrical.Polyphase.Interfaces.FourPlug,1261,6.6,ok
Modelica.Electrical.Polyphase.Interfaces.OnePort,1255,6.5,ok
Modelica.Electrical.Polyphase.Interfaces.TwoPlug,1256,6.5,ok
Modelica.Electrical.Polyphase.Interfaces.TwoPort,1257,6.6,ok
Modelica.Electrical.Polyphase.Sensors.AronSensor,1258,6.6,ok
Modelica.Electrical.Polyphase.Sensors.CurrentQuasiRMSSensor,1223,6.6,ok
Modelica.Electrical.Polyphase.Sensors.CurrentSensor,1253,6.5,ok
Modelica.Electrical.Polyphase.Sensors.MultiSensor,1267,6.6,ok
Modelica.Electrical.Polyphase.Sensors.PotentialSensor,1253,6.6,ok
Modelica.Electrical.Polyphase.Sensors.PowerSensor,1214,6.5,ok
Modelica.Electrical.Polyphase.Sensors.ReactivePowerSensor,1200,8.7,ok
Modelica.Electrical.Polyphase.Sensors.VoltageQuasiRMSSensor,1259,6.5,ok
Modelica.Electrical.Polyphase.Sensors.VoltageSensor,1256,6.5,ok
Modelica.Electrical.Polyphase.Sources.ConstantCurrent,1205,6.5,ok
Modelica.Electrical.Polyphase.Sources.ConstantVoltage,1207,6.5,ok
Modelica.Electrical.Polyphase.Sources.CosineCurrent,1193,8.7,ok
Modelica.Electrical.Polyphase.Sources.CosineVoltage,1193,8.8,ok
Modelica.Electrical.Polyphase.Sources.SignalCurrent,1247,6.5,ok
Modelica.Electrical.Polyphase.Sources.SignalVoltage,1275,6.6,ok
Modelica.Electrical.Polyphase.Sources.SineCurrent,1210,8.8,ok
Modelica.Electrical.Polyphase.Sources.SineVoltage,1187,8.7,ok
Modelica.Electrical.Polyphase.UsersGuide.Contact,1253,6.5,ok
Modelica.Electrical.Polyphase.UsersGuide.PhaseOrientation,1250,6.5,ok
Modelica.Electrical.Polyphase.UsersGuide.References,1260,6.5,ok
Modelica.Electrical.Polyphase.UsersGuide.ReleaseNotes,1253,6.5,ok
Modelica.Electrical.PowerConverters.ACAC.Control.SoftStartControl,1253,6.5,ok
Modelica.Electrical.PowerConverters.ACAC.Control.VoltageToAngle,1194,6.5,ok
Modelica.Electrical.PowerConverters.ACAC.PolyphaseTriac,1230,8.8,ok
Modelica.Electrical.PowerConverters.ACAC.SinglePhaseTriac,1260,6.5,ok
Modelica.Electrical.PowerConverters.ACDC.Control.Filter,1206,11,ok
Modelica.Electrical.PowerConverters.ACDC.Control.Signal2mPulse,1321,17.7,ok
Modelica.Electrical.PowerConverters.ACDC.Control.VoltageBridge2Pulse,1218,11,ok
Modelica.Electrical.PowerConverters.ACDC.Control.VoltageBridge2mPulse,1317,17.8,ok
Modelica.Electrical.PowerConverters.ACDC.Control.VoltageCenterTap2mPulse,1325,17.7,ok
Modelica.Electrical.PowerConverters.ACDC.DiodeBridge2Pulse,1283,6.5,ok
Modelica.Electrical.PowerConverters.ACDC.DiodeBridge2mPulse,1292,11,ok
Modelica.Electrical.PowerConverters.ACDC.DiodeCenterTap2Pulse,1269,6.6,ok
Modelica.Electrical.PowerConverters.ACDC.DiodeCenterTap2mPulse,1290,11.1,ok
Modelica.Electrical.PowerConverters.ACDC.DiodeCenterTapmPulse,1311,8.8,ok
Modelica.Electrical.PowerConverters.ACDC.HalfControlledBridge2Pulse,1261,6.5,ok
Modelica.Electrical.PowerConverters.ACDC.HalfControlledBridge2mPulse,1329,11.3,ok
Modelica.Electrical.PowerConverters.ACDC.ThyristorBridge2Pulse,1254,6.6,ok
Modelica.Electrical.PowerConverters.ACDC.ThyristorBridge2mPulse,1256,13.2,ok
Modelica.Electrical.PowerConverters.ACDC.ThyristorCenterTap2Pulse,1250,6.5,ok
Modelica.Electrical.PowerConverters.ACDC.ThyristorCenterTap2mPulse,1211,13.2,ok
Modelica.Electrical.PowerConverters.ACDC.ThyristorCenterTapmPulse,1246,8.8,ok
Modelica.Electrical.PowerConverters.DCAC.Control.IntersectivePWM,1234,6.5,ok
Modelica.Electrical.PowerConverters.DCAC.Control.PWM,1273,6.5,ok
Modelica.Electrical.PowerConverters.DCAC.Control.SVPWM,1257,6.5,ok
Modelica.Electrical.PowerConverters.DCAC.Polyphase2Level,1367,15.5,ok
Modelica.Electrical.PowerConverters.DCAC.SinglePhase2Level,1234,6.5,ok
Modelica.Electrical.PowerConverters.DCDC.ChopperBuckBoost,1274,6.5,ok
Modelica.Electrical.PowerConverters.DCDC.ChopperStepDown,1253,6.5,ok
Modelica.Electrical.PowerConverters.DCDC.ChopperStepUp,1255,6.6,ok
Modelica.Electrical.PowerConverters.DCDC.Control.SignalPWM,1266,6.5,ok
Modelica.Electrical.PowerConverters.DCDC.Control.Voltage2DutyCycle,1263,6.5,ok
Modelica.Electrical.PowerConverters.DCDC.HBridge,1218,8.8,ok
Modelica.Electrical.PowerConverters.Enable.EnableLogic,1258,6.5,ok
Modelica.Electrical.PowerConverters.Examples.ACAC.Dimmer_R,1359,17.7,ok
Modelica.Electrical.PowerConverters.Examples.ACAC.Dimmer_RL,1383,17.7,ok
Modelica.Electrical.PowerConverters.Examples.ACAC.ExampleTemplates.Dimmer,1376,17.8,ok
Modelica.Electrical.PowerConverters.Examples.ACAC.SoftStarter,1886,178.4,ok
Modelica.Electrical.PowerConverters.Examples.ACDC.ExampleTemplates.Thyristor1Pulse,1323,8.8,ok
Modelica.Electrical.PowerConverters.Examples.ACDC.ExampleTemplates.ThyristorBridge2Pulse,1298,8.7,ok
Modelica.Electrical.PowerConverters.Examples.ACDC.ExampleTemplates.ThyristorBridge2mPulse,1481,20,ok
Modelica.Electrical.PowerConverters.Examples.ACDC.ExampleTemplates.ThyristorCenterTap2Pulse,1291,9,ok
Modelica.Electrical.PowerConverters.Examples.ACDC.ExampleTemplates.ThyristorCenterTap2mPulse,1483,22.1,ok
Modelica.Electrical.PowerConverters.Examples.ACDC.ExampleTemplates.ThyristorCenterTapmPulse,1347,15.5,ok
Modelica.Electrical.PowerConverters.Examples.ACDC.Rectifier1Pulse.Thyristor1Pulse_R,1288,8.8,ok
Modelica.Electrical.PowerConverters.Examples.ACDC.Rectifier1Pulse.Thyristor1Pulse_R_Characteristic,1215,8.8,ok
Modelica.Electrical.PowerConverters.Examples.ACDC.RectifierBridge2Pulse.DiodeBridge2Pulse,1236,8.7,ok
Modelica.Electrical.PowerConverters.Examples.ACDC.RectifierBridge2Pulse.HalfControlledBridge2Pulse,1302,8.8,ok
Modelica.Electrical.PowerConverters.Examples.ACDC.RectifierBridge2Pulse.ThyristorBridge2Pulse_DC_Drive,1420,26.7,ok
Modelica.Electrical.PowerConverters.Examples.ACDC.RectifierBridge2Pulse.ThyristorBridge2Pulse_R,1296,8.8,ok
Modelica.Electrical.PowerConverters.Examples.ACDC.RectifierBridge2Pulse.ThyristorBridge2Pulse_RL,1287,8.8,ok
Modelica.Electrical.PowerConverters.Examples.ACDC.RectifierBridge2Pulse.ThyristorBridge2Pulse_RLV,1298,8.8,ok
Modelica.Electrical.PowerConverters.Examples.ACDC.RectifierBridge2Pulse.ThyristorBridge2Pulse_RLV_Characteristic,1296,9,ok
Modelica.Electrical.PowerConverters.Examples.ACDC.RectifierBridge2mPulse.DiodeBridge2mPulse,1379,15.5,ok
Modelica.Electrical.PowerConverters.Examples.ACDC.RectifierBridge2mPulse.HalfControlledBridge2mPulse,1469,19.9,ok
Modelica.Electrical.PowerConverters.Examples.ACDC.RectifierBridge2mPulse.ThyristorBridge2mPulse_DC_Drive,1663,111.6,ok
Modelica.Electrical.PowerConverters.Examples.ACDC.RectifierBridge2mPulse.ThyristorBridge2mPulse_R,1478,20.1,ok
Modelica.Electrical.PowerConverters.Examples.ACDC.RectifierBridge2mPulse.ThyristorBridge2mPulse_RL,1474,22.2,ok
Modelica.Electrical.PowerConverters.Examples.ACDC.RectifierBridge2mPulse.ThyristorBridge2mPulse_RLV,1513,20.2,ok
Modelica.Electrical.PowerConverters.Examples.ACDC.RectifierBridge2mPulse.ThyristorBridge2mPulse_RLV_Characteristic,1500,22.2,ok
Modelica.Electrical.PowerConverters.Examples.ACDC.RectifierCenterTap2Pulse.DiodeCenterTap2Pulse,1301,8.8,ok
Modelica.Electrical.PowerConverters.Examples.ACDC.RectifierCenterTap2Pulse.ThyristorCenterTap2Pulse_R,1328,9,ok
Modelica.Electrical.PowerConverters.Examples.ACDC.RectifierCenterTap2Pulse.ThyristorCenterTap2Pulse_RL,1296,10.9,ok
Modelica.Electrical.PowerConverters.Examples.ACDC.RectifierCenterTap2Pulse.ThyristorCenterTap2Pulse_RLV,1293,9,ok
Modelica.Electrical.PowerConverters.Examples.ACDC.RectifierCenterTap2Pulse.ThyristorCenterTap2Pulse_RLV_Characteristic,1289,11,ok
Modelica.Electrical.PowerConverters.Examples.ACDC.RectifierCenterTap2mPulse.DiodeCenterTap2mPulse,1346,17.7,ok
Modelica.Electrical.PowerConverters.Examples.ACDC.RectifierCenterTap2mPulse.ThyristorCenterTap2mPulse_R,1497,22.2,ok
Modelica.Electrical.PowerConverters.Examples.ACDC.RectifierCenterTap2mPulse.ThyristorCenterTap2mPulse_RL,1493,22.2,ok
Modelica.Electrical.PowerConverters.Examples.ACDC.RectifierCenterTap2mPulse.ThyristorCenterTap2mPulse_RLV,1496,22.2,ok
Modelica.Electrical.PowerConverters.Examples.ACDC.RectifierCenterTap2mPulse.ThyristorCenterTap2mPulse_RLV_Characteristic,1439,22.2,ok
Modelica.Electrical.PowerConverters.Examples.ACDC.RectifierCenterTapmPulse.DiodeCenterTapmPulse,1300,11,ok
Modelica.Electrical.PowerConverters.Examples.ACDC.RectifierCenterTapmPulse.ThyristorCenterTapmPulse_R,1363,15.5,ok
Modelica.Electrical.PowerConverters.Examples.ACDC.RectifierCenterTapmPulse.ThyristorCenterTapmPulse_RL,1355,15.5,ok
Modelica.Electrical.PowerConverters.Examples.ACDC.RectifierCenterTapmPulse.ThyristorCenterTapmPulse_RLV,1355,15.5,ok
Modelica.Electrical.PowerConverters.Examples.ACDC.RectifierCenterTapmPulse.ThyristorCenterTapmPulse_RLV_Characteristic,1407,15.5,ok
Modelica.Electrical.PowerConverters.Examples.DCAC.ExampleTemplates.SinglePhaseTwoLevel,1288,8.8,ok
Modelica.Electrical.PowerConverters.Examples.DCAC.PolyphaseTwoLevel.PolyphaseTwoLevel_R,1702,38,ok
Modelica.Electrical.PowerConverters.Examples.DCAC.PolyphaseTwoLevel.PolyphaseTwoLevel_RL,1934,111.7,ok
Modelica.Electrical.PowerConverters.Examples.DCAC.PolyphaseTwoLevel.ThreePhaseTwoLevel_PWM,1453,22.2,ok
Modelica.Electrical.PowerConverters.Examples.DCAC.SinglePhaseTwoLevel.SinglePhaseTwoLevel_R,1289,9,ok
Modelica.Electrical.PowerConverters.Examples.DCAC.SinglePhaseTwoLevel.SinglePhaseTwoLevel_RL,1297,11,ok
Modelica.Electrical.PowerConverters.Examples.DCDC.ChopperBuckBoost.ChopperBuckBoost_DutyCycle,1317,8.8,ok
Modelica.Electrical.PowerConverters.Examples.DCDC.ChopperStepDown.ChopperStepDown_R,1217,6.8,ok
Modelica.Electrical.PowerConverters.Examples.DCDC.ChopperStepDown.ChopperStepDown_RL,1204,8.8,ok
Modelica.Electrical.PowerConverters.Examples.DCDC.ChopperStepUp.ChopperStepUp_R,1228,6.8,ok
Modelica.Electrical.PowerConverters.Examples.DCDC.ExampleTemplates.ChopperBuckBoost,1310,8.8,ok
Modelica.Electrical.PowerConverters.Examples.DCDC.ExampleTemplates.ChopperStepDown,1263,6.5,ok
Modelica.Electrical.PowerConverters.Examples.DCDC.ExampleTemplates.ChopperStepUp,1253,6.5,ok
Modelica.Electrical.PowerConverters.Examples.DCDC.ExampleTemplates.HBridge,1321,8.8,ok
Modelica.Electrical.PowerConverters.Examples.DCDC.HBridge.HBridge_DC_Drive,1438,18,ok
Modelica.Electrical.PowerConverters.Examples.DCDC.HBridge.HBridge_R,1321,8.8,ok
Modelica.Electrical.PowerConverters.Examples.DCDC.HBridge.HBridge_RL,1349,8.8,ok
Modelica.Electrical.PowerConverters.Examples.DCDC.HBridge.HBridge_TrianglePWM_RL,1292,11,ok
Modelica.Electrical.PowerConverters.Icons.Control,1257,6.6,ok
Modelica.Electrical.PowerConverters.Icons.Converter,1260,6.6,ok
Modelica.Electrical.PowerConverters.Icons.ExampleTemplate,1257,6.5,ok
Modelica.Electrical.PowerConverters.Interfaces.ACDC.ACplug,1257,6.6,ok
Modelica.Electrical.PowerConverters.Interfaces.ACDC.ACtwoPin,1267,6.5,ok
Modelica.Electrical.PowerConverters.Interfaces.ACDC.ACtwoPlug,1245,6.6,ok
Modelica.Electrical.PowerConverters.Interfaces.ACDC.DCpin,1284,6.6,ok
Modelica.Electrical.PowerConverters.Interfaces.ACDC.DCtwoPin,1265,6.5,ok
Modelica.Electrical.PowerConverters.Interfaces.DCAC.ACpin,1244,6.5,ok
Modelica.Electrical.PowerConverters.Interfaces.DCAC.ACplug,1234,6.5,ok
Modelica.Electrical.PowerConverters.Interfaces.DCAC.DCtwoPin,1254,6.5,ok
Modelica.Electrical.PowerConverters.Interfaces.DCDC.DCtwoPin1,1253,6.6,ok
Modelica.Electrical.PowerConverters.Interfaces.DCDC.DCtwoPin2,1248,6.5,ok
Modelica.Electrical.PowerConverters.Interfaces.Enable.Enable,1279,6.5,ok
Modelica.Electrical.PowerConverters.Interfaces.Enable.Enable1,1245,6.6,ok
Modelica.Electrical.PowerConverters.Interfaces.Enable.Enable1m,1261,6.5,ok
Modelica.Electrical.PowerConverters.Interfaces.Enable.Enable2,1272,6.6,ok
Modelica.Electrical.PowerConverters.Interfaces.Enable.Enable2m,1260,6.6,ok
Modelica.Electrical.PowerConverters.UsersGuide.ACACConcept,1268,6.5,ok
Modelica.Electrical.PowerConverters.UsersGuide.ACDCConcept,1254,6.6,ok
Modelica.Electrical.PowerConverters.UsersGuide.Contact,1265,6.6,ok
Modelica.Electrical.PowerConverters.UsersGuide.DCACConcept,1263,6.6,ok
Modelica.Electrical.PowerConverters.UsersGuide.DCDCConcept,1254,6.5,ok
Modelica.Electrical.PowerConverters.UsersGuide.References,1260,6.6,ok
Modelica.Electrical.PowerConverters.UsersGuide.ReleaseNotes,1254,6.6,ok
Modelica.Electrical.QuasiStatic.Machines.BasicMachines.Components.IdealCore,1275,6.5,ok
Modelica.Electrical.QuasiStatic.Machines.BasicMachines.Components.PartialCore,1280,6.5,ok
Modelica.Electrical.QuasiStatic.Machines.BasicMachines.Transformers.Dd.Dd00,1717,17.8,ok
Modelica.Electrical.QuasiStatic.Machines.BasicMachines.Transformers.Dd.Dd02,1799,20,ok
Modelica.Electrical.QuasiStatic.Machines.BasicMachines.Transformers.Dd.Dd04,1647,18.1,ok
Modelica.Electrical.QuasiStatic.Machines.BasicMachines.Transformers.Dd.Dd06,1678,20.1,ok
Modelica.Electrical.QuasiStatic.Machines.BasicMachines.Transformers.Dd.Dd08,1778,18.1,ok
Modelica.Electrical.QuasiStatic.Machines.BasicMachines.Transformers.Dd.Dd10,1736,17.7,ok
Modelica.Electrical.QuasiStatic.Machines.BasicMachines.Transformers.Dy.Dy01,1746,20,ok
Modelica.Electrical.QuasiStatic.Machines.BasicMachines.Transformers.Dy.Dy03,1752,17.9,ok
Modelica.Electrical.QuasiStatic.Machines.BasicMachines.Transformers.Dy.Dy05,1704,17.7,ok
Modelica.Electrical.QuasiStatic.Machines.BasicMachines.Transformers.Dy.Dy07,1719,20,ok
Modelica.Electrical.QuasiStatic.Machines.BasicMachines.Transformers.Dy.Dy09,1752,18,ok
Modelica.Electrical.QuasiStatic.Machines.BasicMachines.Transformers.Dy.Dy11,1698,17.7,ok
Modelica.Electrical.QuasiStatic.Machines.BasicMachines.Transformers.Dz.Dz00,1595,20,ok
Modelica.Electrical.QuasiStatic.Machines.BasicMachines.Transformers.Dz.Dz02,1486,20,ok
Modelica.Electrical.QuasiStatic.Machines.BasicMachines.Transformers.Dz.Dz04,1750,19.9,ok
Modelica.Electrical.QuasiStatic.Machines.BasicMachines.Transformers.Dz.Dz06,1620,19.9,ok
Modelica.Electrical.QuasiStatic.Machines.BasicMachines.Transformers.Dz.Dz08,1608,20,ok
Modelica.Electrical.QuasiStatic.Machines.BasicMachines.Transformers.Dz.Dz10,1495,20,ok
Modelica.Electrical.QuasiStatic.Machines.BasicMachines.Transformers.Yd.Yd01,1721,17.7,ok
Modelica.Electrical.QuasiStatic.Machines.BasicMachines.Transformers.Yd.Yd03,1686,20,ok
Modelica.Electrical.QuasiStatic.Machines.BasicMachines.Transformers.Yd.Yd05,1689,17.9,ok
Modelica.Electrical.QuasiStatic.Machines.BasicMachines.Transformers.Yd.Yd07,1620,17.8,ok
Modelica.Electrical.QuasiStatic.Machines.BasicMachines.Transformers.Yd.Yd09,1753,18,ok
Modelica.Electrical.QuasiStatic.Machines.BasicMachines.Transformers.Yd.Yd11,1697,18,ok
Modelica.Electrical.QuasiStatic.Machines.BasicMachines.Transformers.Yy.Yy00,1679,17.7,ok
Modelica.Electrical.QuasiStatic.Machines.BasicMachines.Transformers.Yy.Yy02,1681,20,ok
Modelica.Electrical.QuasiStatic.Machines.BasicMachines.Transformers.Yy.Yy04,1729,20,ok
Modelica.Electrical.QuasiStatic.Machines.BasicMachines.Transformers.Yy.Yy06,1665,17.7,ok
Modelica.Electrical.QuasiStatic.Machines.BasicMachines.Transformers.Yy.Yy08,1724,18,ok
Modelica.Electrical.QuasiStatic.Machines.BasicMachines.Transformers.Yy.Yy10,1724,17.7,ok
Modelica.Electrical.QuasiStatic.Machines.BasicMachines.Transformers.Yz.Yz01,1772,20,ok
Modelica.Electrical.QuasiStatic.Machines.BasicMachines.Transformers.Yz.Yz03,1501,20,ok
Modelica.Electrical.QuasiStatic.Machines.BasicMachines.Transformers.Yz.Yz05,1742,17.8,ok
Modelica.Electrical.QuasiStatic.Machines.BasicMachines.Transformers.Yz.Yz07,1757,17.7,ok
Modelica.Electrical.QuasiStatic.Machines.BasicMachines.Transformers.Yz.Yz09,1795,20,ok
Modelica.Electrical.QuasiStatic.Machines.BasicMachines.Transformers.Yz.Yz11,1526,20,ok
Modelica.Electrical.QuasiStatic.Machines.Examples.TransformerTestbench,3537,60.3,ok
Modelica.Electrical.QuasiStatic.Machines.Interfaces.PartialBasicTransformer,1432,17.7,ok
Modelica.Electrical.QuasiStatic.Machines.SpacePhasors.Blocks.FromSpacePhasor,1253,6.5,ok
Modelica.Electrical.QuasiStatic.Machines.SpacePhasors.Blocks.ToSpacePhasor,1225,6.5,ok
Modelica.Electrical.QuasiStatic.Polyphase.Basic.Admittance,1298,8.7,ok
Modelica.Electrical.QuasiStatic.Polyphase.Basic.Capacitor,1206,8.8,ok
Modelica.Electrical.QuasiStatic.Polyphase.Basic.Conductor,1308,8.8,ok
Modelica.Electrical.QuasiStatic.Polyphase.Basic.Delta,1209,6.5,ok
Modelica.Electrical.QuasiStatic.Polyphase.Basic.Impedance,1236,9,ok
Modelica.Electrical.QuasiStatic.Polyphase.Basic.Inductor,1212,6.7,ok
Modelica.Electrical.QuasiStatic.Polyphase.Basic.MultiDelta,1213,6.5,ok
Modelica.Electrical.QuasiStatic.Polyphase.Basic.MultiStar,1240,6.5,ok
Modelica.Electrical.QuasiStatic.Polyphase.Basic.MultiStarResistance,1226,8.7,ok
Modelica.Electrical.QuasiStatic.Polyphase.Basic.MutualInductor,1220,6.5,ok
Modelica.Electrical.QuasiStatic.Polyphase.Basic.PlugToPin_n,1259,6.5,ok
Modelica.Electrical.QuasiStatic.Polyphase.Basic.PlugToPin_p,1254,6.5,ok
Modelica.Electrical.QuasiStatic.Polyphase.Basic.PlugToPins_n,1264,6.5,ok
Modelica.Electrical.QuasiStatic.Polyphase.Basic.PlugToPins_p,1252,6.5,ok
Modelica.Electrical.QuasiStatic.Polyphase.Basic.Resistor,1307,8.8,ok
Modelica.Electrical.QuasiStatic.Polyphase.Basic.Star,1214,6.5,ok
Modelica.Electrical.QuasiStatic.Polyphase.Basic.VariableAdmittance,1300,8.7,ok
Modelica.Electrical.QuasiStatic.Polyphase.Basic.VariableCapacitor,1202,6.7,ok
Modelica.Electrical.QuasiStatic.Polyphase.Basic.VariableConductor,1231,8.8,ok
Modelica.Electrical.QuasiStatic.Polyphase.Basic.VariableImpedance,1232,8.8,ok
Modelica.Electrical.QuasiStatic.Polyphase.Basic.VariableInductor,1206,6.5,ok
Modelica.Electrical.QuasiStatic.Polyphase.Basic.VariableResistor,1302,8.8,ok
Modelica.Electrical.QuasiStatic.Polyphase.Blocks.FromSpacePhasor,1247,6.5,ok
Modelica.Electrical.QuasiStatic.Polyphase.Blocks.FromSymmetricalComponents,1240,6.5,ok
Modelica.Electrical.QuasiStatic.Polyphase.Blocks.QuasiRMS,1248,6.6,ok
Modelica.Electrical.QuasiStatic.Polyphase.Blocks.SingleToPolyphase,1242,6.5,ok
Modelica.Electrical.QuasiStatic.Polyphase.Blocks.SymmetricalComponents,1236,6.6,ok
Modelica.Electrical.QuasiStatic.Polyphase.Blocks.ToSpacePhasor,1257,6.6,ok
Modelica.Electrical.QuasiStatic.Polyphase.Examples.BalancingDelta,1719,13.5,ok
Modelica.Electrical.QuasiStatic.Polyphase.Examples.BalancingStar,1745,15.5,ok
Modelica.Electrical.QuasiStatic.Polyphase.Examples.TestSensors,2328,29,ok
Modelica.Electrical.QuasiStatic.Polyphase.Examples.UnsymmetricalLoad,1945,17.8,ok
Modelica.Electrical.QuasiStatic.Polyphase.Ideal.IdealClosingSwitch,1251,8.8,ok
Modelica.Electrical.QuasiStatic.Polyphase.Ideal.IdealCommutingSwitch,1233,11.1,ok
Modelica.Electrical.QuasiStatic.Polyphase.Ideal.IdealIntermediateSwitch,1238,11.1,ok
Modelica.Electrical.QuasiStatic.Polyphase.Ideal.IdealOpeningSwitch,1233,8.8,ok
Modelica.Electrical.QuasiStatic.Polyphase.Ideal.Idle,1189,6.8,ok
Modelica.Electrical.QuasiStatic.Polyphase.Ideal.Short,1200,6.8,ok
Modelica.Electrical.QuasiStatic.Polyphase.Interfaces.AbsoluteSensor,1264,6.6,ok
Modelica.Electrical.QuasiStatic.Polyphase.Interfaces.OnePort,1280,6.6,ok
Modelica.Electrical.QuasiStatic.Polyphase.Interfaces.ReferenceSource,1268,6.6,ok
Modelica.Electrical.QuasiStatic.Polyphase.Interfaces.RelativeSensorElementary,1248,6.6,ok
Modelica.Electrical.QuasiStatic.Polyphase.Interfaces.Source,1250,6.6,ok
Modelica.Electrical.QuasiStatic.Polyphase.Interfaces.TwoPlug,1215,6.5,ok
Modelica.Electrical.QuasiStatic.Polyphase.Interfaces.TwoPlugElementary,1209,6.5,ok
Modelica.Electrical.QuasiStatic.Polyphase.Sensors.AronSensor,1200,6.5,ok
Modelica.Electrical.QuasiStatic.Polyphase.Sensors.CurrentQuasiRMSSensor,1217,6.5,ok
Modelica.Electrical.QuasiStatic.Polyphase.Sensors.CurrentSensor,1223,6.5,ok
Modelica.Electrical.QuasiStatic.Polyphase.Sensors.FrequencySensor,1249,6.5,ok
Modelica.Electrical.QuasiStatic.Polyphase.Sensors.MultiSensor,1242,6.5,ok
Modelica.Electrical.QuasiStatic.Polyphase.Sensors.PotentialSensor,1199,6.5,ok
Modelica.Electrical.QuasiStatic.Polyphase.Sensors.PowerSensor,1247,8.8,ok
Modelica.Electrical.QuasiStatic.Polyphase.Sensors.ReactivePowerSensor,1225,8.8,ok
Modelica.Electrical.QuasiStatic.Polyphase.Sensors.ReferenceSensor,1263,6.5,ok
Modelica.Electrical.QuasiStatic.Polyphase.Sensors.VoltageQuasiRMSSensor,1212,6.5,ok
Modelica.Electrical.QuasiStatic.Polyphase.Sensors.VoltageSensor,1218,6.5,ok
Modelica.Electrical.QuasiStatic.Polyphase.Sources.CurrentSource,1200,6.5,ok
Modelica.Electrical.QuasiStatic.Polyphase.Sources.FrequencySweepCurrentSource,1214,8.8,ok
Modelica.Electrical.QuasiStatic.Polyphase.Sources.FrequencySweepVoltageSource,1213,8.8,ok
Modelica.Electrical.QuasiStatic.Polyphase.Sources.ReferenceCurrentSource,1258,6.5,ok
Modelica.Electrical.QuasiStatic.Polyphase.Sources.ReferenceVoltageSource,1256,6.5,ok
Modelica.Electrical.QuasiStatic.Polyphase.Sources.VariableCurrentSource,1209,6.5,ok
Modelica.Electrical.QuasiStatic.Polyphase.Sources.VariableVoltageSource,1251,6.5,ok
Modelica.Electrical.QuasiStatic.Polyphase.Sources.VoltageSource,1253,6.5,ok
Modelica.Electrical.QuasiStatic.SinglePhase.Basic.Admittance,1267,6.6,ok
Modelica.Electrical.QuasiStatic.SinglePhase.Basic.Capacitor,1302,6.5,ok
Modelica.Electrical.QuasiStatic.SinglePhase.Basic.Conductor,1216,6.6,ok
Modelica.Electrical.QuasiStatic.SinglePhase.Basic.Ground,1031,29.7,ok
Modelica.Electrical.QuasiStatic.SinglePhase.Basic.Impedance,1209,6.6,ok
Modelica.Electrical.QuasiStatic.SinglePhase.Basic.Inductor,1217,6.5,ok
Modelica.Electrical.QuasiStatic.SinglePhase.Basic.Resistor,1264,6.5,ok
Modelica.Electrical.QuasiStatic.SinglePhase.Basic.Transformer,1234,6.5,ok
Modelica.Electrical.QuasiStatic.SinglePhase.Basic.VariableAdmittance,1228,6.6,ok
Modelica.Electrical.QuasiStatic.SinglePhase.Basic.VariableCapacitor,1268,6.6,ok
Modelica.Electrical.QuasiStatic.SinglePhase.Basic.VariableConductor,1294,6.5,ok
Modelica.Electrical.QuasiStatic.SinglePhase.Basic.VariableImpedance,1252,6.5,ok
Modelica.Electrical.QuasiStatic.SinglePhase.Basic.VariableInductor,1264,6.5,ok
Modelica.Electrical.QuasiStatic.SinglePhase.Basic.VariableResistor,1226,6.6,ok
Modelica.Electrical.QuasiStatic.SinglePhase.Examples.MultipleResonance,1231,8.8,ok
Modelica.Electrical.QuasiStatic.SinglePhase.Examples.ParallelResonance,1206,6.5,ok
Modelica.Electrical.QuasiStatic.SinglePhase.Examples.Rectifier,1323,11.1,ok
Modelica.Electrical.QuasiStatic.SinglePhase.Examples.SeriesBode,1218,6.8,ok
Modelica.Electrical.QuasiStatic.SinglePhase.Examples.SeriesResonance,1214,6.6,ok
Modelica.Electrical.QuasiStatic.SinglePhase.Examples.Transformer,1211,8.8,ok
Modelica.Electrical.QuasiStatic.SinglePhase.Ideal.IdealClosingSwitch,1219,6.6,ok
Modelica.Electrical.QuasiStatic.SinglePhase.Ideal.IdealCommutingSwitch,1201,6.5,ok
Modelica.Electrical.QuasiStatic.SinglePhase.Ideal.IdealIntermediateSwitch,1253,6.5,ok
Modelica.Electrical.QuasiStatic.SinglePhase.Ideal.IdealOpeningSwitch,1237,6.6,ok
Modelica.Electrical.QuasiStatic.SinglePhase.Ideal.IdealTransformer,1268,6.5,ok
Modelica.Electrical.QuasiStatic.SinglePhase.Ideal.Idle,1258,6.5,ok
Modelica.Electrical.QuasiStatic.SinglePhase.Ideal.Short,1260,6.5,ok
Modelica.Electrical.QuasiStatic.SinglePhase.Interfaces.AbsoluteSensor,1255,6.6,ok
Modelica.Electrical.QuasiStatic.SinglePhase.Interfaces.OnePort,1251,6.5,ok
Modelica.Electrical.QuasiStatic.SinglePhase.Interfaces.RelativeSensorElementary,1246,6.6,ok
Modelica.Electrical.QuasiStatic.SinglePhase.Interfaces.Source,1261,6.5,ok
Modelica.Electrical.QuasiStatic.SinglePhase.Interfaces.TwoPin,1272,6.5,ok
Modelica.Electrical.QuasiStatic.SinglePhase.Interfaces.TwoPinElementary,1249,6.6,ok
Modelica.Electrical.QuasiStatic.SinglePhase.Sensors.CurrentRMSSensor,1263,6.5,ok
Modelica.Electrical.QuasiStatic.SinglePhase.Sensors.CurrentSensor,1288,6.5,ok
Modelica.Electrical.QuasiStatic.SinglePhase.Sensors.FrequencySensor,1254,6.6,ok
Modelica.Electrical.QuasiStatic.SinglePhase.Sensors.MultiSensor,1269,6.5,ok
Modelica.Electrical.QuasiStatic.SinglePhase.Sensors.PotentialSensor,1259,6.6,ok
Modelica.Electrical.QuasiStatic.SinglePhase.Sensors.PowerSensor,1259,6.5,ok
Modelica.Electrical.QuasiStatic.SinglePhase.Sensors.ReferenceSensor,1275,6.6,ok
Modelica.Electrical.QuasiStatic.SinglePhase.Sensors.VoltageRMSSensor,1258,6.5,ok
Modelica.Electrical.QuasiStatic.SinglePhase.Sensors.VoltageSensor,1275,6.6,ok
Modelica.Electrical.QuasiStatic.SinglePhase.Sources.CurrentSource,1204,6.5,ok
Modelica.Electrical.QuasiStatic.SinglePhase.Sources.FrequencySweepCurrentSource,1250,6.5,ok
Modelica.Electrical.QuasiStatic.SinglePhase.Sources.FrequencySweepVoltageSource,1248,6.5,ok
Modelica.Electrical.QuasiStatic.SinglePhase.Sources.VariableCurrentSource,1277,6.6,ok
Modelica.Electrical.QuasiStatic.SinglePhase.Sources.VariableVoltageSource,1272,6.6,ok
Modelica.Electrical.QuasiStatic.SinglePhase.Sources.VoltageSource,1268,6.6,ok
Modelica.Electrical.QuasiStatic.SinglePhase.Utilities.GraetzRectifier,1295,6.5,ok
Modelica.Electrical.QuasiStatic.SinglePhase.Utilities.IdealACDCConverter,1271,6.5,ok
Modelica.Electrical.QuasiStatic.UsersGuide.Contact,1254,6.6,ok
Modelica.Electrical.QuasiStatic.UsersGuide.Glossar,1256,6.5,ok
Modelica.Electrical.QuasiStatic.UsersGuide.Overview.ACCircuit,1262,6.6,ok
Modelica.Electrical.QuasiStatic.UsersGuide.Overview.Introduction,1252,6.5,ok
Modelica.Electrical.QuasiStatic.UsersGuide.Overview.Power,1264,6.6,ok
Modelica.Electrical.QuasiStatic.UsersGuide.Overview.ReferenceSystem,1263,6.5,ok
Modelica.Electrical.QuasiStatic.UsersGuide.References,1256,6.5,ok
Modelica.Electrical.QuasiStatic.UsersGuide.ReleaseNotes,1281,6.6,ok
Modelica.Electrical.Spice3.Additionals.E_VCV_POLY,1266,6.6,ok
Modelica.Electrical.Spice3.Additionals.F_CCC_POLY,1261,6.6,ok
Modelica.Electrical.Spice3.Additionals.G_VCC_POLY,1256,6.5,ok
Modelica.Electrical.Spice3.Additionals.H_CCV_POLY,1267,6.5,ok
Modelica.Electrical.Spice3.Basic.C_Capacitor,1286,6.6,ok
Modelica.Electrical.Spice3.Basic.E_VCV,1255,6.6,ok
Modelica.Electrical.Spice3.Basic.F_CCC,1279,6.6,ok
Modelica.Electrical.Spice3.Basic.G_VCC,1258,6.5,ok
Modelica.Electrical.Spice3.Basic.Ground,1257,6.6,ok
Modelica.Electrical.Spice3.Basic.H_CCV,1276,6.5,ok
Modelica.Electrical.Spice3.Basic.K_CoupledInductors,1242,6.5,ok
Modelica.Electrical.Spice3.Basic.L_Inductor,1289,6.5,ok
Modelica.Electrical.Spice3.Basic.R_Resistor,1233,6.5,ok
Modelica.Electrical.Spice3.Examples.CascodeCircuit,2174,15.6,ok
Modelica.Electrical.Spice3.Examples.CoupledInductors,1276,6.5,ok
Modelica.Electrical.Spice3.Examples.FourInverters,5192,332.7,ok
Modelica.Electrical.Spice3.Examples.Graetz,1316,8.7,ok
Modelica.Electrical.Spice3.Examples.Inverter,2219,62.6,ok
Modelica.Electrical.Spice3.Examples.InvertersApartRecord,3193,132.5,ok
Modelica.Electrical.Spice3.Examples.InvertersExtendedModel,3188,134.6,ok
Modelica.Electrical.Spice3.Examples.InvertersExtendedModel.MNmos,1228,8.8,ok
Modelica.Electrical.Spice3.Examples.InvertersExtendedModel.MPmos,1227,8.8,ok
Modelica.Electrical.Spice3.Examples.Nand,3162,130.2,ok
Modelica.Electrical.Spice3.Examples.Nor,3164,123.3,ok
Modelica.Electrical.Spice3.Examples.Spice3BenchmarkFourBitBinaryAdder.NAND,2867,95.7,ok
Modelica.Electrical.Spice3.Examples.Spice3BenchmarkMosfetCharacterization,2694,60.5,ok
Modelica.Electrical.Spice3.Examples.Spice3BenchmarkRtlInverter,3140,49.2,ok
Modelica.Electrical.Spice3.Interfaces.ConditionalSubstrate,1264,6.5,ok
Modelica.Electrical.Spice3.Interfaces.TwoPortControlledSources,1258,6.5,ok
Modelica.Electrical.Spice3.Internal.BJT2,2481,42.5,ok
Modelica.Electrical.Spice3.Internal.C_SEMI,1265,6.6,ok
Modelica.Electrical.Spice3.Internal.DIODE,1223,6.5,ok
Modelica.Electrical.Spice3.Internal.JFET,1361,11,ok
Modelica.Electrical.Spice3.Internal.MOS,1647,31.3,ok
Modelica.Electrical.Spice3.Internal.MOS2,1408,8.8,ok
Modelica.Electrical.Spice3.Internal.R_SEMI,1203,6.5,ok
Modelica.Electrical.Spice3.Semiconductors.C_Capacitor,1290,6.5,ok
Modelica.Electrical.Spice3.Semiconductors.D_DIODE,1204,6.5,ok
Modelica.Electrical.Spice3.Semiconductors.J_NJFJFET,1320,11,ok
Modelica.Electrical.Spice3.Semiconductors.J_PJFJFET,1317,10.9,ok
Modelica.Electrical.Spice3.Semiconductors.M_NMOS,1223,8.7,ok
Modelica.Electrical.Spice3.Semiconductors.M_NMOS2,1348,8.8,ok
Modelica.Electrical.Spice3.Semiconductors.M_PMOS,1223,8.8,ok
Modelica.Electrical.Spice3.Semiconductors.M_PMOS2,1392,8.8,ok
Modelica.Electrical.Spice3.Semiconductors.Q_NPNBJT,2461,42.5,ok
Modelica.Electrical.Spice3.Semiconductors.Q_PNPBJT,2549,42.5,ok
Modelica.Electrical.Spice3.Semiconductors.R_Resistor,1208,6.5,ok
Modelica.Electrical.Spice3.Sources.I_constant,1255,6.5,ok
Modelica.Electrical.Spice3.Sources.I_exp,1240,6.5,ok
Modelica.Electrical.Spice3.Sources.I_pulse,1257,6.5,ok
Modelica.Electrical.Spice3.Sources.I_pwl,1188,6.5,ok
Modelica.Electrical.Spice3.Sources.I_sffm,1271,6.5,ok
Modelica.Electrical.Spice3.Sources.I_sin,1250,6.5,ok
Modelica.Electrical.Spice3.Sources.V_constant,1248,6.6,ok
Modelica.Electrical.Spice3.Sources.V_exp,1276,6.5,ok
Modelica.Electrical.Spice3.Sources.V_pulse,1224,6.5,ok
Modelica.Electrical.Spice3.Sources.V_pwl,1185,6.5,ok
Modelica.Electrical.Spice3.Sources.V_sffm,1259,6.5,ok
Modelica.Electrical.Spice3.Sources.V_sin,1302,6.6,ok
Modelica.Electrical.Spice3.UsersGuide.Contact,1259,6.5,ok
Modelica.Electrical.Spice3.UsersGuide.Literature,1255,6.5,ok
Modelica.Electrical.Spice3.UsersGuide.NamingPrinciple,1254,6.5,ok
Modelica.Electrical.Spice3.UsersGuide.Overview,1265,6.5,ok
Modelica.Electrical.Spice3.UsersGuide.ParameterHandling,1264,6.5,ok
Modelica.Electrical.Spice3.UsersGuide.ReleaseNotes,1267,6.5,ok
Modelica.Electrical.Spice3.UsersGuide.Spicenetlist,1308,6.5,ok
Modelica.Electrical.Spice3.UsersGuide.Useofsemiconductors,1253,6.5,ok
Modelica.Fluid.Dissipation.UsersGuide.Contact,1276,6.5,ok
Modelica.Fluid.Dissipation.UsersGuide.GettingStarted,1258,6.5,ok
Modelica.Fluid.Dissipation.UsersGuide.ReleaseNotes,1257,6.5,ok
Modelica.Fluid.Dissipation.Utilities.Icons.HeatTransfer.Channel_i,1265,6.6,ok
Modelica.Fluid.Dissipation.Utilities.Icons.HeatTransfer.Gap1_d,1306,6.5,ok
Modelica.Fluid.Dissipation.Utilities.Icons.HeatTransfer.General_i,1251,6.5,ok
Modelica.Fluid.Dissipation.Utilities.Icons.HeatTransfer.HeatExchanger_i,1255,6.5,ok
Modelica.Fluid.Dissipation.Utilities.Icons.HeatTransfer.HelicalPipe1_d,1268,6.5,ok
Modelica.Fluid.Dissipation.Utilities.Icons.HeatTransfer.HelicalPipe_i,1270,6.5,ok
Modelica.Fluid.Dissipation.Utilities.Icons.HeatTransfer.Plate1_d,1303,6.5,ok
Modelica.Fluid.Dissipation.Utilities.Icons.HeatTransfer.Plate2_d,1272,6.5,ok
Modelica.Fluid.Dissipation.Utilities.Icons.HeatTransfer.Plate_i,1256,6.5,ok
Modelica.Fluid.Dissipation.Utilities.Icons.HeatTransfer.StraightPipe_i,1254,6.5,ok
Modelica.Fluid.Dissipation.Utilities.Icons.PressureLoss.BendEdged_d,1309,6.5,ok
Modelica.Fluid.Dissipation.Utilities.Icons.PressureLoss.Bend_i,1260,6.6,ok
Modelica.Fluid.Dissipation.Utilities.Icons.PressureLoss.Channel_d,1265,6.5,ok
Modelica.Fluid.Dissipation.Utilities.Icons.PressureLoss.Channel_i,1266,6.5,ok
Modelica.Fluid.Dissipation.Utilities.Icons.PressureLoss.FlowModel,1257,6.5,ok
Modelica.Fluid.Dissipation.Utilities.Icons.PressureLoss.General_i,1250,6.5,ok
Modelica.Fluid.Dissipation.Utilities.Icons.PressureLoss.HeatExchanger_i,1267,6.5,ok
Modelica.Fluid.Dissipation.Utilities.Icons.PressureLoss.OrificeSuddenChangeSection_d,1273,6.5,ok
Modelica.Fluid.Dissipation.Utilities.Icons.PressureLoss.OrificeThickEdged_d,1268,6.5,ok
Modelica.Fluid.Dissipation.Utilities.Icons.PressureLoss.Orifice_i,1265,6.5,ok
Modelica.Fluid.Dissipation.Utilities.Icons.PressureLoss.StraightPipe_d,1253,6.6,ok
Modelica.Fluid.Dissipation.Utilities.Icons.PressureLoss.StraightPipe_i,1256,6.5,ok
Modelica.Fluid.Dissipation.Utilities.Icons.PressureLoss.Valve_d,1272,6.5,ok
Modelica.Fluid.Dissipation.Utilities.Icons.PressureLoss.Valve_i,1248,6.5,ok
Modelica.Fluid.Dissipation.Utilities.SharedDocumentation.HeatTransfer.Channel.kc_evenGapLaminar,1244,6.5,ok
Modelica.Fluid.Dissipation.Utilities.SharedDocumentation.HeatTransfer.Channel.kc_evenGapOverall,1268,6.6,ok
Modelica.Fluid.Dissipation.Utilities.SharedDocumentation.HeatTransfer.Channel.kc_evenGapTurbulent,1289,6.5,ok
Modelica.Fluid.Dissipation.Utilities.SharedDocumentation.HeatTransfer.General.kc_approxForcedConvection,1260,6.5,ok
Modelica.Fluid.Dissipation.Utilities.SharedDocumentation.HeatTransfer.HeatExchanger.kc_flatTube,1251,6.5,ok
Modelica.Fluid.Dissipation.Utilities.SharedDocumentation.HeatTransfer.HeatExchanger.kc_roundTube,1260,6.5,ok
Modelica.Fluid.Dissipation.Utilities.SharedDocumentation.HeatTransfer.HelicalPipe.kc_laminar,1296,6.5,ok
Modelica.Fluid.Dissipation.Utilities.SharedDocumentation.HeatTransfer.HelicalPipe.kc_overall,1246,6.5,ok
Modelica.Fluid.Dissipation.Utilities.SharedDocumentation.HeatTransfer.HelicalPipe.kc_turbulent,1262,6.5,ok
Modelica.Fluid.Dissipation.Utilities.SharedDocumentation.HeatTransfer.Plate.kc_laminar,1258,6.6,ok
Modelica.Fluid.Dissipation.Utilities.SharedDocumentation.HeatTransfer.Plate.kc_overall,1249,6.5,ok
Modelica.Fluid.Dissipation.Utilities.SharedDocumentation.HeatTransfer.Plate.kc_turbulent,1260,6.5,ok
Modelica.Fluid.Dissipation.Utilities.SharedDocumentation.HeatTransfer.StraightPipe.kc_laminar,1251,6.6,ok
Modelica.Fluid.Dissipation.Utilities.SharedDocumentation.HeatTransfer.StraightPipe.kc_overall,1277,6.5,ok
Modelica.Fluid.Dissipation.Utilities.SharedDocumentation.HeatTransfer.StraightPipe.kc_turbulent,1244,6.5,ok
Modelica.Fluid.Dissipation.Utilities.SharedDocumentation.HeatTransfer.StraightPipe.kc_twoPhaseOverall,1256,6.5,ok
Modelica.Fluid.Dissipation.Utilities.SharedDocumentation.PressureLoss.Bend.dp_curvedOverall,1262,6.5,ok
Modelica.Fluid.Dissipation.Utilities.SharedDocumentation.PressureLoss.Bend.dp_edgedOverall,1259,6.5,ok
Modelica.Fluid.Dissipation.Utilities.SharedDocumentation.PressureLoss.Channel.dp_internalFlowOverall,1245,6.6,ok
Modelica.Fluid.Dissipation.Utilities.SharedDocumentation.PressureLoss.General.dp_idealGas,1261,6.6,ok
Modelica.Fluid.Dissipation.Utilities.SharedDocumentation.PressureLoss.General.dp_nominalDensityViscosity,1259,6.5,ok
Modelica.Fluid.Dissipation.Utilities.SharedDocumentation.PressureLoss.General.dp_nominalPressureLossLawDensity,1247,6.6,ok
Modelica.Fluid.Dissipation.Utilities.SharedDocumentation.PressureLoss.General.dp_pressureLossCoefficient,1260,6.5,ok
Modelica.Fluid.Dissipation.Utilities.SharedDocumentation.PressureLoss.General.dp_volumeFlowRate,1263,6.6,ok
Modelica.Fluid.Dissipation.Utilities.SharedDocumentation.PressureLoss.Orifice.dp_suddenChange,1259,6.5,ok
Modelica.Fluid.Dissipation.Utilities.SharedDocumentation.PressureLoss.Orifice.dp_thickEdgedOverall,1256,6.5,ok
Modelica.Fluid.Dissipation.Utilities.SharedDocumentation.PressureLoss.StraightPipe.dp_laminar,1267,6.6,ok
Modelica.Fluid.Dissipation.Utilities.SharedDocumentation.PressureLoss.StraightPipe.dp_overall,1262,6.5,ok
Modelica.Fluid.Dissipation.Utilities.SharedDocumentation.PressureLoss.StraightPipe.dp_turbulent,1277,6.5,ok
Modelica.Fluid.Dissipation.Utilities.SharedDocumentation.PressureLoss.StraightPipe.dp_twoPhaseOverall,1260,6.5,ok
Modelica.Fluid.Dissipation.Utilities.SharedDocumentation.PressureLoss.Valve.dp_severalGeometryOverall,1253,6.5,ok
Modelica.Fluid.Examples.AST_BatchPlant.BaseClasses.Controller,1252,6.8,ok
Modelica.Fluid.Examples.AST_BatchPlant.BaseClasses.ControllerUtilities.Adapter_Inference,1262,6.5,ok
Modelica.Fluid.Examples.AST_BatchPlant.BaseClasses.ControllerUtilities.Adapter_Superposition,1258,6.5,ok
Modelica.Fluid.Examples.AST_BatchPlant.BaseClasses.ControllerUtilities.BlockMain,1269,6.5,ok
Modelica.Fluid.Examples.AST_BatchPlant.BaseClasses.ControllerUtilities.Block_Recipe_TBD,1261,6.5,ok
Modelica.Fluid.Examples.AST_BatchPlant.BaseClasses.ControllerUtilities.BufferMain,1261,6.5,ok
Modelica.Fluid.Examples.AST_BatchPlant.BaseClasses.ControllerUtilities.Buffer_Recipe_TBD,1253,6.5,ok
Modelica.Fluid.Examples.AST_BatchPlant.BaseClasses.InnerTank,1261,6.5,ok
Modelica.Fluid.Examples.AST_BatchPlant.BaseClasses.TankWith3InletOutletArraysWithEvaporatorCondensor,1318,13.3,ok
Modelica.Fluid.Examples.AST_BatchPlant.BaseClasses.TankWith3InletOutletArraysWithEvaporatorCondensor.HeatTransfer,1218,6.5,ok
Modelica.Fluid.Examples.AST_BatchPlant.BaseClasses.TankWithTopPorts,870,4.3,ok
Modelica.Fluid.Examples.AST_BatchPlant.BaseClasses.TankWithTopPorts.HeatTransfer,1238,6.5,ok
Modelica.Fluid.Examples.AST_BatchPlant.BatchPlant_StandardWater,2398,118.9,ok
Modelica.Fluid.Examples.AST_BatchPlant.Test.OneTank,1342,17.7,ok
Modelica.Fluid.Examples.AST_BatchPlant.Test.TankWithEmptyingPipe1,1333,17.8,ok
Modelica.Fluid.Examples.AST_BatchPlant.Test.TankWithEmptyingPipe2,1398,20,ok
Modelica.Fluid.Examples.AST_BatchPlant.Test.TanksWithEmptyingPipe1,1463,26.7,ok
Modelica.Fluid.Examples.AST_BatchPlant.Test.TanksWithEmptyingPipe2,1519,24.5,ok
Modelica.Fluid.Examples.AST_BatchPlant.Test.TwoTanks,1336,15.5,ok
Modelica.Fluid.Examples.BranchingDynamicPipes,1770,26.7,ok
Modelica.Fluid.Examples.ControlledTankSystem.ControlledTanks,1611,24.5,ok
Modelica.Fluid.Examples.ControlledTankSystem.Utilities.NormalOperation,1230,6.5,ok
Modelica.Fluid.Examples.ControlledTankSystem.Utilities.TankController,1233,8.8,ok
Modelica.Fluid.Examples.DrumBoiler.BaseClasses.EquilibriumDrumBoiler,1186,6.8,ok
Modelica.Fluid.Examples.DrumBoiler.DrumBoiler,1431,19.9,ok
Modelica.Fluid.Examples.Explanatory.MeasuringTemperature,1491,40.3,ok
Modelica.Fluid.Examples.Explanatory.MomentumBalanceFittings,1336,24.7,ok
Modelica.Fluid.Examples.HeatExchanger.BaseClasses.BasicHX,1425,33.5,ok
Modelica.Fluid.Examples.HeatExchanger.BaseClasses.BasicHX.FlowModel_1,1181,6.8,ok
Modelica.Fluid.Examples.HeatExchanger.BaseClasses.BasicHX.FlowModel_2,1193,6.8,ok
Modelica.Fluid.Examples.HeatExchanger.BaseClasses.BasicHX.HeatTransfer_1,1232,6.6,ok
Modelica.Fluid.Examples.HeatExchanger.BaseClasses.BasicHX.HeatTransfer_2,1259,6.5,ok
Modelica.Fluid.Examples.HeatExchanger.BaseClasses.WallConstProps,1181,6.6,ok
Modelica.Fluid.Examples.HeatExchanger.HeatExchangerSimulation,1955,45.1,ok
Modelica.Fluid.Examples.HeatingSystem,1584,24.7,ok
Modelica.Fluid.Examples.IncompressibleFluidNetwork,2201,56.1,ok
Modelica.Fluid.Examples.InverseParameterization,1331,17.8,ok
Modelica.Fluid.Examples.NonCircularPipes,1363,17.7,ok
Modelica.Fluid.Examples.PumpingSystem,1596,24.6,ok
Modelica.Fluid.Examples.Tanks.EmptyTanks,1348,15.8,ok
Modelica.Fluid.Examples.Tanks.TanksWithOverflow,1457,24.5,ok
Modelica.Fluid.Examples.Tanks.ThreeTanks,1475,18.1,ok
Modelica.Fluid.Examples.TraceSubstances.RoomCO2,1373,15.8,ok
Modelica.Fluid.Examples.TraceSubstances.RoomCO2WithControls,1392,24.6,ok
Modelica.Fluid.Fittings.AbruptAdaptor,1181,6.5,ok
Modelica.Fluid.Fittings.BaseClasses.PartialTeeJunction,1277,6.5,ok
Modelica.Fluid.Fittings.BaseClasses.QuadraticTurbulent.BaseModel,1182,6.5,ok
Modelica.Fluid.Fittings.BaseClasses.QuadraticTurbulent.BaseModelNonconstantCrossSectionArea,1198,6.5,ok
Modelica.Fluid.Fittings.Bends.CurvedBend,1177,6.6,ok
Modelica.Fluid.Fittings.Bends.EdgedBend,1173,6.5,ok
Modelica.Fluid.Fittings.GenericResistances.VolumeFlowRate,1223,6.5,ok
Modelica.Fluid.Fittings.MultiPort,1267,6.5,ok
Modelica.Fluid.Fittings.Orifices.ThickEdgedOrifice,1219,6.6,ok
Modelica.Fluid.Fittings.SharpEdgedOrifice,1177,6.5,ok
Modelica.Fluid.Fittings.SimpleGenericOrifice,1224,6.5,ok
Modelica.Fluid.Fittings.TeeJunctionIdeal,1260,6.6,ok
Modelica.Fluid.Fittings.TeeJunctionVolume,916,4.3,ok
Modelica.Fluid.Interfaces.PartialDistributedFlow,1263,6.6,ok
Modelica.Fluid.Interfaces.PartialDistributedVolume,1202,8.8,ok
Modelica.Fluid.Interfaces.PartialHeatTransfer,1245,6.5,ok
Modelica.Fluid.Interfaces.PartialLumpedFlow,1256,6.5,ok
Modelica.Fluid.Interfaces.PartialLumpedVolume,1192,6.5,ok
Modelica.Fluid.Interfaces.PartialPressureLoss,1213,6.5,ok
Modelica.Fluid.Interfaces.PartialTwoPort,1230,6.5,ok
Modelica.Fluid.Interfaces.PartialTwoPortTransport,1224,6.6,ok
Modelica.Fluid.Machines.BaseClasses.PartialPump,1190,8.8,ok
Modelica.Fluid.Machines.BaseClasses.PartialPump.HeatTransfer,1230,6.5,ok
Modelica.Fluid.Machines.BaseClasses.PartialPump.Monitoring,1208,6.5,ok
Modelica.Fluid.Machines.BaseClasses.PumpMonitoring.PumpMonitoringBase,1217,6.5,ok
Modelica.Fluid.Machines.BaseClasses.PumpMonitoring.PumpMonitoringNPSH,1209,6.5,ok
Modelica.Fluid.Machines.ControlledPump,871,4.5,ok
Modelica.Fluid.Machines.PrescribedPump,892,4.3,ok
Modelica.Fluid.Machines.Pump,864,4.3,ok
Modelica.Fluid.Machines.SweptVolume,873,4.3,ok
Modelica.Fluid.Pipes.BaseClasses.FlowModels.DetailedPipeFlow,1178,6.7,ok
Modelica.Fluid.Pipes.BaseClasses.FlowModels.NominalLaminarFlow,1216,6.6,ok
Modelica.Fluid.Pipes.BaseClasses.FlowModels.NominalTurbulentPipeFlow,1182,6.8,ok
Modelica.Fluid.Pipes.BaseClasses.FlowModels.PartialGenericPipeFlow,1188,6.8,ok
Modelica.Fluid.Pipes.BaseClasses.FlowModels.PartialStaggeredFlowModel,1222,6.5,ok
Modelica.Fluid.Pipes.BaseClasses.FlowModels.TurbulentPipeFlow,1179,6.8,ok
Modelica.Fluid.Pipes.BaseClasses.HeatTransfer.ConstantFlowHeatTransfer,1224,6.6,ok
Modelica.Fluid.Pipes.BaseClasses.HeatTransfer.IdealFlowHeatTransfer,1229,6.5,ok
Modelica.Fluid.Pipes.BaseClasses.HeatTransfer.LocalPipeFlowHeatTransfer,1174,8.7,ok
Modelica.Fluid.Pipes.BaseClasses.HeatTransfer.PartialFlowHeatTransfer,1242,6.5,ok
Modelica.Fluid.Pipes.BaseClasses.HeatTransfer.PartialPipeFlowHeatTransfer,1222,6.5,ok
Modelica.Fluid.Pipes.BaseClasses.PartialStraightPipe,1258,6.5,ok
Modelica.Fluid.Pipes.BaseClasses.PartialStraightPipe.FlowModel,1185,6.7,ok
Modelica.Fluid.Pipes.BaseClasses.PartialTwoPortFlow,1322,8.8,ok
Modelica.Fluid.Pipes.BaseClasses.PartialTwoPortFlow.FlowModel,1184,6.8,ok
Modelica.Fluid.Pipes.DynamicPipe,1202,6.6,ok
Modelica.Fluid.Pipes.DynamicPipe.HeatTransfer,1217,6.6,ok
Modelica.Fluid.Pipes.StaticPipe,1196,8.8,ok
Modelica.Fluid.Sensors.BaseClasses.PartialAbsoluteSensor,1249,6.5,ok
Modelica.Fluid.Sensors.BaseClasses.PartialFlowSensor,1242,6.5,ok
Modelica.Fluid.Sensors.BaseClasses.PartialRelativeSensor,1260,6.6,ok
Modelica.Fluid.Sensors.Density,1273,6.5,ok
Modelica.Fluid.Sensors.DensityTwoPort,1211,6.5,ok
Modelica.Fluid.Sensors.MassFlowRate,1262,6.5,ok
Modelica.Fluid.Sensors.MassFractions,1248,6.5,ok
Modelica.Fluid.Sensors.MassFractionsTwoPort,1214,6.5,ok
Modelica.Fluid.Sensors.Pressure,1260,6.5,ok
Modelica.Fluid.Sensors.RelativePressure,1244,6.5,ok
Modelica.Fluid.Sensors.RelativeTemperature,1237,6.5,ok
Modelica.Fluid.Sensors.SpecificEnthalpy,1252,6.5,ok
Modelica.Fluid.Sensors.SpecificEnthalpyTwoPort,1235,6.5,ok
Modelica.Fluid.Sensors.SpecificEntropy,1279,6.5,ok
Modelica.Fluid.Sensors.SpecificEntropyTwoPort,1210,6.5,ok
Modelica.Fluid.Sensors.Temperature,1262,6.5,ok
Modelica.Fluid.Sensors.TemperatureTwoPort,1256,6.6,ok
Modelica.Fluid.Sensors.TraceSubstances,1300,6.5,ok
Modelica.Fluid.Sensors.TraceSubstancesTwoPort,1233,6.5,ok
Modelica.Fluid.Sensors.VolumeFlowRate,1237,6.5,ok
Modelica.Fluid.Sources.BaseClasses.PartialFlowSource,1197,6.5,ok
Modelica.Fluid.Sources.BaseClasses.PartialSource,1268,6.5,ok
Modelica.Fluid.Sources.Boundary_pT,872,4.5,ok
Modelica.Fluid.Sources.Boundary_ph,862,4.3,ok
Modelica.Fluid.Sources.FixedBoundary,862,4.3,ok
Modelica.Fluid.Sources.MassFlowSource_T,903,4.3,ok
Modelica.Fluid.Sources.MassFlowSource_h,861,4.3,ok
Modelica.Fluid.System,1258,6.6,ok
Modelica.Fluid.UsersGuide.BuildingSystemModels.CustomizingModel,1257,6.5,ok
Modelica.Fluid.UsersGuide.BuildingSystemModels.MediumDefinition,1258,6.5,ok
Modelica.Fluid.UsersGuide.BuildingSystemModels.SystemComponent,1291,6.5,ok
Modelica.Fluid.UsersGuide.ComponentDefinition.BalanceEquations,1259,6.5,ok
Modelica.Fluid.UsersGuide.ComponentDefinition.FluidConnectors,1247,6.5,ok
Modelica.Fluid.UsersGuide.ComponentDefinition.RegularizingCharacteristics,1276,6.5,ok
Modelica.Fluid.UsersGuide.ComponentDefinition.UpstreamDiscretization,1273,6.5,ok
Modelica.Fluid.UsersGuide.ComponentDefinition.ValveCharacteristics,1279,6.5,ok
Modelica.Fluid.UsersGuide.ComponentDefinition.WallFriction,1254,6.5,ok
Modelica.Fluid.UsersGuide.Contact,1281,6.6,ok
Modelica.Fluid.UsersGuide.GettingStarted,1266,6.5,ok
Modelica.Fluid.UsersGuide.Overview,1259,6.5,ok
Modelica.Fluid.UsersGuide.ReleaseNotes,1262,6.5,ok
Modelica.Fluid.Valves.BaseClasses.PartialValve,1207,6.5,ok
Modelica.Fluid.Valves.BaseClasses.PartialValve.MinLimiter,1294,6.6,ok
Modelica.Fluid.Valves.ValveCompressible,1217,6.5,ok
Modelica.Fluid.Valves.ValveDiscrete,1218,6.5,ok
Modelica.Fluid.Valves.ValveDiscreteRamp,1219,6.5,ok
Modelica.Fluid.Valves.ValveIncompressible,1183,6.5,ok
Modelica.Fluid.Valves.ValveLinear,1258,6.6,ok
Modelica.Fluid.Valves.ValveVaporizing,1336,8.8,ok
Modelica.Fluid.Vessels.BaseClasses.HeatTransfer.ConstantHeatTransfer,1249,6.5,ok
Modelica.Fluid.Vessels.BaseClasses.HeatTransfer.IdealHeatTransfer,1219,6.5,ok
Modelica.Fluid.Vessels.BaseClasses.HeatTransfer.PartialVesselHeatTransfer,1279,6.5,ok
Modelica.Fluid.Vessels.BaseClasses.PartialLumpedVessel,1189,6.5,ok
Modelica.Fluid.Vessels.BaseClasses.PartialLumpedVessel.HeatTransfer,1245,6.5,ok
Modelica.Fluid.Vessels.ClosedVolume,857,4.3,ok
Modelica.Fluid.Vessels.OpenTank,884,4.3,ok
Modelica.Icons.Contact,1252,6.5,ok
Modelica.Icons.Example,1263,6.5,ok
Modelica.Icons.Information,1278,6.5,ok
Modelica.Icons.MaterialProperty,1254,6.5,ok
Modelica.Icons.ObsoleteModel,1301,6.5,ok
Modelica.Icons.RectangularSensor,1259,6.5,ok
Modelica.Icons.References,1289,6.5,ok
Modelica.Icons.ReleaseNotes,1252,6.5,ok
Modelica.Icons.RoundSensor,1291,6.5,ok
Modelica.Icons.UnderConstruction,1255,6.6,ok
Modelica.Magnetic.FluxTubes.BaseClasses.FixedShape,1298,6.5,ok
Modelica.Magnetic.FluxTubes.BaseClasses.Force,1264,6.5,ok
Modelica.Magnetic.FluxTubes.BaseClasses.Generic,1295,6.5,ok
Modelica.Magnetic.FluxTubes.BaseClasses.GenericHysteresis,1256,6.6,ok
Modelica.Magnetic.FluxTubes.BaseClasses.GenericHysteresisTellinen,1253,6.5,ok
Modelica.Magnetic.FluxTubes.BaseClasses.Leakage,1302,6.5,ok
Modelica.Magnetic.FluxTubes.Basic.ConstantPermeance,1258,6.5,ok
Modelica.Magnetic.FluxTubes.Basic.ConstantReluctance,1255,6.5,ok
Modelica.Magnetic.FluxTubes.Basic.Crossing,1259,6.5,ok
Modelica.Magnetic.FluxTubes.Basic.EddyCurrent,1269,6.6,ok
Modelica.Magnetic.FluxTubes.Basic.ElectroMagneticConverter,1260,6.5,ok
Modelica.Magnetic.FluxTubes.Basic.ElectroMagneticConverterWithLeakageInductance,1205,6.5,ok
Modelica.Magnetic.FluxTubes.Basic.Ground,1256,6.5,ok
Modelica.Magnetic.FluxTubes.Basic.Idle,1266,6.5,ok
Modelica.Magnetic.FluxTubes.Basic.LeakageWithCoefficient,1278,6.5,ok
Modelica.Magnetic.FluxTubes.Basic.Short,1259,6.5,ok
Modelica.Magnetic.FluxTubes.Basic.VariablePermeance,1197,6.5,ok
Modelica.Magnetic.FluxTubes.Basic.VariableReluctance,1272,6.6,ok
Modelica.Magnetic.FluxTubes.Examples.BasicExamples.QuadraticCoreAirgap,1269,8.8,ok
Modelica.Magnetic.FluxTubes.Examples.BasicExamples.SaturatedInductor,1199,8.8,ok
Modelica.Magnetic.FluxTubes.Examples.BasicExamples.ToroidalCoreAirgap,1294,6.5,ok
Modelica.Magnetic.FluxTubes.Examples.BasicExamples.ToroidalCoreQuadraticCrossSection,1242,6.5,ok
Modelica.Magnetic.FluxTubes.Examples.Hysteresis.Components.Transformer1PhaseWithHysteresis,1263,8.7,ok
Modelica.Magnetic.FluxTubes.Examples.Hysteresis.Components.Transformer3PhaseYyWithHysteresis,1495,15.5,ok
Modelica.Magnetic.FluxTubes.Examples.Hysteresis.HysteresisModelComparison,1374,11,ok
Modelica.Magnetic.FluxTubes.Examples.Hysteresis.InductorWithHysteresis,1280,6.5,ok
Modelica.Magnetic.FluxTubes.Examples.Hysteresis.SinglePhaseTransformerWithHysteresis1,1304,8.8,ok
Modelica.Magnetic.FluxTubes.Examples.Hysteresis.SinglePhaseTransformerWithHysteresis2,1301,8.8,ok
Modelica.Magnetic.FluxTubes.Examples.Hysteresis.ThreePhaseTransformerWithRectifier,1567,28.9,ok
Modelica.Magnetic.FluxTubes.Examples.MovingCoilActuator.ArmatureStroke,1312,11,ok
Modelica.Magnetic.FluxTubes.Examples.MovingCoilActuator.Components.ConstantActuator,1268,6.5,ok
Modelica.Magnetic.FluxTubes.Examples.MovingCoilActuator.Components.PermeanceActuator,1266,8.7,ok
Modelica.Magnetic.FluxTubes.Examples.MovingCoilActuator.ForceCurrentBehaviour,1374,11,ok
Modelica.Magnetic.FluxTubes.Examples.MovingCoilActuator.ForceStrokeBehaviour,1319,8.7,ok
Modelica.Magnetic.FluxTubes.Examples.SolenoidActuator.ComparisonPullInStroke,1677,26.7,ok
Modelica.Magnetic.FluxTubes.Examples.SolenoidActuator.ComparisonQuasiStatic,1630,26.7,ok
Modelica.Magnetic.FluxTubes.Examples.SolenoidActuator.Components.AdvancedSolenoid,1415,11,ok
Modelica.Magnetic.FluxTubes.Examples.SolenoidActuator.Components.SimpleSolenoid,1346,8.7,ok
Modelica.Magnetic.FluxTubes.Examples.Utilities.TranslatoryArmatureAndStopper,1274,6.5,ok
Modelica.Magnetic.FluxTubes.Icons.Cuboid,1247,6.5,ok
Modelica.Magnetic.FluxTubes.Icons.HollowCylinderAxialFlux,1282,6.5,ok
Modelica.Magnetic.FluxTubes.Icons.HollowCylinderCircumferentialFlux,1281,6.6,ok
Modelica.Magnetic.FluxTubes.Icons.HollowCylinderRadialFlux,1258,6.6,ok
Modelica.Magnetic.FluxTubes.Icons.Reluctance,1257,6.6,ok
Modelica.Magnetic.FluxTubes.Icons.Toroid,1248,6.5,ok
Modelica.Magnetic.FluxTubes.Interfaces.ConditionalHeatPort,1255,6.5,ok
Modelica.Magnetic.FluxTubes.Interfaces.TwoPort,1258,6.5,ok
Modelica.Magnetic.FluxTubes.Interfaces.TwoPortElementary,1297,6.6,ok
Modelica.Magnetic.FluxTubes.Interfaces.TwoPortExtended,1248,6.5,ok
Modelica.Magnetic.FluxTubes.Sensors.MagneticFluxSensor,1274,6.6,ok
Modelica.Magnetic.FluxTubes.Sensors.MagneticPotentialDifferenceSensor,1270,6.6,ok
Modelica.Magnetic.FluxTubes.Shapes.FixedShape.Cuboid,1289,6.5,ok
Modelica.Magnetic.FluxTubes.Shapes.FixedShape.GenericFluxTube,1270,6.5,ok
Modelica.Magnetic.FluxTubes.Shapes.FixedShape.HollowCylinderAxialFlux,1261,6.6,ok
Modelica.Magnetic.FluxTubes.Shapes.FixedShape.HollowCylinderCircumferentialFlux,1245,6.5,ok
Modelica.Magnetic.FluxTubes.Shapes.FixedShape.HollowCylinderRadialFlux,1258,6.5,ok
Modelica.Magnetic.FluxTubes.Shapes.FixedShape.Toroid,1282,6.5,ok
Modelica.Magnetic.FluxTubes.Shapes.Force.CuboidOrthogonalFlux,1267,6.5,ok
Modelica.Magnetic.FluxTubes.Shapes.Force.CuboidParallelFlux,1259,6.5,ok
Modelica.Magnetic.FluxTubes.Shapes.Force.HollowCylinderAxialFlux,1282,6.5,ok
Modelica.Magnetic.FluxTubes.Shapes.Force.HollowCylinderRadialFlux,1264,6.6,ok
Modelica.Magnetic.FluxTubes.Shapes.Force.LeakageAroundPoles,1263,6.5,ok
Modelica.Magnetic.FluxTubes.Shapes.HysteresisAndMagnets.GenericHystPreisachEverett,1260,6.5,ok
Modelica.Magnetic.FluxTubes.Shapes.HysteresisAndMagnets.GenericHystTellinenEverett,1279,6.5,ok
Modelica.Magnetic.FluxTubes.Shapes.HysteresisAndMagnets.GenericHystTellinenHard,1269,6.5,ok
Modelica.Magnetic.FluxTubes.Shapes.HysteresisAndMagnets.GenericHystTellinenPermanentMagnet,1259,6.6,ok
Modelica.Magnetic.FluxTubes.Shapes.HysteresisAndMagnets.GenericHystTellinenSoft,1252,6.6,ok
Modelica.Magnetic.FluxTubes.Shapes.HysteresisAndMagnets.GenericHystTellinenTable,1197,8.8,ok
Modelica.Magnetic.FluxTubes.Shapes.HysteresisAndMagnets.GenericLinearPermanentMagnet,1258,6.5,ok
Modelica.Magnetic.FluxTubes.Shapes.Leakage.CoaxCylindersEndFaces,1255,6.6,ok
Modelica.Magnetic.FluxTubes.Shapes.Leakage.EighthOfHollowSphere,1260,6.5,ok
Modelica.Magnetic.FluxTubes.Shapes.Leakage.EighthOfSphere,1262,6.5,ok
Modelica.Magnetic.FluxTubes.Shapes.Leakage.HalfCylinder,1303,6.5,ok
Modelica.Magnetic.FluxTubes.Shapes.Leakage.HalfHollowCylinder,1259,6.5,ok
Modelica.Magnetic.FluxTubes.Shapes.Leakage.QuarterCylinder,1255,6.6,ok
Modelica.Magnetic.FluxTubes.Shapes.Leakage.QuarterHollowCylinder,1255,6.5,ok
Modelica.Magnetic.FluxTubes.Shapes.Leakage.QuarterHollowSphere,1260,6.5,ok
Modelica.Magnetic.FluxTubes.Shapes.Leakage.QuarterSphere,1261,6.5,ok
Modelica.Magnetic.FluxTubes.Sources.ConstantMagneticFlux,1250,6.5,ok
Modelica.Magnetic.FluxTubes.Sources.ConstantMagneticPotentialDifference,1256,6.5,ok
Modelica.Magnetic.FluxTubes.Sources.SignalMagneticFlux,1267,6.6,ok
Modelica.Magnetic.FluxTubes.Sources.SignalMagneticPotentialDifference,1246,6.6,ok
Modelica.Magnetic.FluxTubes.UsersGuide.Contact,1252,6.5,ok
Modelica.Magnetic.FluxTubes.UsersGuide.FluxTubeConcept,1303,6.5,ok
Modelica.Magnetic.FluxTubes.UsersGuide.Hysteresis.DynamicHysteresis,1270,6.5,ok
Modelica.Magnetic.FluxTubes.UsersGuide.Hysteresis.HysteresisLosses,1260,6.6,ok
Modelica.Magnetic.FluxTubes.UsersGuide.Hysteresis.StaticHysteresis.Preisach,1286,6.5,ok
Modelica.Magnetic.FluxTubes.UsersGuide.Hysteresis.StaticHysteresis.Tellinen,1256,6.5,ok
Modelica.Magnetic.FluxTubes.UsersGuide.Literature,1269,6.6,ok
Modelica.Magnetic.FluxTubes.UsersGuide.ReleaseNotes,1254,6.6,ok
Modelica.Magnetic.FluxTubes.UsersGuide.ReluctanceForceCalculation,1267,6.5,ok
Modelica.Magnetic.FundamentalWave.BaseClasses.Machine,1416,26.7,ok
Modelica.Magnetic.FundamentalWave.BasicMachines.Components.PermanentMagnet,1221,6.5,ok
Modelica.Magnetic.FundamentalWave.BasicMachines.Components.RotorSaliencyAirGap,1271,6.5,ok
Modelica.Magnetic.FundamentalWave.BasicMachines.Components.SaliencyCageWinding,1288,8.8,ok
Modelica.Magnetic.FundamentalWave.BasicMachines.Components.SinglePhaseWinding,1211,6.5,ok
Modelica.Magnetic.FundamentalWave.BasicMachines.Components.SymmetricPolyphaseCageWinding,1223,11.1,ok
Modelica.Magnetic.FundamentalWave.BasicMachines.Components.SymmetricPolyphaseWinding,1322,13.3,ok
Modelica.Magnetic.FundamentalWave.BasicMachines.InductionMachines.IM_SlipRing,1617,141.1,ok
Modelica.Magnetic.FundamentalWave.BasicMachines.InductionMachines.IM_SquirrelCage,1538,87.5,ok
Modelica.Magnetic.FundamentalWave.BasicMachines.SynchronousMachines.SM_ElectricalExcited,1422,15.5,ok
Modelica.Magnetic.FundamentalWave.BasicMachines.SynchronousMachines.SM_PermanentMagnet,1275,15.5,ok
Modelica.Magnetic.FundamentalWave.BasicMachines.SynchronousMachines.SM_ReluctanceRotor,1271,15.5,ok
Modelica.Magnetic.FundamentalWave.Components.Crossing,1263,6.5,ok
Modelica.Magnetic.FundamentalWave.Components.EddyCurrent,1245,6.5,ok
Modelica.Magnetic.FundamentalWave.Components.Ground,1262,6.6,ok
Modelica.Magnetic.FundamentalWave.Components.Idle,1243,6.5,ok
Modelica.Magnetic.FundamentalWave.Components.Permeance,1273,6.6,ok
Modelica.Magnetic.FundamentalWave.Components.PolyphaseElectroMagneticConverter,1208,6.5,ok
Modelica.Magnetic.FundamentalWave.Components.Reluctance,1243,6.5,ok
Modelica.Magnetic.FundamentalWave.Components.Short,1248,6.5,ok
Modelica.Magnetic.FundamentalWave.Components.SinglePhaseElectroMagneticConverter,1256,6.6,ok
Modelica.Magnetic.FundamentalWave.Examples.BasicMachines.InductionMachines.IMC_Conveyor,1656,91.5,ok
Modelica.Magnetic.FundamentalWave.Examples.BasicMachines.InductionMachines.IMC_DOL,1886,459,ok
Modelica.Magnetic.FundamentalWave.Examples.BasicMachines.InductionMachines.IMC_Initialize,1647,107.6,ok
Modelica.Magnetic.FundamentalWave.Examples.BasicMachines.InductionMachines.IMC_Inverter,1625,82.8,ok
Modelica.Magnetic.FundamentalWave.Examples.BasicMachines.InductionMachines.IMC_Steinmetz,1630,82.8,ok
Modelica.Magnetic.FundamentalWave.Examples.BasicMachines.InductionMachines.IMC_Transformer,1712,201.5,ok
Modelica.Magnetic.FundamentalWave.Examples.BasicMachines.InductionMachines.IMC_YD,1598,109.8,ok
Modelica.Magnetic.FundamentalWave.Examples.BasicMachines.InductionMachines.IMC_withLosses,1662,122.9,ok
Modelica.Magnetic.FundamentalWave.Examples.BasicMachines.SynchronousMachines.ComparisonPolyphase.SMPM_Inverter_Polyphase,2151,639.7,ok
Modelica.Magnetic.FundamentalWave.Examples.BasicMachines.SynchronousMachines.ComparisonPolyphase.SMR_Inverter_Polyphase,2104,585.1,ok
Modelica.Magnetic.FundamentalWave.Examples.BasicMachines.SynchronousMachines.SMEE_DOL,1765,56.1,ok
Modelica.Magnetic.FundamentalWave.Examples.BasicMachines.SynchronousMachines.SMEE_Generator,1934,251.9,ok
Modelica.Magnetic.FundamentalWave.Examples.BasicMachines.SynchronousMachines.SMEE_LoadDump,1775,60.4,ok
Modelica.Magnetic.FundamentalWave.Examples.BasicMachines.SynchronousMachines.SMEE_Rectifier,1631,49.1,ok
Modelica.Magnetic.FundamentalWave.Examples.BasicMachines.SynchronousMachines.SMPM_Braking,1645,22.3,ok
Modelica.Magnetic.FundamentalWave.Examples.BasicMachines.SynchronousMachines.SMPM_CurrentSource,1597,20.1,ok
Modelica.Magnetic.FundamentalWave.Examples.BasicMachines.SynchronousMachines.SMPM_Inverter,1725,177.6,ok
Modelica.Magnetic.FundamentalWave.Examples.BasicMachines.SynchronousMachines.SMPM_VoltageSource,1656,24.5,ok
Modelica.Magnetic.FundamentalWave.Examples.BasicMachines.SynchronousMachines.SMR_Inverter,1851,162.9,ok
Modelica.Magnetic.FundamentalWave.Examples.Components.EddyCurrentLosses,1518,31.2,ok
Modelica.Magnetic.FundamentalWave.Examples.Components.PolyphaseInductance,1536,22.1,ok
Modelica.Magnetic.FundamentalWave.Examples.Components.SinglePhaseInductance,1214,6.5,ok
Modelica.Magnetic.FundamentalWave.Interfaces.NegativePortInterface,1032,4.5,ok
Modelica.Magnetic.FundamentalWave.Interfaces.PositivePortInterface,1027,4.5,ok
Modelica.Magnetic.FundamentalWave.Interfaces.StateSelector,1052,4.3,ok
Modelica.Magnetic.FundamentalWave.Interfaces.TwoPort,1004,4.5,ok
Modelica.Magnetic.FundamentalWave.Interfaces.TwoPortElementary,1071,4.5,ok
Modelica.Magnetic.FundamentalWave.Interfaces.TwoPortExtended,1017,4.5,ok
Modelica.Magnetic.FundamentalWave.Sensors.MagneticFluxSensor,1044,4.5,ok
Modelica.Magnetic.FundamentalWave.Sensors.MagneticPotentialDifferenceSensor,997,4.5,ok
Modelica.Magnetic.FundamentalWave.Sensors.MagneticPotentialSensor,1013,4.5,ok
Modelica.Magnetic.FundamentalWave.Sources.ConstantFlux,1086,4.6,ok
Modelica.Magnetic.FundamentalWave.Sources.ConstantMagneticPotentialDifference,914,6.5,ok
Modelica.Magnetic.FundamentalWave.Sources.SignalFlux,1039,4.5,ok
Modelica.Magnetic.FundamentalWave.Sources.SignalMagneticPotentialDifference,1068,4.5,ok
Modelica.Magnetic.FundamentalWave.UsersGuide.Concept,1037,4.5,ok
Modelica.Magnetic.FundamentalWave.UsersGuide.Contact,1042,4.5,ok
Modelica.Magnetic.FundamentalWave.UsersGuide.Parameters,993,4.5,ok
Modelica.Magnetic.FundamentalWave.UsersGuide.Polyphase,1025,4.5,ok
Modelica.Magnetic.FundamentalWave.UsersGuide.References,998,4.5,ok
Modelica.Magnetic.FundamentalWave.UsersGuide.ReleaseNotes,1091,4.3,ok
Modelica.Magnetic.FundamentalWave.UsersGuide.WindingModel,999,4.5,ok
Modelica.Magnetic.QuasiStatic.FluxTubes.BaseClasses.FixedShape,976,4.4,ok
Modelica.Magnetic.QuasiStatic.FluxTubes.BaseClasses.Leakage,1099,4.5,ok
Modelica.Magnetic.QuasiStatic.FluxTubes.Basic.ConstantPermeance,1029,4.5,ok
Modelica.Magnetic.QuasiStatic.FluxTubes.Basic.ConstantReluctance,1045,4.5,ok
Modelica.Magnetic.QuasiStatic.FluxTubes.Basic.Crossing,1077,4.5,ok
Modelica.Magnetic.QuasiStatic.FluxTubes.Basic.EddyCurrent,944,6.5,ok
Modelica.Magnetic.QuasiStatic.FluxTubes.Basic.ElectroMagneticConverter,1004,4.5,ok
Modelica.Magnetic.QuasiStatic.FluxTubes.Basic.Ground,1078,4.5,ok
Modelica.Magnetic.QuasiStatic.FluxTubes.Basic.Idle,1062,4.5,ok
Modelica.Magnetic.QuasiStatic.FluxTubes.Basic.LeakageWithCoefficient,1075,4.5,ok
Modelica.Magnetic.QuasiStatic.FluxTubes.Basic.Short,1069,4.5,ok
Modelica.Magnetic.QuasiStatic.FluxTubes.Basic.VariablePermeance,1088,4.5,ok
Modelica.Magnetic.QuasiStatic.FluxTubes.Basic.VariableReluctance,971,4.5,ok
Modelica.Magnetic.QuasiStatic.FluxTubes.Examples.BasicExamples.QuadraticCoreAirgap,1295,6.5,ok
Modelica.Magnetic.QuasiStatic.FluxTubes.Examples.BasicExamples.ToroidalCoreAirgap,1297,6.5,ok
Modelica.Magnetic.QuasiStatic.FluxTubes.Examples.BasicExamples.ToroidalCoreQuadraticCrossSection,1296,6.5,ok
Modelica.Magnetic.QuasiStatic.FluxTubes.Examples.FixedShapes.CuboidSections,1277,6.5,ok
Modelica.Magnetic.QuasiStatic.FluxTubes.Examples.FixedShapes.CylinderSections,1295,6.5,ok
Modelica.Magnetic.QuasiStatic.FluxTubes.Examples.Leakage.CylinderLeakage,1295,6.5,ok
Modelica.Magnetic.QuasiStatic.FluxTubes.Examples.Leakage.GeneralLeakage,1050,6.5,ok
Modelica.Magnetic.QuasiStatic.FluxTubes.Examples.LinearInductor,1237,6.5,ok
Modelica.Magnetic.QuasiStatic.FluxTubes.Examples.NonLinearInductor,1368,9,ok
Modelica.Magnetic.QuasiStatic.FluxTubes.Icons.Cuboid,1048,4.5,ok
Modelica.Magnetic.QuasiStatic.FluxTubes.Icons.HollowCylinderAxialFlux,1026,4.5,ok
Modelica.Magnetic.QuasiStatic.FluxTubes.Icons.HollowCylinderCircumferentialFlux,1061,4.5,ok
Modelica.Magnetic.QuasiStatic.FluxTubes.Icons.HollowCylinderRadialFlux,1065,4.5,ok
Modelica.Magnetic.QuasiStatic.FluxTubes.Icons.Reluctance,994,4.5,ok
Modelica.Magnetic.QuasiStatic.FluxTubes.Icons.Toroid,1065,4.4,ok
Modelica.Magnetic.QuasiStatic.FluxTubes.Interfaces.AbsoluteSensor,1064,4.5,ok
Modelica.Magnetic.QuasiStatic.FluxTubes.Interfaces.RelativeSensor,1072,4.5,ok
Modelica.Magnetic.QuasiStatic.FluxTubes.Interfaces.Source,1020,4.5,ok
Modelica.Magnetic.QuasiStatic.FluxTubes.Interfaces.TwoPort,1067,4.5,ok
Modelica.Magnetic.QuasiStatic.FluxTubes.Interfaces.TwoPortElementary,1068,4.5,ok
Modelica.Magnetic.QuasiStatic.FluxTubes.Sensors.FrequencySensor,967,4.5,ok
Modelica.Magnetic.QuasiStatic.FluxTubes.Sensors.MagneticFluxSensor,1022,6.5,ok
Modelica.Magnetic.QuasiStatic.FluxTubes.Sensors.MagneticPotentialDifferenceSensor,1087,4.5,ok
Modelica.Magnetic.QuasiStatic.FluxTubes.Sensors.MagneticPotentialSensor,977,4.5,ok
Modelica.Magnetic.QuasiStatic.FluxTubes.Sensors.ReferenceSensor,1046,4.4,ok
Modelica.Magnetic.QuasiStatic.FluxTubes.Sensors.Transient.FundamentalWavePermabilitySensor,1210,6.5,ok
Modelica.Magnetic.QuasiStatic.FluxTubes.Sensors.Transient.Permeability,1007,4.5,ok
Modelica.Magnetic.QuasiStatic.FluxTubes.Shapes.FixedShape.Cuboid,1060,4.5,ok
Modelica.Magnetic.QuasiStatic.FluxTubes.Shapes.FixedShape.GenericFluxTube,1039,4.5,ok
Modelica.Magnetic.QuasiStatic.FluxTubes.Shapes.FixedShape.HollowCylinderAxialFlux,1007,4.5,ok
Modelica.Magnetic.QuasiStatic.FluxTubes.Shapes.FixedShape.HollowCylinderCircumferentialFlux,1087,4.5,ok
Modelica.Magnetic.QuasiStatic.FluxTubes.Shapes.FixedShape.HollowCylinderRadialFlux,1039,4.4,ok
Modelica.Magnetic.QuasiStatic.FluxTubes.Shapes.FixedShape.Toroid,993,4.5,ok
Modelica.Magnetic.QuasiStatic.FluxTubes.Shapes.Leakage.CoaxCylindersEndFaces,1011,4.5,ok
Modelica.Magnetic.QuasiStatic.FluxTubes.Shapes.Leakage.EighthOfHollowSphere,1078,4.5,ok
Modelica.Magnetic.QuasiStatic.FluxTubes.Shapes.Leakage.EighthOfSphere,925,4.5,ok
Modelica.Magnetic.QuasiStatic.FluxTubes.Shapes.Leakage.HalfCylinder,1063,4.5,ok
Modelica.Magnetic.QuasiStatic.FluxTubes.Shapes.Leakage.HalfHollowCylinder,1074,4.5,ok
Modelica.Magnetic.QuasiStatic.FluxTubes.Shapes.Leakage.QuarterCylinder,1037,4.5,ok
Modelica.Magnetic.QuasiStatic.FluxTubes.Shapes.Leakage.QuarterHollowCylinder,1020,4.5,ok
Modelica.Magnetic.QuasiStatic.FluxTubes.Shapes.Leakage.QuarterHollowSphere,1071,4.5,ok
Modelica.Magnetic.QuasiStatic.FluxTubes.Shapes.Leakage.QuarterSphere,1076,4.5,ok
Modelica.Magnetic.QuasiStatic.FluxTubes.Sources.ConstantMagneticFlux,962,6.5,ok
Modelica.Magnetic.QuasiStatic.FluxTubes.Sources.ConstantMagneticPotentialDifference,1021,4.5,ok
Modelica.Magnetic.QuasiStatic.FluxTubes.Sources.SignalMagneticFlux,1065,4.5,ok
Modelica.Magnetic.QuasiStatic.FluxTubes.Sources.SignalMagneticPotentialDifference,972,4.5,ok
Modelica.Magnetic.QuasiStatic.FluxTubes.UsersGuide.Contact,1073,4.5,ok
Modelica.Magnetic.QuasiStatic.FluxTubes.UsersGuide.FluxTubeConcept,1088,4.5,ok
Modelica.Magnetic.QuasiStatic.FluxTubes.UsersGuide.Literature,992,4.5,ok
Modelica.Magnetic.QuasiStatic.FluxTubes.UsersGuide.ReleaseNotes,1070,4.5,ok
Modelica.Magnetic.QuasiStatic.FundamentalWave.BaseClasses.Machine,1577,11,ok
Modelica.Magnetic.QuasiStatic.FundamentalWave.BasicMachines.Components.PermanentMagnet,1062,6.5,ok
Modelica.Magnetic.QuasiStatic.FundamentalWave.BasicMachines.Components.QuasiStaticAnalogWinding,1058,4.5,ok
Modelica.Magnetic.QuasiStatic.FundamentalWave.BasicMachines.Components.RotorSaliencyAirGap,1017,4.5,ok
Modelica.Magnetic.QuasiStatic.FundamentalWave.BasicMachines.Components.SaliencyCageWinding,1224,6.5,ok
Modelica.Magnetic.QuasiStatic.FundamentalWave.BasicMachines.Components.SymmetricPolyphaseCageWinding,1158,6.8,ok
Modelica.Magnetic.QuasiStatic.FundamentalWave.BasicMachines.Components.SymmetricPolyphaseWinding,1213,6.5,ok
Modelica.Magnetic.QuasiStatic.FundamentalWave.BasicMachines.InductionMachines.IM_SlipRing,1865,13.5,ok
Modelica.Magnetic.QuasiStatic.FundamentalWave.BasicMachines.InductionMachines.IM_SquirrelCage,1743,13.5,ok
Modelica.Magnetic.QuasiStatic.FundamentalWave.BasicMachines.SynchronousMachines.SM_ElectricalExcited,1700,13.3,ok
Modelica.Magnetic.QuasiStatic.FundamentalWave.BasicMachines.SynchronousMachines.SM_PermanentMagnet,1805,13.3,ok
Modelica.Magnetic.QuasiStatic.FundamentalWave.BasicMachines.SynchronousMachines.SM_ReluctanceRotor,1658,13.2,ok
Modelica.Magnetic.QuasiStatic.FundamentalWave.Components.Crossing,1056,4.5,ok
Modelica.Magnetic.QuasiStatic.FundamentalWave.Components.EddyCurrent,1053,4.5,ok
Modelica.Magnetic.QuasiStatic.FundamentalWave.Components.Ground,1004,4.5,ok
Modelica.Magnetic.QuasiStatic.FundamentalWave.Components.Idle,1072,4.4,ok
Modelica.Magnetic.QuasiStatic.FundamentalWave.Components.Permeance,1020,4.5,ok
Modelica.Magnetic.QuasiStatic.FundamentalWave.Components.PolyphaseElectroMagneticConverter,1175,6.5,ok
Modelica.Magnetic.QuasiStatic.FundamentalWave.Components.QuasiStaticAnalogElectroMagneticConverter,1040,4.4,ok
Modelica.Magnetic.QuasiStatic.FundamentalWave.Components.Reluctance,1063,4.5,ok
Modelica.Magnetic.QuasiStatic.FundamentalWave.Components.Short,1002,4.5,ok
Modelica.Magnetic.QuasiStatic.FundamentalWave.Examples.BasicMachines.InductionMachines.IMC_Characteristics,2348,24.6,ok
Modelica.Magnetic.QuasiStatic.FundamentalWave.Examples.BasicMachines.InductionMachines.IMC_Conveyor,2679,467.2,ok
Modelica.Magnetic.QuasiStatic.FundamentalWave.Examples.BasicMachines.InductionMachines.IMC_DOL,3027,715.7,ok
Modelica.Magnetic.QuasiStatic.FundamentalWave.Examples.BasicMachines.InductionMachines.IMC_Initialize,2661,529.2,ok
Modelica.Magnetic.QuasiStatic.FundamentalWave.Examples.BasicMachines.InductionMachines.IMC_Inverter,2015,19.9,ok
Modelica.Magnetic.QuasiStatic.FundamentalWave.Examples.BasicMachines.InductionMachines.IMC_YD,3177,751.9,ok
Modelica.Magnetic.QuasiStatic.FundamentalWave.Examples.BasicMachines.InductionMachines.IMC_withLosses,2474,22.3,ok
Modelica.Magnetic.QuasiStatic.FundamentalWave.Examples.BasicMachines.InductionMachines.IMS_Characteristics,2310,26.5,ok
Modelica.Magnetic.QuasiStatic.FundamentalWave.Examples.BasicMachines.SynchronousMachines.SMEE_Generator,2675,599.7,ok
Modelica.Magnetic.QuasiStatic.FundamentalWave.Examples.BasicMachines.SynchronousMachines.SMPM_CurrentSource,2784,509.3,ok
Modelica.Magnetic.QuasiStatic.FundamentalWave.Examples.BasicMachines.SynchronousMachines.SMPM_FieldWeakening,2120,31.7,ok
Modelica.Magnetic.QuasiStatic.FundamentalWave.Examples.BasicMachines.SynchronousMachines.SMPM_MTPA,2432,38.5,ok
Modelica.Magnetic.QuasiStatic.FundamentalWave.Examples.BasicMachines.SynchronousMachines.SMPM_OpenCircuit,2220,178.4,ok
Modelica.Magnetic.QuasiStatic.FundamentalWave.Examples.BasicMachines.SynchronousMachines.SMR_CurrentSource,2714,331.2,ok
Modelica.Magnetic.QuasiStatic.FundamentalWave.Examples.Components.EddyCurrentLosses,2276,17.9,ok
Modelica.Magnetic.QuasiStatic.FundamentalWave.Examples.Components.PolyphaseInductance,1810,13.3,ok
Modelica.Magnetic.QuasiStatic.FundamentalWave.Examples.ExampleUtilities.FieldWeakeningController,953,6.5,ok
Modelica.Magnetic.QuasiStatic.FundamentalWave.Examples.ExampleUtilities.SpacePhasorLimiter,971,4.5,ok
Modelica.Magnetic.QuasiStatic.FundamentalWave.Interfaces.TwoPort,1024,4.5,ok
Modelica.Magnetic.QuasiStatic.FundamentalWave.Interfaces.TwoPortElementary,855,4.6,ok
Modelica.Magnetic.QuasiStatic.FundamentalWave.Interfaces.TwoPortExtended,973,4.6,ok
Modelica.Magnetic.QuasiStatic.FundamentalWave.Losses.PermanentMagnetLosses,894,4.6,ok
Modelica.Magnetic.QuasiStatic.FundamentalWave.Losses.StrayLoad,850,6.6,ok
Modelica.Magnetic.QuasiStatic.FundamentalWave.Sensors.MagneticFluxSensor,952,4.5,ok
Modelica.Magnetic.QuasiStatic.FundamentalWave.Sensors.MagneticPotentialDifferenceSensor,907,4.5,ok
Modelica.Magnetic.QuasiStatic.FundamentalWave.Sensors.MagneticPotentialSensor,924,4.5,ok
Modelica.Magnetic.QuasiStatic.FundamentalWave.Sensors.RotorDisplacementAngle,1289,6.6,ok
Modelica.Magnetic.QuasiStatic.FundamentalWave.Sources.ConstantFlux,874,6.5,ok
Modelica.Magnetic.QuasiStatic.FundamentalWave.Sources.ConstantMagneticPotentialDifference,912,6.5,ok
Modelica.Magnetic.QuasiStatic.FundamentalWave.Sources.SignalFlux,903,4.5,ok
Modelica.Magnetic.QuasiStatic.FundamentalWave.Sources.SignalMagneticPotentialDifference,983,4.6,ok
Modelica.Magnetic.QuasiStatic.FundamentalWave.UsersGuide.Concept,883,4.5,ok
Modelica.Magnetic.QuasiStatic.FundamentalWave.UsersGuide.Contact,1018,4.5,ok
Modelica.Magnetic.QuasiStatic.FundamentalWave.UsersGuide.References,906,4.6,ok
Modelica.Magnetic.QuasiStatic.FundamentalWave.UsersGuide.ReleaseNotes,1007,4.6,ok
Modelica.Magnetic.QuasiStatic.FundamentalWave.Utilities.CurrentController,1004,4.5,ok
Modelica.Magnetic.QuasiStatic.FundamentalWave.Utilities.MultiTerminalBox,1298,6.6,ok
Modelica.Magnetic.QuasiStatic.FundamentalWave.Utilities.SwitchYD,1308,8.8,ok
Modelica.Magnetic.QuasiStatic.FundamentalWave.Utilities.SwitchedRheostat,1370,9.1,ok
Modelica.Magnetic.QuasiStatic.FundamentalWave.Utilities.TerminalBox,1300,6.6,ok
Modelica.Magnetic.QuasiStatic.FundamentalWave.Utilities.VfController,960,4.5,ok
Modelica.Math.FastFourierTransform.Examples.RealFFT1,1301,6.5,ok
Modelica.Math.FastFourierTransform.Examples.RealFFT2,1281,6.6,ok
Modelica.Math.Nonlinear.Examples.QuadratureLobatto3,951,4.5,ok
Modelica.Math.Random.Examples.GenerateRandomNumbers,948,4.5,ok
Modelica.Mechanics.MultiBody.Examples.Constraints.PrismaticConstraint,1583,17.8,ok
Modelica.Mechanics.MultiBody.Examples.Constraints.RevoluteConstraint,1560,20.1,ok
Modelica.Mechanics.MultiBody.Examples.Constraints.SphericalConstraint,1581,17.7,ok
Modelica.Mechanics.MultiBody.Examples.Constraints.UniversalConstraint,1622,29.4,ok
Modelica.Mechanics.MultiBody.Examples.Elementary.DoublePendulum,1415,8.8,ok
Modelica.Mechanics.MultiBody.Examples.Elementary.DoublePendulumInitTip,1470,11.1,ok
Modelica.Mechanics.MultiBody.Examples.Elementary.ForceAndTorque,1421,9.1,ok
Modelica.Mechanics.MultiBody.Examples.Elementary.FreeBody,1402,8.8,ok
Modelica.Mechanics.MultiBody.Examples.Elementary.HeatLosses,1527,15.6,ok
Modelica.Mechanics.MultiBody.Examples.Elementary.InitSpringConstant,1421,8.8,ok
Modelica.Mechanics.MultiBody.Examples.Elementary.LineForceWithTwoMasses,1594,17.8,ok
Modelica.Mechanics.MultiBody.Examples.Elementary.Pendulum,1231,6.7,ok
Modelica.Mechanics.MultiBody.Examples.Elementary.PendulumWithSpringDamper,1422,8.8,ok
Modelica.Mechanics.MultiBody.Examples.Elementary.PointGravity,1226,6.5,ok
Modelica.Mechanics.MultiBody.Examples.Elementary.PointGravityWithPointMasses,1242,6.8,ok
Modelica.Mechanics.MultiBody.Examples.Elementary.PointGravityWithPointMasses2,1664,17.8,ok
Modelica.Mechanics.MultiBody.Examples.Elementary.PointGravityWithPointMasses2.PointMass,1219,6.5,ok
Modelica.Mechanics.MultiBody.Examples.Elementary.PointGravityWithPointMasses2.SystemWithStandardBodies,1592,15.8,ok
Modelica.Mechanics.MultiBody.Examples.Elementary.PointGravityWithPointMasses2.SystemWithStandardBodies.PointMass,1215,6.5,ok
Modelica.Mechanics.MultiBody.Examples.Elementary.RollingWheel,1215,6.5,ok
Modelica.Mechanics.MultiBody.Examples.Elementary.RollingWheelSetDriving,1533,13.6,ok
Modelica.Mechanics.MultiBody.Examples.Elementary.RollingWheelSetPulling,1566,15.6,ok
Modelica.Mechanics.MultiBody.Examples.Elementary.SpringDamperSystem,1471,11,ok
Modelica.Mechanics.MultiBody.Examples.Elementary.SpringMassSystem,1418,9,ok
Modelica.Mechanics.MultiBody.Examples.Elementary.SpringWithMass,1207,8.8,ok
Modelica.Mechanics.MultiBody.Examples.Elementary.Surfaces,1371,8.9,ok
Modelica.Mechanics.MultiBody.Examples.Elementary.ThreeSprings,1422,8.9,ok
Modelica.Mechanics.MultiBody.Examples.Elementary.UserDefinedGravityField,1216,6.8,ok
Modelica.Mechanics.MultiBody.Examples.Loops.Engine1a,1669,20.3,ok
Modelica.Mechanics.MultiBody.Examples.Loops.Engine1b,1673,22.5,ok
Modelica.Mechanics.MultiBody.Examples.Loops.Engine1b_analytic,1731,22.4,ok
Modelica.Mechanics.MultiBody.Examples.Loops.EngineV6_analytic,2836,383.5,ok
Modelica.Mechanics.MultiBody.Examples.Loops.Fourbar1,1562,17.8,ok
Modelica.Mechanics.MultiBody.Examples.Loops.Fourbar2,1522,13.2,ok
Modelica.Mechanics.MultiBody.Examples.Loops.Fourbar_analytic,1495,11,ok
Modelica.Mechanics.MultiBody.Examples.Loops.PlanarFourbar,1630,17.9,ok
Modelica.Mechanics.MultiBody.Examples.Loops.PlanarLoops_analytic,1669,29,ok
Modelica.Mechanics.MultiBody.Examples.Loops.Utilities.Cylinder,2695,31.4,ok
Modelica.Mechanics.MultiBody.Examples.Loops.Utilities.CylinderBase,1652,22.4,ok
Modelica.Mechanics.MultiBody.Examples.Loops.Utilities.Cylinder_analytic_CAD,2333,22.3,ok
Modelica.Mechanics.MultiBody.Examples.Loops.Utilities.Engine1Base,1625,20.1,ok
Modelica.Mechanics.MultiBody.Examples.Loops.Utilities.Engine1bBase,1612,22.3,ok
Modelica.Mechanics.MultiBody.Examples.Loops.Utilities.EngineV6_analytic,8367,122,ok
Modelica.Mechanics.MultiBody.Examples.Loops.Utilities.EngineV6_analytic.Cylinder,1979,22.3,ok
Modelica.Mechanics.MultiBody.Examples.Loops.Utilities.GasForce2,1038,4.5,ok
Modelica.Mechanics.MultiBody.Examples.Rotational3DEffects.ActuatedDrive,1410,9,ok
Modelica.Mechanics.MultiBody.Examples.Rotational3DEffects.BevelGear1D,1491,13.3,ok
Modelica.Mechanics.MultiBody.Examples.Rotational3DEffects.GearConstraint,1489,11,ok
Modelica.Mechanics.MultiBody.Examples.Rotational3DEffects.GyroscopicEffects,1642,20.1,ok
Modelica.Mechanics.MultiBody.Examples.Rotational3DEffects.MovingActuatedDrive,1471,13.3,ok
Modelica.Mechanics.MultiBody.Examples.Systems.RobotR3.FullRobot,2312,773.4,ok
Modelica.Mechanics.MultiBody.Examples.Systems.RobotR3.OneAxis,1454,11,ok
Modelica.Mechanics.MultiBody.Examples.Systems.RobotR3.Utilities.AxisType1,1339,8.8,ok
Modelica.Mechanics.MultiBody.Examples.Systems.RobotR3.Utilities.AxisType2,1319,6.8,ok
Modelica.Mechanics.MultiBody.Examples.Systems.RobotR3.Utilities.Controller,1024,4.6,ok
Modelica.Mechanics.MultiBody.Examples.Systems.RobotR3.Utilities.GearType1,1039,6.5,ok
Modelica.Mechanics.MultiBody.Examples.Systems.RobotR3.Utilities.GearType2,1021,6.5,ok
Modelica.Mechanics.MultiBody.Examples.Systems.RobotR3.Utilities.MechanicalStructure,1649,26.7,ok
Modelica.Mechanics.MultiBody.Examples.Systems.RobotR3.Utilities.Motor,1295,6.5,ok
Modelica.Mechanics.MultiBody.Examples.Systems.RobotR3.Utilities.PathPlanning1,1203,6.5,ok
Modelica.Mechanics.MultiBody.Examples.Systems.RobotR3.Utilities.PathPlanning6,1202,6.8,ok
Modelica.Mechanics.MultiBody.Examples.Systems.RobotR3.Utilities.PathToAxisControlBus,957,4.5,ok
Modelica.Mechanics.MultiBody.Forces.Damper,1243,6.6,ok
Modelica.Mechanics.MultiBody.Forces.Force,1225,6.8,ok
Modelica.Mechanics.MultiBody.Forces.ForceAndTorque,1422,8.8,ok
Modelica.Mechanics.MultiBody.Forces.Internal.BasicForce,1249,6.5,ok
Modelica.Mechanics.MultiBody.Forces.Internal.BasicTorque,1245,6.5,ok
Modelica.Mechanics.MultiBody.Forces.Internal.BasicWorldForce,1243,6.5,ok
Modelica.Mechanics.MultiBody.Forces.Internal.BasicWorldTorque,1243,6.5,ok
Modelica.Mechanics.MultiBody.Forces.Internal.ZeroForceAndTorque,1018,4.5,ok
Modelica.Mechanics.MultiBody.Forces.LineForceWithMass,1249,6.6,ok
Modelica.Mechanics.MultiBody.Forces.LineForceWithTwoMasses,1250,6.5,ok
Modelica.Mechanics.MultiBody.Forces.Spring,1196,8.7,ok
Modelica.Mechanics.MultiBody.Forces.SpringDamperParallel,1231,6.6,ok
Modelica.Mechanics.MultiBody.Forces.SpringDamperSeries,1242,6.5,ok
Modelica.Mechanics.MultiBody.Forces.Torque,1237,6.8,ok
Modelica.Mechanics.MultiBody.Forces.WorldForce,1262,6.6,ok
Modelica.Mechanics.MultiBody.Forces.WorldForceAndTorque,1031,8.8,ok
Modelica.Mechanics.MultiBody.Forces.WorldTorque,1223,6.7,ok
Modelica.Mechanics.MultiBody.Icons.Surface,1017,4.5,ok
Modelica.Mechanics.MultiBody.Interfaces.FlangeWithBearingAdaptor,1012,4.5,ok
Modelica.Mechanics.MultiBody.Interfaces.LineForceBase,1251,6.5,ok
Modelica.Mechanics.MultiBody.Interfaces.PartialAbsoluteSensor,1241,6.6,ok
Modelica.Mechanics.MultiBody.Interfaces.PartialElementaryJoint,1267,6.6,ok
Modelica.Mechanics.MultiBody.Interfaces.PartialForce,1242,6.5,ok
Modelica.Mechanics.MultiBody.Interfaces.PartialLineForce,1252,6.5,ok
Modelica.Mechanics.MultiBody.Interfaces.PartialOneFrame_a,1239,6.5,ok
Modelica.Mechanics.MultiBody.Interfaces.PartialOneFrame_b,1243,6.6,ok
Modelica.Mechanics.MultiBody.Interfaces.PartialRelativeSensor,1244,6.5,ok
Modelica.Mechanics.MultiBody.Interfaces.PartialTwoFrames,1245,6.5,ok
Modelica.Mechanics.MultiBody.Interfaces.PartialTwoFramesDoubleSize,1243,6.5,ok
Modelica.Mechanics.MultiBody.Interfaces.PartialVisualizer,1236,6.5,ok
Modelica.Mechanics.MultiBody.Interfaces.ZeroPosition,959,4.5,ok
Modelica.Mechanics.MultiBody.Joints.Assemblies.JointRRP,1347,11,ok
Modelica.Mechanics.MultiBody.Joints.Assemblies.JointRRR,1363,11.1,ok
Modelica.Mechanics.MultiBody.Joints.Assemblies.JointSSP,1329,8.9,ok
Modelica.Mechanics.MultiBody.Joints.Assemblies.JointSSR,1324,8.8,ok
Modelica.Mechanics.MultiBody.Joints.Assemblies.JointUPS,1224,8.8,ok
Modelica.Mechanics.MultiBody.Joints.Assemblies.JointUSP,1546,11,ok
Modelica.Mechanics.MultiBody.Joints.Assemblies.JointUSR,1577,11.1,ok
Modelica.Mechanics.MultiBody.Joints.Constraints.Prismatic,1247,6.6,ok
Modelica.Mechanics.MultiBody.Joints.Constraints.Revolute,1227,6.5,ok
Modelica.Mechanics.MultiBody.Joints.Constraints.Spherical,1246,6.6,ok
Modelica.Mechanics.MultiBody.Joints.Constraints.Universal,1251,6.6,ok
Modelica.Mechanics.MultiBody.Joints.Cylindrical,1164,8.8,ok
Modelica.Mechanics.MultiBody.Joints.FreeMotion,1255,6.6,ok
Modelica.Mechanics.MultiBody.Joints.FreeMotionScalarInit,1255,6.5,ok
Modelica.Mechanics.MultiBody.Joints.GearConstraint,1334,8.7,ok
Modelica.Mechanics.MultiBody.Joints.Internal.InitAngle,1005,4.5,ok
Modelica.Mechanics.MultiBody.Joints.Internal.InitAngularVelocity,1049,4.5,ok
Modelica.Mechanics.MultiBody.Joints.Internal.InitPosition,995,4.5,ok
Modelica.Mechanics.MultiBody.Joints.Internal.PrismaticWithLengthConstraint,1247,6.5,ok
Modelica.Mechanics.MultiBody.Joints.Internal.RevoluteWithLengthConstraint,1257,6.6,ok
Modelica.Mechanics.MultiBody.Joints.Internal.RollingConstraintVerticalWheel,1008,4.6,ok
Modelica.Mechanics.MultiBody.Joints.Planar,1314,8.8,ok
Modelica.Mechanics.MultiBody.Joints.Prismatic,1242,6.6,ok
Modelica.Mechanics.MultiBody.Joints.Revolute,1239,6.6,ok
Modelica.Mechanics.MultiBody.Joints.RevolutePlanarLoopConstraint,1206,6.5,ok
Modelica.Mechanics.MultiBody.Joints.RollingWheel,1017,4.5,ok
Modelica.Mechanics.MultiBody.Joints.RollingWheelSet,1805,13.3,ok
Modelica.Mechanics.MultiBody.Joints.Spherical,1251,6.5,ok
Modelica.Mechanics.MultiBody.Joints.SphericalSpherical,1249,6.6,ok
Modelica.Mechanics.MultiBody.Joints.Universal,1391,8.8,ok
Modelica.Mechanics.MultiBody.Joints.UniversalSpherical,1219,8.8,ok
Modelica.Mechanics.MultiBody.Parts.BevelGear1D,1252,6.5,ok
Modelica.Mechanics.MultiBody.Parts.BevelGear1D.Housing,1010,4.5,ok
Modelica.Mechanics.MultiBody.Parts.Body,1253,6.5,ok
Modelica.Mechanics.MultiBody.Parts.BodyBox,1395,8.8,ok
Modelica.Mechanics.MultiBody.Parts.BodyCylinder,1403,8.7,ok
Modelica.Mechanics.MultiBody.Parts.BodyShape,1410,8.8,ok
Modelica.Mechanics.MultiBody.Parts.Fixed,1245,6.5,ok
Modelica.Mechanics.MultiBody.Parts.FixedRotation,1228,6.5,ok
Modelica.Mechanics.MultiBody.Parts.FixedTranslation,1248,6.6,ok
Modelica.Mechanics.MultiBody.Parts.Mounting1D,1256,6.6,ok
Modelica.Mechanics.MultiBody.Parts.Mounting1D.Housing,1033,4.5,ok
Modelica.Mechanics.MultiBody.Parts.PointMass,1270,6.5,ok
Modelica.Mechanics.MultiBody.Parts.RollingWheel,1228,6.5,ok
Modelica.Mechanics.MultiBody.Parts.RollingWheelSet,1562,17.9,ok
Modelica.Mechanics.MultiBody.Parts.Rotor1D,1373,8.8,ok
Modelica.Mechanics.MultiBody.Parts.Rotor1D.RotorWith3DEffects,1214,6.5,ok
Modelica.Mechanics.MultiBody.Sensors.AbsoluteAngles,1032,4.5,ok
Modelica.Mechanics.MultiBody.Sensors.AbsoluteAngularVelocity,1056,4.5,ok
Modelica.Mechanics.MultiBody.Sensors.AbsolutePosition,1078,4.5,ok
Modelica.Mechanics.MultiBody.Sensors.AbsoluteSensor,1263,6.6,ok
Modelica.Mechanics.MultiBody.Sensors.AbsoluteVelocity,983,6.6,ok
Modelica.Mechanics.MultiBody.Sensors.CutForce,1241,6.8,ok
Modelica.Mechanics.MultiBody.Sensors.CutForceAndTorque,1424,8.8,ok
Modelica.Mechanics.MultiBody.Sensors.CutTorque,1249,6.8,ok
Modelica.Mechanics.MultiBody.Sensors.Distance,1244,6.6,ok
Modelica.Mechanics.MultiBody.Sensors.Internal.BasicAbsoluteAngularVelocity,1000,4.5,ok
Modelica.Mechanics.MultiBody.Sensors.Internal.BasicAbsolutePosition,1040,4.5,ok
Modelica.Mechanics.MultiBody.Sensors.Internal.BasicCutForce,1252,6.5,ok
Modelica.Mechanics.MultiBody.Sensors.Internal.BasicCutTorque,1282,6.5,ok
Modelica.Mechanics.MultiBody.Sensors.Internal.BasicRelativeAngularVelocity,972,4.5,ok
Modelica.Mechanics.MultiBody.Sensors.Internal.BasicRelativePosition,1076,4.6,ok
Modelica.Mechanics.MultiBody.Sensors.Internal.BasicTransformAbsoluteVector,1067,4.5,ok
Modelica.Mechanics.MultiBody.Sensors.Internal.BasicTransformRelativeVector,1023,4.5,ok
Modelica.Mechanics.MultiBody.Sensors.Internal.PartialAbsoluteBaseSensor,990,4.5,ok
Modelica.Mechanics.MultiBody.Sensors.Internal.PartialAbsoluteSensor,997,4.6,ok
Modelica.Mechanics.MultiBody.Sensors.Internal.PartialCutForceBaseSensor,1248,6.6,ok
Modelica.Mechanics.MultiBody.Sensors.Internal.PartialCutForceSensor,1250,6.5,ok
Modelica.Mechanics.MultiBody.Sensors.Internal.PartialRelativeBaseSensor,989,4.5,ok
Modelica.Mechanics.MultiBody.Sensors.Internal.PartialRelativeSensor,994,4.5,ok
Modelica.Mechanics.MultiBody.Sensors.Power,1239,6.5,ok
Modelica.Mechanics.MultiBody.Sensors.RelativeAngles,981,4.5,ok
Modelica.Mechanics.MultiBody.Sensors.RelativeAngularVelocity,1056,4.6,ok
Modelica.Mechanics.MultiBody.Sensors.RelativePosition,987,4.5,ok
Modelica.Mechanics.MultiBody.Sensors.RelativeSensor,1246,6.5,ok
Modelica.Mechanics.MultiBody.Sensors.RelativeVelocity,1035,6.5,ok
Modelica.Mechanics.MultiBody.Sensors.TransformAbsoluteVector,1032,4.5,ok
Modelica.Mechanics.MultiBody.Sensors.TransformRelativeVector,1004,4.5,ok
Modelica.Mechanics.MultiBody.UsersGuide.Contact,1094,4.5,ok
Modelica.Mechanics.MultiBody.UsersGuide.Literature,1017,4.5,ok
Modelica.Mechanics.MultiBody.UsersGuide.Tutorial.ConnectionOfLineForces,1040,4.5,ok
Modelica.Mechanics.MultiBody.UsersGuide.Tutorial.FirstExample,918,4.5,ok
Modelica.Mechanics.MultiBody.UsersGuide.Tutorial.LoopStructures.AnalyticLoopHandling,1056,4.5,ok
Modelica.Mechanics.MultiBody.UsersGuide.Tutorial.LoopStructures.Introduction,984,4.5,ok
Modelica.Mechanics.MultiBody.UsersGuide.Tutorial.LoopStructures.PlanarLoops,1048,4.5,ok
Modelica.Mechanics.MultiBody.UsersGuide.Tutorial.OverView,1051,4.6,ok
Modelica.Mechanics.MultiBody.Visualizers.Advanced.Arrow,1244,6.5,ok
Modelica.Mechanics.MultiBody.Visualizers.Advanced.DoubleArrow,1245,6.6,ok
Modelica.Mechanics.MultiBody.Visualizers.Advanced.PipeWithScalarField,1038,6.6,ok
Modelica.Mechanics.MultiBody.Visualizers.Advanced.Shape,1038,4.5,ok
Modelica.Mechanics.MultiBody.Visualizers.Advanced.Surface,1034,4.6,ok
Modelica.Mechanics.MultiBody.Visualizers.Advanced.Vector,920,4.5,ok
Modelica.Mechanics.MultiBody.Visualizers.FixedArrow,1242,6.6,ok
Modelica.Mechanics.MultiBody.Visualizers.FixedFrame,1354,8.8,ok
Modelica.Mechanics.MultiBody.Visualizers.FixedShape,1245,6.6,ok
Modelica.Mechanics.MultiBody.Visualizers.FixedShape2,1248,6.5,ok
Modelica.Mechanics.MultiBody.Visualizers.Internal.FixedLines,1201,6.6,ok
Modelica.Mechanics.MultiBody.Visualizers.Internal.Lines,1089,6.5,ok
Modelica.Mechanics.MultiBody.Visualizers.PipeWithScalarField,1212,6.6,ok
Modelica.Mechanics.MultiBody.Visualizers.Rectangle,1246,6.5,ok
Modelica.Mechanics.MultiBody.Visualizers.SignalArrow,1259,6.5,ok
Modelica.Mechanics.MultiBody.Visualizers.Torus,1248,6.5,ok
Modelica.Mechanics.MultiBody.Visualizers.VoluminousWheel,1270,6.5,ok
Modelica.Mechanics.MultiBody.World,1232,6.6,ok
Modelica.Mechanics.Rotational.Components.AngleToTorqueAdaptor,1029,4.5,ok
Modelica.Mechanics.Rotational.Components.AngleToTorqueAdaptor.Move_phi,957,4.6,ok
Modelica.Mechanics.Rotational.Components.AngleToTorqueAdaptor.Move_w,1196,6.6,ok
Modelica.Mechanics.Rotational.Components.BearingFriction,1020,6.6,ok
Modelica.Mechanics.Rotational.Components.Brake,990,6.6,ok
Modelica.Mechanics.Rotational.Components.Clutch,981,6.6,ok
Modelica.Mechanics.Rotational.Components.Damper,992,4.5,ok
Modelica.Mechanics.Rotational.Components.Disc,1007,4.5,ok
Modelica.Mechanics.Rotational.Components.ElastoBacklash,970,4.6,ok
Modelica.Mechanics.Rotational.Components.ElastoBacklash2,1007,4.5,ok
Modelica.Mechanics.Rotational.Components.Fixed,972,4.5,ok
Modelica.Mechanics.Rotational.Components.Gearbox,4468,11.1,ok
Modelica.Mechanics.Rotational.Components.GeneralAngleToTorqueAdaptor,978,4.6,ok
Modelica.Mechanics.Rotational.Components.GeneralTorqueToAngleAdaptor,990,4.6,ok
Modelica.Mechanics.Rotational.Components.IdealGear,947,6.5,ok
Modelica.Mechanics.Rotational.Components.IdealGearR2T,890,6.5,ok
Modelica.Mechanics.Rotational.Components.IdealPlanetary,1018,4.5,ok
Modelica.Mechanics.Rotational.Components.IdealRollingWheel,921,4.5,ok
Modelica.Mechanics.Rotational.Components.Inertia,1015,4.5,ok
Modelica.Mechanics.Rotational.Components.InitializeFlange,979,4.5,ok
Modelica.Mechanics.Rotational.Components.InitializeFlange.Set_a_start,1014,4.5,ok
Modelica.Mechanics.Rotational.Components.InitializeFlange.Set_flange_tau,1000,4.5,ok
Modelica.Mechanics.Rotational.Components.InitializeFlange.Set_phi_start,994,4.5,ok
Modelica.Mechanics.Rotational.Components.InitializeFlange.Set_w_start,987,4.5,ok
Modelica.Mechanics.Rotational.Components.LossyGear,4306,11,ok
Modelica.Mechanics.Rotational.Components.OneWayClutch,994,6.5,ok
Modelica.Mechanics.Rotational.Components.RelativeStates,1007,4.5,ok
Modelica.Mechanics.Rotational.Components.Spring,1022,4.5,ok
Modelica.Mechanics.Rotational.Components.SpringDamper,1042,4.6,ok
Modelica.Mechanics.Rotational.Components.TorqueToAngleAdaptor,1018,4.5,ok
Modelica.Mechanics.Rotational.Examples.Backlash,1065,6.5,ok
Modelica.Mechanics.Rotational.Examples.CompareBrakingTorque,994,6.6,ok
Modelica.Mechanics.Rotational.Examples.CoupledClutches,1287,6.5,ok
Modelica.Mechanics.Rotational.Examples.EddyCurrentBrake,1045,6.5,ok
Modelica.Mechanics.Rotational.Examples.ElasticBearing,995,6.5,ok
Modelica.Mechanics.Rotational.Examples.First,1027,6.5,ok
Modelica.Mechanics.Rotational.Examples.FirstGrounded,955,6.5,ok
Modelica.Mechanics.Rotational.Examples.Friction,1295,6.5,ok
Modelica.Mechanics.Rotational.Examples.GenerationOfFMUs,1288,6.5,ok
Modelica.Mechanics.Rotational.Examples.HeatLosses,1425,8.8,ok
Modelica.Mechanics.Rotational.Examples.LossyGearDemo1,1230,6.6,ok
Modelica.Mechanics.Rotational.Examples.LossyGearDemo2,1284,6.5,ok
Modelica.Mechanics.Rotational.Examples.LossyGearDemo3,4071,11,ok
Modelica.Mechanics.Rotational.Examples.OneWayClutch,1098,6.6,ok
Modelica.Mechanics.Rotational.Examples.OneWayClutchDisengaged,1211,6.5,ok
Modelica.Mechanics.Rotational.Examples.RollingWheel,1004,6.5,ok
Modelica.Mechanics.Rotational.Examples.SimpleGearShift,1288,6.5,ok
Modelica.Mechanics.Rotational.Examples.Utilities.DirectInertia,1036,4.5,ok
Modelica.Mechanics.Rotational.Examples.Utilities.InverseInertia,1065,4.6,ok
Modelica.Mechanics.Rotational.Examples.Utilities.Spring,1036,4.5,ok
Modelica.Mechanics.Rotational.Examples.Utilities.SpringDamper,1003,6.5,ok
Modelica.Mechanics.Rotational.Examples.Utilities.SpringDamperNoRelativeStates,1041,4.5,ok
Modelica.Mechanics.Rotational.Icons.Clutch,1027,4.6,ok
Modelica.Mechanics.Rotational.Icons.Gear,1054,4.6,ok
Modelica.Mechanics.Rotational.Icons.Gearbox,875,4.3,ok
Modelica.Mechanics.Rotational.Interfaces.InternalSupport,864,4.3,ok
Modelica.Mechanics.Rotational.Interfaces.PartialAbsoluteSensor,921,4.3,ok
Modelica.Mechanics.Rotational.Interfaces.PartialCompliant,877,4.5,ok
Modelica.Mechanics.Rotational.Interfaces.PartialCompliantWithRelativeStates,1082,4.5,ok
Modelica.Mechanics.Rotational.Interfaces.PartialElementaryOneFlangeAndSupport2,864,4.3,ok
Modelica.Mechanics.Rotational.Interfaces.PartialElementaryRotationalToTranslational,863,4.5,ok
Modelica.Mechanics.Rotational.Interfaces.PartialElementaryTwoFlangesAndSupport2,935,4.3,ok
Modelica.Mechanics.Rotational.Interfaces.PartialFriction,912,4.5,ok
Modelica.Mechanics.Rotational.Interfaces.PartialOneFlangeAndSupport,928,4.5,ok
Modelica.Mechanics.Rotational.Interfaces.PartialRelativeSensor,865,4.3,ok
Modelica.Mechanics.Rotational.Interfaces.PartialTorque,950,4.5,ok
Modelica.Mechanics.Rotational.Interfaces.PartialTwoFlanges,884,4.3,ok
Modelica.Mechanics.Rotational.Interfaces.PartialTwoFlangesAndSupport,1015,4.5,ok
Modelica.Mechanics.Rotational.Sensors.AccSensor,912,4.3,ok
Modelica.Mechanics.Rotational.Sensors.AngleSensor,862,4.3,ok
Modelica.Mechanics.Rotational.Sensors.MultiSensor,867,4.3,ok
Modelica.Mechanics.Rotational.Sensors.PowerSensor,999,4.5,ok
Modelica.Mechanics.Rotational.Sensors.RelAccSensor,861,4.5,ok
Modelica.Mechanics.Rotational.Sensors.RelAngleSensor,1011,4.5,ok
Modelica.Mechanics.Rotational.Sensors.RelSpeedSensor,966,4.3,ok
Modelica.Mechanics.Rotational.Sensors.SpeedSensor,1012,4.5,ok
Modelica.Mechanics.Rotational.Sensors.TorqueSensor,923,4.5,ok
Modelica.Mechanics.Rotational.Sources.Accelerate,874,4.5,ok
Modelica.Mechanics.Rotational.Sources.ConstantSpeed,940,4.5,ok
Modelica.Mechanics.Rotational.Sources.ConstantTorque,938,4.5,ok
Modelica.Mechanics.Rotational.Sources.EddyCurrentTorque,869,4.6,ok
Modelica.Mechanics.Rotational.Sources.InverseSpeedDependentTorque,888,4.5,ok
Modelica.Mechanics.Rotational.Sources.LinearSpeedDependentTorque,884,4.3,ok
Modelica.Mechanics.Rotational.Sources.Move,1015,4.5,ok
Modelica.Mechanics.Rotational.Sources.Position,889,4.3,ok
Modelica.Mechanics.Rotational.Sources.QuadraticSpeedDependentTorque,1005,4.5,ok
Modelica.Mechanics.Rotational.Sources.SignTorque,1046,4.5,ok
Modelica.Mechanics.Rotational.Sources.Speed,933,4.5,ok
Modelica.Mechanics.Rotational.Sources.Torque,987,4.5,ok
Modelica.Mechanics.Rotational.Sources.Torque2,1007,4.5,ok
Modelica.Mechanics.Rotational.Sources.TorqueStep,1016,4.5,ok
Modelica.Mechanics.Rotational.UsersGuide.Contact,867,4.5,ok
Modelica.Mechanics.Rotational.UsersGuide.FlangeConnectors,1025,4.3,ok
Modelica.Mechanics.Rotational.UsersGuide.ModelingOfFriction,873,4.3,ok
Modelica.Mechanics.Rotational.UsersGuide.Overview,884,4.3,ok
Modelica.Mechanics.Rotational.UsersGuide.References,1090,4.3,ok
Modelica.Mechanics.Rotational.UsersGuide.RequirementsForSimulationTool,856,4.3,ok
Modelica.Mechanics.Rotational.UsersGuide.SignConventions,924,4.3,ok
Modelica.Mechanics.Rotational.UsersGuide.StateSelection,940,4.3,ok
Modelica.Mechanics.Rotational.UsersGuide.SupportTorques,958,4.5,ok
Modelica.Mechanics.Rotational.UsersGuide.UserDefinedComponents,866,4.4,ok
Modelica.Mechanics.Translational.Components.Brake,937,4.5,ok
Modelica.Mechanics.Translational.Components.Damper,946,4.6,ok
Modelica.Mechanics.Translational.Components.ElastoGap,859,4.5,ok
Modelica.Mechanics.Translational.Components.Fixed,1048,4.5,ok
Modelica.Mechanics.Translational.Components.GeneralForceToPositionAdaptor,926,4.6,ok
Modelica.Mechanics.Translational.Components.GeneralPositionToForceAdaptor,1006,4.5,ok
Modelica.Mechanics.Translational.Components.IdealGearR2T,867,4.5,ok
Modelica.Mechanics.Translational.Components.IdealRollingWheel,878,4.5,ok
Modelica.Mechanics.Translational.Components.InitializeFlange,995,4.5,ok
Modelica.Mechanics.Translational.Components.InitializeFlange.Set_a_start,947,4.5,ok
Modelica.Mechanics.Translational.Components.InitializeFlange.Set_flange_f,897,4.5,ok
Modelica.Mechanics.Translational.Components.InitializeFlange.Set_s_start,978,4.5,ok
Modelica.Mechanics.Translational.Components.InitializeFlange.Set_v_start,967,4.5,ok
Modelica.Mechanics.Translational.Components.Mass,1079,4.5,ok
Modelica.Mechanics.Translational.Components.MassWithStopAndFriction,879,4.5,ok
Modelica.Mechanics.Translational.Components.MassWithStopAndFriction.PartialFrictionWithStop,949,4.5,ok
Modelica.Mechanics.Translational.Components.RelativeStates,1018,4.5,ok
Modelica.Mechanics.Translational.Components.Rod,868,4.5,ok
Modelica.Mechanics.Translational.Components.RollingResistance,874,4.5,ok
Modelica.Mechanics.Translational.Components.Spring,866,4.5,ok
Modelica.Mechanics.Translational.Components.SpringDamper,1005,4.6,ok
Modelica.Mechanics.Translational.Components.SupportFriction,876,4.5,ok
Modelica.Mechanics.Translational.Components.Vehicle,889,6.5,ok
Modelica.Mechanics.Translational.Examples.Accelerate,942,4.5,ok
Modelica.Mechanics.Translational.Examples.Brake,1286,6.5,ok
Modelica.Mechanics.Translational.Examples.CompareBrakingForce,1007,6.5,ok
Modelica.Mechanics.Translational.Examples.Damper,923,4.5,ok
Modelica.Mechanics.Translational.Examples.EddyCurrentBrake,883,4.5,ok
Modelica.Mechanics.Translational.Examples.ElastoGap,867,4.5,ok
Modelica.Mechanics.Translational.Examples.Friction,1313,6.5,ok
Modelica.Mechanics.Translational.Examples.GenerationOfFMUs,1291,8.8,ok
Modelica.Mechanics.Translational.Examples.HeatLosses,1331,6.5,ok
Modelica.Mechanics.Translational.Examples.InitialConditions,929,4.5,ok
Modelica.Mechanics.Translational.Examples.Oscillator,888,4.5,ok
Modelica.Mechanics.Translational.Examples.PreLoad,1286,6.5,ok
Modelica.Mechanics.Translational.Examples.Sensors,869,4.6,ok
Modelica.Mechanics.Translational.Examples.SignConvention,898,4.5,ok
Modelica.Mechanics.Translational.Examples.Utilities.DirectMass,860,4.5,ok
Modelica.Mechanics.Translational.Examples.Utilities.InverseMass,971,4.5,ok
Modelica.Mechanics.Translational.Examples.Utilities.Spring,869,4.5,ok
Modelica.Mechanics.Translational.Examples.Utilities.SpringDamper,876,4.5,ok
Modelica.Mechanics.Translational.Examples.Utilities.SpringDamperNoRelativeStates,882,4.3,ok
Modelica.Mechanics.Translational.Examples.Vehicle,1312,6.8,ok
Modelica.Mechanics.Translational.Examples.WhyArrows,1099,4.5,ok
Modelica.Mechanics.Translational.Interfaces.InternalSupport,872,4.3,ok
Modelica.Mechanics.Translational.Interfaces.PartialAbsoluteSensor,855,4.3,ok
Modelica.Mechanics.Translational.Interfaces.PartialCompliant,876,4.3,ok
Modelica.Mechanics.Translational.Interfaces.PartialCompliantWithRelativeStates,882,4.3,ok
Modelica.Mechanics.Translational.Interfaces.PartialElementaryOneFlangeAndSupport2,860,4.3,ok
Modelica.Mechanics.Translational.Interfaces.PartialElementaryRotationalToTranslational,940,4.3,ok
Modelica.Mechanics.Translational.Interfaces.PartialElementaryTwoFlangesAndSupport2,1079,4.5,ok
Modelica.Mechanics.Translational.Interfaces.PartialForce,1047,4.3,ok
Modelica.Mechanics.Translational.Interfaces.PartialFriction,861,4.5,ok
Modelica.Mechanics.Translational.Interfaces.PartialOneFlangeAndSupport,926,4.5,ok
Modelica.Mechanics.Translational.Interfaces.PartialRelativeSensor,886,4.3,ok
Modelica.Mechanics.Translational.Interfaces.PartialRigid,1005,4.5,ok
Modelica.Mechanics.Translational.Interfaces.PartialTwoFlanges,947,4.5,ok
Modelica.Mechanics.Translational.Interfaces.PartialTwoFlangesAndSupport,1007,4.5,ok
Modelica.Mechanics.Translational.Sensors.AccSensor,950,4.5,ok
Modelica.Mechanics.Translational.Sensors.ForceSensor,1048,4.5,ok
Modelica.Mechanics.Translational.Sensors.MultiSensor,1075,4.5,ok
Modelica.Mechanics.Translational.Sensors.PositionSensor,993,4.3,ok
Modelica.Mechanics.Translational.Sensors.PowerSensor,903,4.3,ok
Modelica.Mechanics.Translational.Sensors.RelAccSensor,867,4.3,ok
Modelica.Mechanics.Translational.Sensors.RelPositionSensor,942,4.5,ok
Modelica.Mechanics.Translational.Sensors.RelSpeedSensor,1071,4.5,ok
Modelica.Mechanics.Translational.Sensors.SpeedSensor,997,4.3,ok
Modelica.Mechanics.Translational.Sources.Accelerate,875,4.5,ok
Modelica.Mechanics.Translational.Sources.ConstantForce,866,4.5,ok
Modelica.Mechanics.Translational.Sources.ConstantSpeed,1022,4.5,ok
Modelica.Mechanics.Translational.Sources.EddyCurrentForce,1010,4.5,ok
Modelica.Mechanics.Translational.Sources.Force,860,4.3,ok
Modelica.Mechanics.Translational.Sources.Force2,867,4.5,ok
Modelica.Mechanics.Translational.Sources.ForceStep,915,4.5,ok
Modelica.Mechanics.Translational.Sources.InverseSpeedDependentForce,870,4.5,ok
Modelica.Mechanics.Translational.Sources.LinearSpeedDependentForce,861,4.5,ok
Modelica.Mechanics.Translational.Sources.Move,952,4.5,ok
Modelica.Mechanics.Translational.Sources.Position,864,4.5,ok
Modelica.Mechanics.Translational.Sources.QuadraticSpeedDependentForce,1073,4.5,ok
Modelica.Mechanics.Translational.Sources.SignForce,873,4.5,ok
Modelica.Mechanics.Translational.Sources.Speed,915,4.5,ok
Modelica.Mechanics.Translational.UsersGuide.Contact,913,4.4,ok
Modelica.Mechanics.Translational.UsersGuide.FlangeConnectors,1010,4.5,ok
Modelica.Mechanics.Translational.UsersGuide.Overview,989,4.5,ok
Modelica.Mechanics.Translational.UsersGuide.SignConventions,1007,4.5,ok
Modelica.Mechanics.Translational.UsersGuide.StateSelection,886,4.3,ok
Modelica.Mechanics.Translational.UsersGuide.SupportForces,969,4.5,ok
Modelica.Mechanics.Translational.UsersGuide.UserDefinedComponents,935,4.5,ok
Modelica.Media.Air.MoistAir.BaseProperties,1211,6.5,ok
Modelica.Media.Air.ReferenceAir.Air_Base.BaseProperties,1006,6.5,ok
Modelica.Media.Air.ReferenceMoistAir.BaseProperties,1264,6.5,ok
Modelica.Media.Examples.IdealGasH2O,1299,6.5,ok
Modelica.Media.Examples.MixtureGases,1184,6.5,ok
Modelica.Media.Examples.MoistAir,1180,6.5,ok
Modelica.Media.Examples.PsychrometricData,1513,15.8,ok
Modelica.Media.Examples.R134a.R134a1,1211,6.5,ok
Modelica.Media.Examples.R134a.R134a2,1198,6.8,ok
Modelica.Media.Examples.ReferenceAir.DryAir1,1270,6.5,ok
Modelica.Media.Examples.ReferenceAir.DryAir2,1271,6.5,ok
Modelica.Media.Examples.ReferenceAir.Inverse_sh_T,1269,6.6,ok
Modelica.Media.Examples.ReferenceAir.Inverse_sh_TX,1174,8.7,ok
Modelica.Media.Examples.ReferenceAir.MoistAir,1267,6.6,ok
Modelica.Media.Examples.ReferenceAir.MoistAir1,1188,6.5,ok
Modelica.Media.Examples.ReferenceAir.MoistAir2,1413,8.8,ok
Modelica.Media.Examples.SimpleLiquidWater,869,4.5,ok
Modelica.Media.Examples.SolveOneNonlinearEquation.InverseIncompressible_sh_T,1276,7,ok
Modelica.Media.Examples.SolveOneNonlinearEquation.Inverse_sh_T,1265,6.9,ok
Modelica.Media.Examples.SolveOneNonlinearEquation.Inverse_sh_TX,1262,6.8,ok
Modelica.Media.Examples.SolveOneNonlinearEquation.Inverse_sine,1008,4.8,ok
Modelica.Media.Examples.TwoPhaseWater.BaseProperties,1263,6.5,ok
Modelica.Media.Examples.TwoPhaseWater.ExtendedProperties,1264,6.5,ok
Modelica.Media.Examples.TwoPhaseWater.TestTwoPhaseStates,1273,6.5,ok
Modelica.Media.Examples.Utilities.FixedAmbient,892,4.3,ok
Modelica.Media.Examples.Utilities.FixedMassFlowRate,856,4.3,ok
Modelica.Media.Examples.Utilities.PartialTestModel,907,6.5,ok
Modelica.Media.Examples.Utilities.PartialTestModel2,1013,6.5,ok
Modelica.Media.Examples.Utilities.PortVolume,1062,4.3,ok
Modelica.Media.Examples.Utilities.ShortPipe,988,4.5,ok
Modelica.Media.Examples.WaterIF97,1273,6.6,ok
Modelica.Media.IdealGases.Common.MixtureGasNasa.BaseProperties,996,4.5,ok
Modelica.Media.IdealGases.Common.SingleGasNasa.BaseProperties,866,4.5,ok
Modelica.Media.Incompressible.Examples.TestGlycol,1058,6.5,ok
Modelica.Media.Incompressible.TableBased.BaseProperties,1100,4.5,ok
Modelica.Media.Interfaces.PartialLinearFluid.BaseProperties,1084,4.5,ok
Modelica.Media.Interfaces.PartialMedium.BaseProperties,921,4.5,ok
Modelica.Media.Interfaces.PartialPureSubstance.BaseProperties,964,4.5,ok
Modelica.Media.Interfaces.PartialSimpleIdealGasMedium.BaseProperties,866,4.3,ok
Modelica.Media.Interfaces.PartialSimpleMedium.BaseProperties,877,4.5,ok
Modelica.Media.Interfaces.PartialTwoPhaseMedium.BaseProperties,862,4.3,ok
Modelica.Media.Interfaces.TemplateMedium.BaseProperties,866,4.3,ok
Modelica.Media.R134a.R134a_ph.BaseProperties,1264,6.5,ok
Modelica.Media.UsersGuide.Contact,865,4.5,ok
Modelica.Media.UsersGuide.MediumDefinition.BasicDefinition,919,4.3,ok
Modelica.Media.UsersGuide.MediumDefinition.BasicStructure,1038,4.3,ok
Modelica.Media.UsersGuide.MediumDefinition.MultipleSubstances,877,4.5,ok
Modelica.Media.UsersGuide.MediumDefinition.SpecificEnthalpyAsFunction,1048,4.5,ok
Modelica.Media.UsersGuide.MediumDefinition.StaticStateSelection,864,4.3,ok
Modelica.Media.UsersGuide.MediumDefinition.TestOfMedium,957,4.3,ok
Modelica.Media.UsersGuide.MediumUsage.BalanceVolume,872,4.5,ok
Modelica.Media.UsersGuide.MediumUsage.BasicUsage,951,4.3,ok
Modelica.Media.UsersGuide.MediumUsage.Constants,889,4.5,ok
Modelica.Media.UsersGuide.MediumUsage.Initialization,908,4.5,ok
Modelica.Media.UsersGuide.MediumUsage.OptionalProperties,971,4.5,ok
Modelica.Media.UsersGuide.MediumUsage.ShortPipe,931,4.3,ok
Modelica.Media.UsersGuide.MediumUsage.TwoPhase,1017,4.5,ok
Modelica.Media.UsersGuide.ReleaseNotes,862,4.5,ok
Modelica.Media.Water.WaterIF97_base.BaseProperties,1260,6.6,ok
Modelica.StateGraph.Alternative,1069,4.5,ok
Modelica.StateGraph.Examples.ControlledTanks,1461,8.8,ok
Modelica.StateGraph.Examples.ExecutionPaths,1023,6.6,ok
Modelica.StateGraph.Examples.FirstExample,1076,4.5,ok
Modelica.StateGraph.Examples.FirstExample_Variant2,1037,4.5,ok
Modelica.StateGraph.Examples.FirstExample_Variant3,945,4.5,ok
Modelica.StateGraph.Examples.ShowCompositeStep,868,6.5,ok
Modelica.StateGraph.Examples.ShowExceptions,1011,6.5,ok
Modelica.StateGraph.Examples.Utilities.CompositeStep,1077,6.5,ok
Modelica.StateGraph.Examples.Utilities.CompositeStep1,869,6.5,ok
Modelica.StateGraph.Examples.Utilities.CompositeStep2,1041,4.5,ok
Modelica.StateGraph.Examples.Utilities.MakeProduct,1068,6.6,ok
Modelica.StateGraph.Examples.Utilities.Source,946,4.6,ok
Modelica.StateGraph.Examples.Utilities.Tank,931,4.6,ok
Modelica.StateGraph.Examples.Utilities.TankController,887,6.5,ok
Modelica.StateGraph.Examples.Utilities.valve,1059,4.5,ok
Modelica.StateGraph.InitialStep,889,4.6,ok
Modelica.StateGraph.InitialStepWithSignal,1071,4.5,ok
Modelica.StateGraph.Interfaces.CompositeStepState,885,4.3,ok
Modelica.StateGraph.Interfaces.PartialStateGraphIcon,938,4.5,ok
Modelica.StateGraph.Interfaces.PartialStep,915,4.5,ok
Modelica.StateGraph.Interfaces.PartialStep.OuterStatePort,986,4.3,ok
Modelica.StateGraph.Interfaces.PartialTransition,873,4.5,ok
Modelica.StateGraph.Parallel,867,4.5,ok
Modelica.StateGraph.PartialCompositeStep,881,4.5,ok
Modelica.StateGraph.PartialCompositeStep.InnerState,907,4.3,ok
Modelica.StateGraph.PartialCompositeStep.OuterState,1010,4.3,ok
Modelica.StateGraph.StateGraphRoot,871,4.3,ok
Modelica.StateGraph.Step,949,4.5,ok
Modelica.StateGraph.StepWithSignal,957,4.5,ok
Modelica.StateGraph.Transition,880,4.3,ok
Modelica.StateGraph.TransitionWithSignal,897,4.5,ok
Modelica.StateGraph.UsersGuide.ApplicationExample,860,4.5,ok
Modelica.StateGraph.UsersGuide.ComparisonWithStateGraph2,1074,4.5,ok
Modelica.StateGraph.UsersGuide.Contact,927,4.3,ok
Modelica.StateGraph.UsersGuide.FirstExample,1032,4.5,ok
Modelica.StateGraph.UsersGuide.Literature,936,4.3,ok
Modelica.StateGraph.UsersGuide.OverView,927,4.3,ok
Modelica.StateGraph.UsersGuide.ReleaseNotes,940,4.5,ok
Modelica.Thermal.FluidHeatFlow.BaseClasses.SimpleFriction,866,4.3,ok
Modelica.Thermal.FluidHeatFlow.BaseClasses.SinglePortBottom,968,4.3,ok
Modelica.Thermal.FluidHeatFlow.BaseClasses.SinglePortLeft,892,4.6,ok
Modelica.Thermal.FluidHeatFlow.BaseClasses.TwoPort,977,4.5,ok
Modelica.Thermal.FluidHeatFlow.Components.Cylinder,860,4.5,ok
Modelica.Thermal.FluidHeatFlow.Components.OneWayValve,970,4.5,ok
Modelica.Thermal.FluidHeatFlow.Components.OpenTank,889,4.6,ok
Modelica.Thermal.FluidHeatFlow.Components.Pipe,867,4.6,ok
Modelica.Thermal.FluidHeatFlow.Components.Valve,1002,4.5,ok
Modelica.Thermal.FluidHeatFlow.Examples.IndirectCooling,1290,6.5,ok
Modelica.Thermal.FluidHeatFlow.Examples.OneMass,872,6.5,ok
Modelica.Thermal.FluidHeatFlow.Examples.ParallelCooling,1309,5,ok
Modelica.Thermal.FluidHeatFlow.Examples.ParallelPumpDropOut,1333,6.5,ok
Modelica.Thermal.FluidHeatFlow.Examples.PumpAndValve,1295,6.6,ok
Modelica.Thermal.FluidHeatFlow.Examples.PumpDropOut,867,6.6,ok
Modelica.Thermal.FluidHeatFlow.Examples.SimpleCooling,1072,6.5,ok
Modelica.Thermal.FluidHeatFlow.Examples.TestCylinder,1271,6.5,ok
Modelica.Thermal.FluidHeatFlow.Examples.TestOpenTank,1242,6.6,ok
Modelica.Thermal.FluidHeatFlow.Examples.TwoMass,1351,6.6,ok
Modelica.Thermal.FluidHeatFlow.Examples.TwoTanks,882,4.5,ok
Modelica.Thermal.FluidHeatFlow.Examples.Utilities.DoubleRamp,862,4.5,ok
Modelica.Thermal.FluidHeatFlow.Examples.WaterPump,1301,6.5,ok
Modelica.Thermal.FluidHeatFlow.Interfaces.AbsoluteSensor,889,4.5,ok
Modelica.Thermal.FluidHeatFlow.Interfaces.FlowSensor,866,4.5,ok
Modelica.Thermal.FluidHeatFlow.Interfaces.RelativeSensor,865,4.3,ok
Modelica.Thermal.FluidHeatFlow.Interfaces.RelativeSensorBase,870,4.3,ok
Modelica.Thermal.FluidHeatFlow.Sensors.EnthalpyFlowSensor,863,4.3,ok
Modelica.Thermal.FluidHeatFlow.Sensors.MassFlowSensor,904,4.5,ok
Modelica.Thermal.FluidHeatFlow.Sensors.PressureSensor,861,4.3,ok
Modelica.Thermal.FluidHeatFlow.Sensors.RelPressureSensor,873,4.5,ok
Modelica.Thermal.FluidHeatFlow.Sensors.RelTemperatureSensor,939,4.5,ok
Modelica.Thermal.FluidHeatFlow.Sensors.TemperatureSensor,906,4.3,ok
Modelica.Thermal.FluidHeatFlow.Sensors.VolumeFlowSensor,1082,4.5,ok
Modelica.Thermal.FluidHeatFlow.Sources.AbsolutePressure,1072,4.5,ok
Modelica.Thermal.FluidHeatFlow.Sources.Ambient,881,4.5,ok
Modelica.Thermal.FluidHeatFlow.Sources.IdealPump,928,6.5,ok
Modelica.Thermal.FluidHeatFlow.Sources.PressureIncrease,869,4.5,ok
Modelica.Thermal.FluidHeatFlow.Sources.VolumeFlow,1057,4.5,ok
Modelica.Thermal.FluidHeatFlow.UsersGuide.Contact,940,4.3,ok
Modelica.Thermal.FluidHeatFlow.UsersGuide.ReleaseNotes,879,4.5,ok
Modelica.Thermal.HeatTransfer.Celsius.FixedTemperature,943,4.5,ok
Modelica.Thermal.HeatTransfer.Celsius.FromKelvin,854,4.5,ok
Modelica.Thermal.HeatTransfer.Celsius.PrescribedTemperature,859,4.3,ok
Modelica.Thermal.HeatTransfer.Celsius.TemperatureSensor,952,4.5,ok
Modelica.Thermal.HeatTransfer.Celsius.ToKelvin,877,4.3,ok
Modelica.Thermal.HeatTransfer.Components.BodyRadiation,872,4.3,ok
Modelica.Thermal.HeatTransfer.Components.Convection,865,4.3,ok
Modelica.Thermal.HeatTransfer.Components.ConvectiveResistor,855,4.3,ok
Modelica.Thermal.HeatTransfer.Components.GeneralHeatFlowToTemperatureAdaptor,867,4.3,ok
Modelica.Thermal.HeatTransfer.Components.GeneralTemperatureToHeatFlowAdaptor,868,4.5,ok
Modelica.Thermal.HeatTransfer.Components.HeatCapacitor,859,4.3,ok
Modelica.Thermal.HeatTransfer.Components.ThermalCollector,868,4.3,ok
Modelica.Thermal.HeatTransfer.Components.ThermalCollectorMatrix,935,4.5,ok
Modelica.Thermal.HeatTransfer.Components.ThermalConductor,897,4.3,ok
Modelica.Thermal.HeatTransfer.Components.ThermalResistor,866,4.3,ok
Modelica.Thermal.HeatTransfer.Examples.ControlledTemperature,860,4.5,ok
Modelica.Thermal.HeatTransfer.Examples.GenerationOfFMUs,1130,6.5,ok
Modelica.Thermal.HeatTransfer.Examples.Motor,1011,6.5,ok
Modelica.Thermal.HeatTransfer.Examples.TwoMasses,869,4.3,ok
Modelica.Thermal.HeatTransfer.Examples.Utilities.Conduction,861,4.5,ok
Modelica.Thermal.HeatTransfer.Examples.Utilities.DirectCapacity,869,4.3,ok
Modelica.Thermal.HeatTransfer.Examples.Utilities.InverseCapacity,881,4.3,ok
Modelica.Thermal.HeatTransfer.Fahrenheit.FixedTemperature,972,4.5,ok
Modelica.Thermal.HeatTransfer.Fahrenheit.FromKelvin,869,4.3,ok
Modelica.Thermal.HeatTransfer.Fahrenheit.PrescribedTemperature,941,4.3,ok
Modelica.Thermal.HeatTransfer.Fahrenheit.TemperatureSensor,862,4.3,ok
Modelica.Thermal.HeatTransfer.Fahrenheit.ToKelvin,877,4.3,ok
Modelica.Thermal.HeatTransfer.Icons.Conversion,881,4.5,ok
Modelica.Thermal.HeatTransfer.Icons.FixedTemperature,860,4.3,ok
Modelica.Thermal.HeatTransfer.Icons.PrescribedTemperature,918,4.3,ok
Modelica.Thermal.HeatTransfer.Interfaces.Element1D,873,4.3,ok
Modelica.Thermal.HeatTransfer.Interfaces.PartialConditionalHeatPort,961,4.5,ok
Modelica.Thermal.HeatTransfer.Interfaces.PartialElementaryConditionalHeatPort,930,4.3,ok
Modelica.Thermal.HeatTransfer.Interfaces.PartialElementaryConditionalHeatPortWithoutT,865,4.3,ok
Modelica.Thermal.HeatTransfer.Rankine.FixedTemperature,879,4.3,ok
Modelica.Thermal.HeatTransfer.Rankine.FromKelvin,867,4.3,ok
Modelica.Thermal.HeatTransfer.Rankine.PrescribedTemperature,951,4.3,ok
Modelica.Thermal.HeatTransfer.Rankine.TemperatureSensor,882,4.3,ok
Modelica.Thermal.HeatTransfer.Rankine.ToKelvin,1000,4.3,ok
Modelica.Thermal.HeatTransfer.Sensors.ConditionalFixedHeatFlowSensor,851,4.3,ok
Modelica.Thermal.HeatTransfer.Sensors.HeatFlowSensor,866,4.3,ok
Modelica.Thermal.HeatTransfer.Sensors.RelTemperatureSensor,866,4.3,ok
Modelica.Thermal.HeatTransfer.Sensors.TemperatureSensor,980,4.3,ok
Modelica.Thermal.HeatTransfer.Sources.FixedHeatFlow,871,4.3,ok
Modelica.Thermal.HeatTransfer.Sources.FixedTemperature,946,4.3,ok
Modelica.Thermal.HeatTransfer.Sources.PrescribedHeatFlow,866,4.3,ok
Modelica.Thermal.HeatTransfer.Sources.PrescribedTemperature,876,4.3,ok
Modelica.Thermal.HeatTransfer.UsersGuide.Contact,871,4.3,ok
Modelica.Thermal.HeatTransfer.UsersGuide.References,857,4.3,ok
Modelica.Thermal.HeatTransfer.UsersGuide.ReleaseNotes,889,4.3,ok
Modelica.Units.UsersGuide.Contact,893,4.3,ok
Modelica.Units.UsersGuide.Conventions,919,4.3,ok
Modelica.Units.UsersGuide.HowToUseUnits,893,4.3,ok
Modelica.Units.UsersGuide.Literature,933,4.3,ok
Modelica.UsersGuide.Connectors,878,4.5,ok
Modelica.UsersGuide.Contact,868,4.3,ok
Modelica.UsersGuide.Conventions.Documentation.Format.Cases,871,4.3,ok
Modelica.UsersGuide.Conventions.Documentation.Format.Code,867,4.3,ok
Modelica.UsersGuide.Conventions.Documentation.Format.Equations,884,4.3,ok
Modelica.UsersGuide.Conventions.Documentation.Format.Figures,998,4.5,ok
Modelica.UsersGuide.Conventions.Documentation.Format.Hyperlinks,953,4.5,ok
Modelica.UsersGuide.Conventions.Documentation.Format.Lists,1044,4.5,ok
Modelica.UsersGuide.Conventions.Documentation.Format.References,891,4.5,ok
Modelica.UsersGuide.Conventions.Documentation.Format.Tables,861,4.3,ok
Modelica.UsersGuide.Conventions.Documentation.Structure,937,4.5,ok
Modelica.UsersGuide.Conventions.Icons,896,4.3,ok
Modelica.UsersGuide.Conventions.ModelicaCode.Format,930,4.3,ok
Modelica.UsersGuide.Conventions.ModelicaCode.Naming,858,4.3,ok
Modelica.UsersGuide.Conventions.ModelicaCode.ParameterDefaults,998,4.3,ok
Modelica.UsersGuide.Conventions.Terms.Electrical,902,4.3,ok
Modelica.UsersGuide.Conventions.Terms.Magnetic,1069,4.5,ok
Modelica.UsersGuide.Conventions.UsersGuide.Contact,859,4.3,ok
Modelica.UsersGuide.Conventions.UsersGuide.Implementation,865,4.3,ok
Modelica.UsersGuide.Conventions.UsersGuide.References,865,4.3,ok
Modelica.UsersGuide.Conventions.UsersGuide.RevisionHistory,1072,4.5,ok
Modelica.UsersGuide.Overview,886,4.3,ok
Modelica.UsersGuide.ReleaseNotes.VersionManagement,1064,4.5,ok
Modelica.UsersGuide.ReleaseNotes.Version_1_4,867,4.3,ok
Modelica.UsersGuide.ReleaseNotes.Version_1_5,866,4.3,ok
Modelica.UsersGuide.ReleaseNotes.Version_1_6,866,4.5,ok
Modelica.UsersGuide.ReleaseNotes.Version_2_1,988,4.5,ok
Modelica.UsersGuide.ReleaseNotes.Version_2_2,983,4.3,ok
Modelica.UsersGuide.ReleaseNotes.Version_2_2_1,1019,4.3,ok
Modelica.UsersGuide.ReleaseNotes.Version_2_2_2,956,4.3,ok
Modelica.UsersGuide.ReleaseNotes.Version_3_0,994,4.3,ok
Modelica.UsersGuide.ReleaseNotes.Version_3_0_1,927,4.3,ok
Modelica.UsersGuide.ReleaseNotes.Version_3_1,865,4.3,ok
Modelica.UsersGuide.ReleaseNotes.Version_3_2,857,4.3,ok
Modelica.UsersGuide.ReleaseNotes.Version_3_2_1,893,4.3,ok
Modelica.UsersGuide.ReleaseNotes.Version_3_2_2,862,4.3,ok
Modelica.UsersGuide.ReleaseNotes.Version_3_2_3,863,4.3,ok
Modelica.UsersGuide.ReleaseNotes.Version_4_0_0,855,4.3,ok
Modelica.UsersGuide.ReleaseNotes.Version_4_1_0,872,4.3,ok
Modelica.Utilities.Examples.ReadRealMatrixFromFile,912,4.3,ok
Modelica.Utilities.Examples.WriteRealMatrixToFile,894,4.3,ok
Modelica.Utilities.Examples.readRealParameterModel,868,4.5,ok
Modelica.Utilities.Internal.PartialModelicaServices.Animation.PartialShape,911,4.5,ok
Modelica.Utilities.Internal.PartialModelicaServices.Animation.PartialSurface,959,4.5,ok
Modelica.Utilities.Internal.PartialModelicaServices.Animation.PartialVector,859,4.3,ok
Modelica.Utilities.UsersGuide.Contact,868,4.3,ok
Modelica.Utilities.UsersGuide.ImplementationNotes,869,4.3,ok
Modelica.Utilities.UsersGuide.ReleaseNotes,947,4.5,ok
ModelicaServices.Animation.Shape,868,4.3,ok
ModelicaServices.Animation.Surface,869,4.3,ok
ModelicaServices.Animation.Vector,858,4.3,ok
ModelicaServices.UsersGuide.Contact,875,4.3,ok
ModelicaServices.UsersGuide.ReleaseNotes,854,4.3,ok
Modelica.Electrical.Analog.Examples.Lines.LightningSegmentedTransmissionLine,4035,900.5,aborted:timeout
Modelica.Electrical.Spice3.Examples.Oscillator,5482,99.2,ok
Modelica.Electrical.Spice3.Examples.Spice3BenchmarkDifferentialPair,5191,99.4,ok
Modelica.Electrical.Spice3.Examples.Spice3BenchmarkFourBitBinaryAdder,10353,69.7,aborted:proc-ceiling
Modelica.Electrical.Spice3.Examples.Spice3BenchmarkFourBitBinaryAdder.FOURBIT,11301,116,aborted:proc-ceiling
Modelica.Electrical.Spice3.Examples.Spice3BenchmarkFourBitBinaryAdder.ONEBIT,11671,57,aborted:proc-ceiling
Modelica.Electrical.Spice3.Examples.Spice3BenchmarkFourBitBinaryAdder.TWOBIT,10614,101.1,aborted:proc-ceiling
Modelica.Magnetic.FundamentalWave.Examples.BasicMachines.InductionMachines.ComparisonPolyphase.IMC_DOL_CommonLeakage,2445,901.3,aborted:timeout
Modelica.Magnetic.FundamentalWave.Examples.BasicMachines.InductionMachines.ComparisonPolyphase.IMC_DOL_Polyphase,2038,900.2,aborted:timeout
Modelica.Magnetic.FundamentalWave.Examples.BasicMachines.InductionMachines.ComparisonPolyphase.IMS_Start_Polyphase,2348,900.6,aborted:timeout
Modelica.Magnetic.FundamentalWave.Examples.BasicMachines.InductionMachines.IMS_Start,2051,465.8,ok
Modelica.Magnetic.FundamentalWave.Examples.BasicMachines.SynchronousMachines.ComparisonPolyphase.SMEE_Generator_Polyphase,2186,900.7,aborted:timeout
Modelica.Magnetic.QuasiStatic.FundamentalWave.Examples.BasicMachines.InductionMachines.IMC_Transformer,3779,900.1,aborted:timeout
Modelica.Magnetic.QuasiStatic.FundamentalWave.Examples.BasicMachines.InductionMachines.IMS_Start,3011,900.3,aborted:timeout
Modelica.Magnetic.QuasiStatic.FundamentalWave.Examples.BasicMachines.SynchronousMachines.SMPM_Mains,2712,465.7,ok
Modelica.Mechanics.MultiBody.Examples.Loops.EngineV6,3188,900.1,aborted:timeout
