name,kind,outcome,message,checks_failed,n_violations
Modelica.Blocks.Continuous.CriticalDamping,Component,ok,,,0
Modelica.Blocks.Continuous.Der,Component,ok,,,0
Modelica.Blocks.Continuous.Derivative,Component,ok,,,0
Modelica.Blocks.Continuous.Filter,Component,ok,,,0
Modelica.Blocks.Continuous.FirstOrder,Component,ok,,,0
Modelica.Blocks.Continuous.Integrator,Component,ok,,,0
Modelica.Blocks.Continuous.LimIntegrator,Component,ok,,,0
Modelica.Blocks.Continuous.LimPID,Component,ok,,,0
Modelica.Blocks.Continuous.LowpassButterworth,Component,ok,,,0
Modelica.Blocks.Continuous.PI,Component,ok,,,0
Modelica.Blocks.Continuous.PID,Component,ok,,,0
Modelica.Blocks.Continuous.SecondOrder,Component,ok,,,0
Modelica.Blocks.Continuous.StateSpace,Component,ok,,,0
Modelica.Blocks.Continuous.TransferFunction,Component,ok,,,0
Modelica.Blocks.Discrete.FirstOrderHold,Component,ok,,,0
Modelica.Blocks.Discrete.Sampler,Component,ok,,,0
Modelica.Blocks.Discrete.StateSpace,Component,ok,,,0
Modelica.Blocks.Discrete.TransferFunction,Component,ok,,,0
Modelica.Blocks.Discrete.TriggeredMax,Component,ok,,,0
Modelica.Blocks.Discrete.TriggeredSampler,Component,ok,,,0
Modelica.Blocks.Discrete.UnitDelay,Component,ok,,,0
Modelica.Blocks.Discrete.ZeroOrderHold,Component,ok,,,0
Modelica.Blocks.Examples.BooleanNetwork1,Examples,ok,,,0
Modelica.Blocks.Examples.BusUsage,Examples,ok,,,0
Modelica.Blocks.Examples.BusUsage_Utilities.Part,Examples,ok,,,0
Modelica.Blocks.Examples.CompareSincExpSine,Examples,ok,,,0
Modelica.Blocks.Examples.DemoSignalCharacteristic,Examples,ok,,,0
Modelica.Blocks.Examples.DemonstrateContinuousSignalExtrema,Examples,ok,,,0
Modelica.Blocks.Examples.DemonstrateSignalExtrema,Examples,ok,,,0
Modelica.Blocks.Examples.Filter,Examples,ok,,,0
Modelica.Blocks.Examples.FilterWithDifferentiation,Examples,ok,,,0
Modelica.Blocks.Examples.FilterWithRiseTime,Examples,ok,,,0
Modelica.Blocks.Examples.IntegerNetwork1,Examples,ok,,,0
Modelica.Blocks.Examples.Interaction1,Examples,ok,,,0
Modelica.Blocks.Examples.InverseModel,Examples,ok,,,0
Modelica.Blocks.Examples.LogicalNetwork1,Examples,ok,,,0
Modelica.Blocks.Examples.Modulation,Examples,ok,,,0
Modelica.Blocks.Examples.Noise.ActuatorWithNoise,Examples,ok,,,0
Modelica.Blocks.Examples.Noise.AutomaticSeed,Examples,ok,,,0
Modelica.Blocks.Examples.Noise.Densities,Examples,ok,,,0
Modelica.Blocks.Examples.Noise.Distributions,Examples,ok,,,0
Modelica.Blocks.Examples.Noise.DrydenContinuousTurbulence,Examples,ok,,,0
Modelica.Blocks.Examples.Noise.ImpureGenerator,Examples,ok,,,0
Modelica.Blocks.Examples.Noise.NormalNoiseProperties,Examples,ok,,,0
Modelica.Blocks.Examples.Noise.UniformNoise,Examples,ok,,,0
Modelica.Blocks.Examples.Noise.UniformNoiseProperties,Examples,ok,,,0
Modelica.Blocks.Examples.Noise.Utilities.ImpureRandom,Examples,ok,,,0
Modelica.Blocks.Examples.Noise.Utilities.NormalDensity,Examples,ok,,,0
Modelica.Blocks.Examples.Noise.Utilities.Parts.Controller,Examples,ok,,,0
Modelica.Blocks.Examples.Noise.Utilities.Parts.MotorWithCurrentControl,Examples,ok,,,0
Modelica.Blocks.Examples.Noise.Utilities.UniformDensity,Examples,ok,,,0
Modelica.Blocks.Examples.Noise.Utilities.WeibullDensity,Examples,ok,,,0
Modelica.Blocks.Examples.PID_Controller,Examples,ok,,,0
Modelica.Blocks.Examples.RealNetwork1,Examples,ok,,,0
Modelica.Blocks.Examples.Rectifier12pulseFFT,Examples,ok,,,0
Modelica.Blocks.Examples.Rectifier6pulseFFT,Examples,ok,,,0
Modelica.Blocks.Examples.ShowLogicalSources,Examples,ok,,,0
Modelica.Blocks.Examples.SinCosEncoder,Examples,ok,,,0
Modelica.Blocks.Examples.SlewRateLimiter,Examples,ok,,,0
Modelica.Blocks.Examples.TotalHarmonicDistortion,Examples,ok,,,0
Modelica.Blocks.Icons.Block,Icons,ok,,,0
Modelica.Blocks.Icons.BooleanBlock,Icons,ok,,,0
Modelica.Blocks.Icons.DiscreteBlock,Icons,ok,,,0
Modelica.Blocks.Icons.IntegerBlock,Icons,ok,,,0
Modelica.Blocks.Icons.PartialBooleanBlock,Icons,ok,,,0
Modelica.Blocks.Interaction.Show.BooleanValue,Component,ok,,,0
Modelica.Blocks.Interaction.Show.IntegerValue,Component,ok,,,0
Modelica.Blocks.Interaction.Show.RealValue,Component,ok,,,0
Modelica.Blocks.Interfaces.Adaptors.FlowToPotentialAdaptor,Interfaces,ok,,,0
Modelica.Blocks.Interfaces.Adaptors.PotentialToFlowAdaptor,Interfaces,ok,,,0
Modelica.Blocks.Interfaces.BooleanMIMOs,Interfaces,ok,,,0
Modelica.Blocks.Interfaces.BooleanSISO,Interfaces,ok,,,0
Modelica.Blocks.Interfaces.BooleanSignalSource,Interfaces,ok,,,0
Modelica.Blocks.Interfaces.DiscreteBlock,Interfaces,ok,,,0
Modelica.Blocks.Interfaces.DiscreteMIMO,Interfaces,ok,,,0
Modelica.Blocks.Interfaces.DiscreteMIMOs,Interfaces,ok,,,0
Modelica.Blocks.Interfaces.DiscreteSISO,Interfaces,ok,,,0
Modelica.Blocks.Interfaces.IntegerMIBooleanMOs,Interfaces,ok,,,0
Modelica.Blocks.Interfaces.IntegerMO,Interfaces,ok,,,0
Modelica.Blocks.Interfaces.IntegerSIBooleanSO,Interfaces,ok,,,0
Modelica.Blocks.Interfaces.IntegerSO,Interfaces,ok,,,0
Modelica.Blocks.Interfaces.IntegerSignalSource,Interfaces,ok,,,0
Modelica.Blocks.Interfaces.MI2BooleanMOs,Interfaces,ok,,,0
Modelica.Blocks.Interfaces.MI2MO,Interfaces,ok,,,0
Modelica.Blocks.Interfaces.MIMO,Interfaces,ok,,,0
Modelica.Blocks.Interfaces.MIMOs,Interfaces,ok,,,0
Modelica.Blocks.Interfaces.MISO,Interfaces,ok,,,0
Modelica.Blocks.Interfaces.MO,Interfaces,ok,,,0
Modelica.Blocks.Interfaces.MVcontrol,Interfaces,ok,,,0
Modelica.Blocks.Interfaces.MVdiscrete,Interfaces,ok,,,0
Modelica.Blocks.Interfaces.PartialBooleanMISO,Interfaces,ok,,,0
Modelica.Blocks.Interfaces.PartialBooleanSISO_small,Interfaces,ok,,,0
Modelica.Blocks.Interfaces.PartialConversionBlock,Interfaces,ok,,,0
Modelica.Blocks.Interfaces.PartialIntegerMISO,Interfaces,ok,,,0
Modelica.Blocks.Interfaces.PartialIntegerSISO,Interfaces,ok,,,0
Modelica.Blocks.Interfaces.PartialNoise,Interfaces,ok,,,0
Modelica.Blocks.Interfaces.PartialRealMISO,Interfaces,ok,,,0
Modelica.Blocks.Interfaces.SI2BooleanSO,Interfaces,ok,,,0
Modelica.Blocks.Interfaces.SI2SO,Interfaces,ok,,,0
Modelica.Blocks.Interfaces.SIMO,Interfaces,ok,,,0
Modelica.Blocks.Interfaces.SISO,Interfaces,ok,,,0
Modelica.Blocks.Interfaces.SO,Interfaces,ok,,,0
Modelica.Blocks.Interfaces.SVcontrol,Interfaces,ok,,,0
Modelica.Blocks.Interfaces.SVdiscrete,Interfaces,ok,,,0
Modelica.Blocks.Interfaces.SignalSource,Interfaces,ok,,,0
Modelica.Blocks.Interfaces.partialBooleanComparison,Interfaces,ok,,,0
Modelica.Blocks.Interfaces.partialBooleanSI,Interfaces,ok,,,0
Modelica.Blocks.Interfaces.partialBooleanSI2SO,Interfaces,ok,,,0
Modelica.Blocks.Interfaces.partialBooleanSI3SO,Interfaces,ok,,,0
Modelica.Blocks.Interfaces.partialBooleanSISO,Interfaces,ok,,,0
Modelica.Blocks.Interfaces.partialBooleanSO,Interfaces,ok,,,0
Modelica.Blocks.Interfaces.partialBooleanSource,Interfaces,ok,,,0
Modelica.Blocks.Interfaces.partialBooleanThresholdComparison,Interfaces,ok,,,0
Modelica.Blocks.Logical.And,Component,ok,,,0
Modelica.Blocks.Logical.AssertCondition,Component,ok,,,0
Modelica.Blocks.Logical.Change,Component,ok,,,0
Modelica.Blocks.Logical.Edge,Component,ok,,,0
Modelica.Blocks.Logical.FallingEdge,Component,ok,,,0
Modelica.Blocks.Logical.Greater,Component,ok,,,0
Modelica.Blocks.Logical.GreaterEqual,Component,ok,,,0
Modelica.Blocks.Logical.GreaterEqualThreshold,Component,ok,,,0
Modelica.Blocks.Logical.GreaterThreshold,Component,ok,,,0
Modelica.Blocks.Logical.Hysteresis,Component,ok,,,0
Modelica.Blocks.Logical.Less,Component,ok,,,0
Modelica.Blocks.Logical.LessEqual,Component,ok,,,0
Modelica.Blocks.Logical.LessEqualThreshold,Component,ok,,,0
Modelica.Blocks.Logical.LessThreshold,Component,ok,,,0
Modelica.Blocks.Logical.LogicalDelay,Component,ok,,,0
Modelica.Blocks.Logical.LogicalSwitch,Component,ok,,,0
Modelica.Blocks.Logical.Nand,Component,ok,,,0
Modelica.Blocks.Logical.Nor,Component,ok,,,0
Modelica.Blocks.Logical.Not,Component,ok,,,0
Modelica.Blocks.Logical.OnOffController,Component,ok,,,0
Modelica.Blocks.Logical.Or,Component,ok,,,0
Modelica.Blocks.Logical.Pre,Component,ok,,,0
Modelica.Blocks.Logical.RSFlipFlop,Component,ok,,,0
Modelica.Blocks.Logical.Switch,Component,ok,,,0
Modelica.Blocks.Logical.TerminateSimulation,Component,ok,,,0
Modelica.Blocks.Logical.Timer,Component,ok,,,0
Modelica.Blocks.Logical.TriggeredTrapezoid,Component,ok,,,0
Modelica.Blocks.Logical.Xor,Component,ok,,,0
Modelica.Blocks.Logical.ZeroCrossing,Component,ok,,,0
Modelica.Blocks.Math.Abs,Component,ok,,,0
Modelica.Blocks.Math.Acos,Component,ok,,,0
Modelica.Blocks.Math.Add,Component,ok,,,0
Modelica.Blocks.Math.Add3,Component,ok,,,0
Modelica.Blocks.Math.Asin,Component,ok,,,0
Modelica.Blocks.Math.Atan,Component,ok,,,0
Modelica.Blocks.Math.Atan2,Component,ok,,,0
Modelica.Blocks.Math.BooleanChange,Component,ok,,,0
Modelica.Blocks.Math.BooleanToInteger,Component,ok,,,0
Modelica.Blocks.Math.BooleanToReal,Component,ok,,,0
Modelica.Blocks.Math.ContinuousMean,Component,ok,,,0
Modelica.Blocks.Math.ContinuousSignalExtrema,Component,ok,,,0
Modelica.Blocks.Math.Cos,Component,ok,,,0
Modelica.Blocks.Math.Cosh,Component,ok,,,0
Modelica.Blocks.Math.Division,Component,ok,,,0
Modelica.Blocks.Math.Edge,Component,ok,,,0
Modelica.Blocks.Math.Exp,Component,ok,,,0
Modelica.Blocks.Math.Exponentiation,Component,ok,,,0
Modelica.Blocks.Math.Feedback,Component,ok,,,0
Modelica.Blocks.Math.Gain,Component,ok,,,0
Modelica.Blocks.Math.Harmonic,Component,ok,,,0
Modelica.Blocks.Math.IntegerChange,Component,ok,,,0
Modelica.Blocks.Math.IntegerToBoolean,Component,ok,,,0
Modelica.Blocks.Math.IntegerToReal,Component,ok,,,0
Modelica.Blocks.Math.InverseBlockConstraints,Component,ok,,,0
Modelica.Blocks.Math.LinearDependency,Component,ok,,,0
Modelica.Blocks.Math.Log,Component,ok,,,0
Modelica.Blocks.Math.Log10,Component,ok,,,0
Modelica.Blocks.Math.MatrixGain,Component,ok,,,0
Modelica.Blocks.Math.Max,Component,ok,,,0
Modelica.Blocks.Math.Mean,Component,ok,,,0
Modelica.Blocks.Math.Min,Component,ok,,,0
Modelica.Blocks.Math.MinMax,Component,ok,,,0
Modelica.Blocks.Math.MultiProduct,Component,ok,,,0
Modelica.Blocks.Math.MultiSum,Component,ok,,,0
Modelica.Blocks.Math.MultiSwitch,Component,ok,,,0
Modelica.Blocks.Math.PolarToRectangular,Component,ok,,,0
Modelica.Blocks.Math.Power,Component,ok,,,0
Modelica.Blocks.Math.Product,Component,ok,,,0
Modelica.Blocks.Math.Pythagoras,Component,ok,,,0
Modelica.Blocks.Math.RealFFT,Component,ok,,,0
Modelica.Blocks.Math.RealToBoolean,Component,ok,,,0
Modelica.Blocks.Math.RealToInteger,Component,ok,,,0
Modelica.Blocks.Math.RectangularToPolar,Component,ok,,,0
Modelica.Blocks.Math.RectifiedMean,Component,ok,,,0
Modelica.Blocks.Math.RootMeanSquare,Component,ok,,,0
Modelica.Blocks.Math.Sign,Component,ok,,,0
Modelica.Blocks.Math.SignalExtrema,Component,ok,,,0
Modelica.Blocks.Math.Sin,Component,ok,,,0
Modelica.Blocks.Math.Sinh,Component,ok,,,0
Modelica.Blocks.Math.Sqrt,Component,ok,,,0
Modelica.Blocks.Math.StandardDeviation,Component,ok,,,0
Modelica.Blocks.Math.Sum,Component,ok,,,0
Modelica.Blocks.Math.Tan,Component,ok,,,0
Modelica.Blocks.Math.Tanh,Component,ok,,,0
Modelica.Blocks.Math.TotalHarmonicDistortion,Component,ok,,,0
Modelica.Blocks.Math.UnitConversions.From_bar,Component,ok,,,0
Modelica.Blocks.Math.UnitConversions.From_day,Component,ok,,,0
Modelica.Blocks.Math.UnitConversions.From_deg,Component,ok,,,0
Modelica.Blocks.Math.UnitConversions.From_degC,Component,ok,,,0
Modelica.Blocks.Math.UnitConversions.From_degF,Component,ok,,,0
Modelica.Blocks.Math.UnitConversions.From_degRk,Component,ok,,,0
Modelica.Blocks.Math.UnitConversions.From_gps,Component,ok,,,0
Modelica.Blocks.Math.UnitConversions.From_hour,Component,ok,,,0
Modelica.Blocks.Math.UnitConversions.From_kWh,Component,ok,,,0
Modelica.Blocks.Math.UnitConversions.From_kmh,Component,ok,,,0
Modelica.Blocks.Math.UnitConversions.From_litre,Component,ok,,,0
Modelica.Blocks.Math.UnitConversions.From_minute,Component,ok,,,0
Modelica.Blocks.Math.UnitConversions.From_rpm,Component,ok,,,0
Modelica.Blocks.Math.UnitConversions.To_bar,Component,ok,,,0
Modelica.Blocks.Math.UnitConversions.To_day,Component,ok,,,0
Modelica.Blocks.Math.UnitConversions.To_deg,Component,ok,,,0
Modelica.Blocks.Math.UnitConversions.To_degC,Component,ok,,,0
Modelica.Blocks.Math.UnitConversions.To_degF,Component,ok,,,0
Modelica.Blocks.Math.UnitConversions.To_degRk,Component,ok,,,0
Modelica.Blocks.Math.UnitConversions.To_gps,Component,ok,,,0
Modelica.Blocks.Math.UnitConversions.To_hour,Component,ok,,,0
Modelica.Blocks.Math.UnitConversions.To_kWh,Component,ok,,,0
Modelica.Blocks.Math.UnitConversions.To_kmh,Component,ok,,,0
Modelica.Blocks.Math.UnitConversions.To_litre,Component,ok,,,0
Modelica.Blocks.Math.UnitConversions.To_minute,Component,ok,,,0
Modelica.Blocks.Math.UnitConversions.To_rpm,Component,ok,,,0
Modelica.Blocks.Math.Variance,Component,ok,,,0
Modelica.Blocks.Math.WrapAngle,Component,ok,,,0
Modelica.Blocks.MathBoolean.And,Component,ok,,,0
Modelica.Blocks.MathBoolean.ChangingEdge,Component,ok,,,0
Modelica.Blocks.MathBoolean.FallingEdge,Component,ok,,,0
Modelica.Blocks.MathBoolean.MultiSwitch,Component,ok,,,0
Modelica.Blocks.MathBoolean.Nand,Component,ok,,,0
Modelica.Blocks.MathBoolean.Nor,Component,ok,,,0
Modelica.Blocks.MathBoolean.Not,Component,ok,,,0
Modelica.Blocks.MathBoolean.OnDelay,Component,ok,,,0
Modelica.Blocks.MathBoolean.Or,Component,ok,,,0
Modelica.Blocks.MathBoolean.RisingEdge,Component,ok,,,0
Modelica.Blocks.MathBoolean.Xor,Component,ok,,,0
Modelica.Blocks.MathInteger.MultiSwitch,Component,ok,,,0
Modelica.Blocks.MathInteger.Product,Component,ok,,,0
Modelica.Blocks.MathInteger.Sum,Component,ok,,,0
Modelica.Blocks.MathInteger.TriggeredAdd,Component,ok,,,0
Modelica.Blocks.Noise.BandLimitedWhiteNoise,Component,ok,,,0
Modelica.Blocks.Noise.GlobalSeed,Component,ok,,,0
Modelica.Blocks.Noise.NormalNoise,Component,ok,,,0
Modelica.Blocks.Noise.TruncatedNormalNoise,Component,ok,,,0
Modelica.Blocks.Noise.UniformNoise,Component,ok,,,0
Modelica.Blocks.Nonlinear.DeadZone,Component,ok,,,0
Modelica.Blocks.Nonlinear.FixedDelay,Component,ok,,,0
Modelica.Blocks.Nonlinear.Limiter,Component,ok,,,0
Modelica.Blocks.Nonlinear.PadeDelay,Component,ok,,,0
Modelica.Blocks.Nonlinear.SlewRateLimiter,Component,ok,,,0
Modelica.Blocks.Nonlinear.VariableDelay,Component,ok,,,0
Modelica.Blocks.Nonlinear.VariableLimiter,Component,ok,,,0
Modelica.Blocks.Routing.BooleanPassThrough,Component,ok,,,0
Modelica.Blocks.Routing.BooleanReplicator,Component,ok,,,0
Modelica.Blocks.Routing.DeMultiplex,Component,ok,,,0
Modelica.Blocks.Routing.DeMultiplex2,Component,ok,,,0
Modelica.Blocks.Routing.DeMultiplex3,Component,ok,,,0
Modelica.Blocks.Routing.DeMultiplex4,Component,ok,,,0
Modelica.Blocks.Routing.DeMultiplex5,Component,ok,,,0
Modelica.Blocks.Routing.DeMultiplex6,Component,ok,,,0
Modelica.Blocks.Routing.ExtractSignal,Component,ok,,,0
Modelica.Blocks.Routing.Extractor,Component,ok,,,0
Modelica.Blocks.Routing.IntegerPassThrough,Component,ok,,,0
Modelica.Blocks.Routing.IntegerReplicator,Component,ok,,,0
Modelica.Blocks.Routing.Multiplex,Component,ok,,,0
Modelica.Blocks.Routing.Multiplex2,Component,ok,,,0
Modelica.Blocks.Routing.Multiplex3,Component,ok,,,0
Modelica.Blocks.Routing.Multiplex4,Component,ok,,,0
Modelica.Blocks.Routing.Multiplex5,Component,ok,,,0
Modelica.Blocks.Routing.Multiplex6,Component,ok,,,0
Modelica.Blocks.Routing.RealPassThrough,Component,ok,,,0
Modelica.Blocks.Routing.Replicator,Component,ok,,,0
Modelica.Blocks.Sources.BooleanConstant,Component,ok,,,0
Modelica.Blocks.Sources.BooleanExpression,Component,ok,,,0
Modelica.Blocks.Sources.BooleanPulse,Component,ok,,,0
Modelica.Blocks.Sources.BooleanStep,Component,ok,,,0
Modelica.Blocks.Sources.BooleanTable,Component,ok,,,0
Modelica.Blocks.Sources.CombiTimeTable,Component,ok,,,0
Modelica.Blocks.Sources.Constant,Component,ok,,,0
Modelica.Blocks.Sources.ContinuousClock,Component,ok,,,0
Modelica.Blocks.Sources.Cosine,Component,ok,,,0
Modelica.Blocks.Sources.CosineVariableFrequencyAndAmplitude,Component,ok,,,0
Modelica.Blocks.Sources.ExpSine,Component,ok,,,0
Modelica.Blocks.Sources.Exponentials,Component,ok,,,0
Modelica.Blocks.Sources.IntegerConstant,Component,ok,,,0
Modelica.Blocks.Sources.IntegerExpression,Component,ok,,,0
Modelica.Blocks.Sources.IntegerStep,Component,ok,,,0
Modelica.Blocks.Sources.IntegerTable,Component,ok,,,0
Modelica.Blocks.Sources.KinematicPTP,Component,ok,,,0
Modelica.Blocks.Sources.KinematicPTP2,Component,ok,,,0
Modelica.Blocks.Sources.LogFrequencySweep,Component,ok,,,0
Modelica.Blocks.Sources.Pulse,Component,ok,,,0
Modelica.Blocks.Sources.RadioButtonSource,Component,ok,,,0
Modelica.Blocks.Sources.Ramp,Component,ok,,,0
Modelica.Blocks.Sources.RealExpression,Component,ok,,,0
Modelica.Blocks.Sources.SampleTrigger,Component,ok,,,0
Modelica.Blocks.Sources.SawTooth,Component,ok,,,0
Modelica.Blocks.Sources.Sinc,Component,ok,,,0
Modelica.Blocks.Sources.Sine,Component,ok,,,0
Modelica.Blocks.Sources.SineVariableFrequencyAndAmplitude,Component,ok,,,0
Modelica.Blocks.Sources.Step,Component,ok,,,0
Modelica.Blocks.Sources.TimeTable,Component,ok,,,0
Modelica.Blocks.Sources.Trapezoid,Component,ok,,,0
Modelica.Blocks.Tables.CombiTable1Ds,Component,ok,,,0
Modelica.Blocks.Tables.CombiTable1Dv,Component,ok,,,0
Modelica.Blocks.Tables.CombiTable2Ds,Component,ok,,,0
Modelica.Blocks.Tables.CombiTable2Dv,Component,ok,,,0
Modelica.Blocks.Tables.Internal.CombiTable2DBase,Internal,ok,,,0
Modelica.Blocks.Types.ExternalCombiTable1D,Types,ok,,,0
Modelica.Blocks.Types.ExternalCombiTable2D,Types,ok,,,0
Modelica.Blocks.Types.ExternalCombiTimeTable,Types,ok,,,0
Modelica.Clocked.BooleanSignals.Interfaces.PartialClockedSISO,Interfaces,ok,,,0
Modelica.Clocked.BooleanSignals.Interfaces.PartialClockedSO,Interfaces,ok,,,0
Modelica.Clocked.BooleanSignals.Interfaces.PartialSISOSampler,Interfaces,ok,,,0
Modelica.Clocked.BooleanSignals.Interfaces.SamplerIcon,Interfaces,ok,,,0
Modelica.Clocked.BooleanSignals.NonPeriodic.BooleanChange,Component,ok,,,0
Modelica.Clocked.BooleanSignals.NonPeriodic.ClockToBoolean,Component,ok,,,0
Modelica.Clocked.BooleanSignals.NonPeriodic.FractionalDelay,Component,ok,,,0
Modelica.Clocked.BooleanSignals.NonPeriodic.UnitDelay,Component,ok,,,0
Modelica.Clocked.BooleanSignals.Sampler.AssignClock,Component,ok,,,0
Modelica.Clocked.BooleanSignals.Sampler.AssignClockVectorized,Component,ok,,,0
Modelica.Clocked.BooleanSignals.Sampler.BackSample,Component,ok,,,0
Modelica.Clocked.BooleanSignals.Sampler.Hold,Component,ok,,,0
Modelica.Clocked.BooleanSignals.Sampler.Sample,Component,ok,,,0
Modelica.Clocked.BooleanSignals.Sampler.SampleClocked,Component,ok,,,0
Modelica.Clocked.BooleanSignals.Sampler.SampleVectorizedAndClocked,Component,ok,,,0
Modelica.Clocked.BooleanSignals.Sampler.ShiftSample,Component,ok,,,0
Modelica.Clocked.BooleanSignals.Sampler.SubSample,Component,ok,,,0
Modelica.Clocked.BooleanSignals.Sampler.SuperSample,Component,ok,,,0
Modelica.Clocked.BooleanSignals.Sampler.Utilities.AssignClockToSquareWaveHold,Component,ok,,,0
Modelica.Clocked.BooleanSignals.Sampler.Utilities.AssignClockToTriggerHold,Component,ok,,,0
Modelica.Clocked.BooleanSignals.Sampler.Utilities.UpSample,Component,ok,,,0
Modelica.Clocked.BooleanSignals.TickBasedSources.Pulse,Component,ok,,,0
Modelica.Clocked.BooleanSignals.TickBasedSources.Step,Component,ok,,,0
Modelica.Clocked.BooleanSignals.TimeBasedSources.Pulse,Component,ok,,,0
Modelica.Clocked.BooleanSignals.TimeBasedSources.Step,Component,ok,,,0
Modelica.Clocked.ClockSignals.Clocks.EventClock,Component,ok,,,0
Modelica.Clocked.ClockSignals.Clocks.Logical.ConjunctiveClock,Component,ok,,,0
Modelica.Clocked.ClockSignals.Clocks.Logical.DisjunctiveClock,Component,ok,,,0
Modelica.Clocked.ClockSignals.Clocks.Logical.PartialLogicalClock,Component,ok,,,0
Modelica.Clocked.ClockSignals.Clocks.PeriodicExactClock,Component,ok,,,0
Modelica.Clocked.ClockSignals.Clocks.PeriodicRealClock,Component,ok,,,0
Modelica.Clocked.ClockSignals.Clocks.Rotational.FixedRotationalClock,Component,ok,,,0
Modelica.Clocked.ClockSignals.Clocks.Rotational.PartialRotationalClock,Component,ok,,,0
Modelica.Clocked.ClockSignals.Clocks.Rotational.RotationalClock,Component,ok,,,0
Modelica.Clocked.ClockSignals.Interfaces.ClockedBlockIcon,Interfaces,ok,,,0
Modelica.Clocked.ClockSignals.Interfaces.PartialClock,Interfaces,ok,,,0
Modelica.Clocked.ClockSignals.Interfaces.PartialPeriodicClock,Interfaces,ok,,,0
Modelica.Clocked.ClockSignals.Sampler.ShiftSample,Component,ok,,,0
Modelica.Clocked.ClockSignals.Sampler.SubSample,Component,ok,,,0
Modelica.Clocked.ClockSignals.Sampler.SuperSample,Component,ok,,,0
Modelica.Clocked.Examples.CascadeControlledDrive.AbsoluteClocks,Examples,ok,,,0
Modelica.Clocked.Examples.CascadeControlledDrive.Continuous,Examples,ok,,,0
Modelica.Clocked.Examples.CascadeControlledDrive.SubClocked,Examples,ok,,,0
Modelica.Clocked.Examples.CascadeControlledDrive.SuperSampled,Examples,ok,,,0
Modelica.Clocked.Examples.Elementary.BooleanSignals.AssignClock,Examples,ok,,,0
Modelica.Clocked.Examples.Elementary.BooleanSignals.AssignClockVectorized,Examples,ok,,,0
Modelica.Clocked.Examples.Elementary.BooleanSignals.BackSample,Examples,ok,,,0
Modelica.Clocked.Examples.Elementary.BooleanSignals.Hold,Examples,ok,,,0
Modelica.Clocked.Examples.Elementary.BooleanSignals.Sample1,Examples,ok,,,0
Modelica.Clocked.Examples.Elementary.BooleanSignals.Sample2,Examples,ok,,,0
Modelica.Clocked.Examples.Elementary.BooleanSignals.SampleClocked,Examples,ok,,,0
Modelica.Clocked.Examples.Elementary.BooleanSignals.SampleVectorizedAndClocked,Examples,ok,,,0
Modelica.Clocked.Examples.Elementary.BooleanSignals.ShiftSample,Examples,ok,,,0
Modelica.Clocked.Examples.Elementary.BooleanSignals.SubSample,Examples,ok,,,0
Modelica.Clocked.Examples.Elementary.BooleanSignals.SuperSample,Examples,ok,,,0
Modelica.Clocked.Examples.Elementary.BooleanSignals.TickBasedPulse,Examples,ok,,,0
Modelica.Clocked.Examples.Elementary.BooleanSignals.TickBasedStep,Examples,ok,,,0
Modelica.Clocked.Examples.Elementary.BooleanSignals.TimeBasedPulse,Examples,ok,,,0
Modelica.Clocked.Examples.Elementary.BooleanSignals.TimeBasedStep,Examples,ok,,,0
Modelica.Clocked.Examples.Elementary.BooleanSignals.UpSample,Examples,ok,,,0
Modelica.Clocked.Examples.Elementary.ClockSignals.LogicalSample,Examples,ok,,,0
Modelica.Clocked.Examples.Elementary.ClockSignals.RotationalSample,Examples,ok,,,0
Modelica.Clocked.Examples.Elementary.ClockSignals.ShiftSample,Examples,ok,,,0
Modelica.Clocked.Examples.Elementary.ClockSignals.SubSample,Examples,ok,,,0
Modelica.Clocked.Examples.Elementary.ClockSignals.SuperSample,Examples,ok,,,0
Modelica.Clocked.Examples.Elementary.IntegerSignals.AssignClock,Examples,ok,,,0
Modelica.Clocked.Examples.Elementary.IntegerSignals.AssignClockVectorized,Examples,ok,,,0
Modelica.Clocked.Examples.Elementary.IntegerSignals.BackSample,Examples,ok,,,0
Modelica.Clocked.Examples.Elementary.IntegerSignals.Hold,Examples,ok,,,0
Modelica.Clocked.Examples.Elementary.IntegerSignals.Sample1,Examples,ok,,,0
Modelica.Clocked.Examples.Elementary.IntegerSignals.Sample2,Examples,ok,,,0
Modelica.Clocked.Examples.Elementary.IntegerSignals.SampleClocked,Examples,ok,,,0
Modelica.Clocked.Examples.Elementary.IntegerSignals.SampleVectorizedAndClocked,Examples,ok,,,0
Modelica.Clocked.Examples.Elementary.IntegerSignals.ShiftSample,Examples,ok,,,0
Modelica.Clocked.Examples.Elementary.IntegerSignals.SubSample,Examples,ok,,,0
Modelica.Clocked.Examples.Elementary.IntegerSignals.SuperSample,Examples,ok,,,0
Modelica.Clocked.Examples.Elementary.IntegerSignals.TickBasedStep,Examples,ok,,,0
Modelica.Clocked.Examples.Elementary.IntegerSignals.TimeBasedStep,Examples,ok,,,0
Modelica.Clocked.Examples.Elementary.IntegerSignals.UpSample,Examples,ok,,,0
Modelica.Clocked.Examples.Elementary.RealSignals.AssignClock,Examples,ok,,,0
Modelica.Clocked.Examples.Elementary.RealSignals.AssignClockToSquareWaveHold,Examples,ok,,,0
Modelica.Clocked.Examples.Elementary.RealSignals.AssignClockToTriggerHold,Examples,ok,,,0
Modelica.Clocked.Examples.Elementary.RealSignals.AssignClockVectorized,Examples,ok,,,0
Modelica.Clocked.Examples.Elementary.RealSignals.BackSample,Examples,ok,,,0
Modelica.Clocked.Examples.Elementary.RealSignals.FractionalDelay,Examples,ok,,,0
Modelica.Clocked.Examples.Elementary.RealSignals.Hold,Examples,ok,,,0
Modelica.Clocked.Examples.Elementary.RealSignals.HoldWithDAeffects1,Examples,ok,,,0
Modelica.Clocked.Examples.Elementary.RealSignals.HoldWithDAeffects2,Examples,ok,,,0
Modelica.Clocked.Examples.Elementary.RealSignals.Sample1,Examples,ok,,,0
Modelica.Clocked.Examples.Elementary.RealSignals.Sample2,Examples,ok,,,0
Modelica.Clocked.Examples.Elementary.RealSignals.Sample3,Examples,ok,,,0
Modelica.Clocked.Examples.Elementary.RealSignals.SampleClocked,Examples,ok,,,0
Modelica.Clocked.Examples.Elementary.RealSignals.SampleVectorizedAndClocked,Examples,ok,,,0
Modelica.Clocked.Examples.Elementary.RealSignals.SampleWithADeffects,Examples,ok,,,0
Modelica.Clocked.Examples.Elementary.RealSignals.ShiftSample,Examples,ok,,,0
Modelica.Clocked.Examples.Elementary.RealSignals.SubSample,Examples,ok,,,0
Modelica.Clocked.Examples.Elementary.RealSignals.SuperSample,Examples,ok,,,0
Modelica.Clocked.Examples.Elementary.RealSignals.SuperSampleInterpolated,Examples,ok,,,0
Modelica.Clocked.Examples.Elementary.RealSignals.TickBasedRamp,Examples,ok,,,0
Modelica.Clocked.Examples.Elementary.RealSignals.TickBasedSine,Examples,ok,,,0
Modelica.Clocked.Examples.Elementary.RealSignals.TickBasedStep,Examples,ok,,,0
Modelica.Clocked.Examples.Elementary.RealSignals.TimeBasedRamp,Examples,ok,,,0
Modelica.Clocked.Examples.Elementary.RealSignals.TimeBasedSine,Examples,ok,,,0
Modelica.Clocked.Examples.Elementary.RealSignals.TimeBasedStep,Examples,ok,,,0
Modelica.Clocked.Examples.Elementary.RealSignals.UniformNoise,Examples,ok,,,0
Modelica.Clocked.Examples.Elementary.RealSignals.UniformNoiseXorshift64star,Examples,ok,,,0
Modelica.Clocked.Examples.Elementary.RealSignals.UpSample1,Examples,ok,,,0
Modelica.Clocked.Examples.Elementary.RealSignals.UpSample2,Examples,ok,,,0
Modelica.Clocked.Examples.SimpleControlledDrive.ClockedWithDiscreteController,Examples,ok,,,0
Modelica.Clocked.Examples.SimpleControlledDrive.ClockedWithDiscreteTextbookController,Examples,ok,,,0
Modelica.Clocked.Examples.SimpleControlledDrive.ClockedWithDiscretizedContinuousController,Examples,ok,,,0
Modelica.Clocked.Examples.SimpleControlledDrive.ClockedWith_AD_DA_Effects,Examples,ok,,,0
Modelica.Clocked.Examples.SimpleControlledDrive.Continuous,Examples,ok,,,0
Modelica.Clocked.Examples.SimpleControlledDrive.ExactlyClockedWithDiscreteController,Examples,ok,,,0
Modelica.Clocked.Examples.Systems.ControlledMixingUnit,Examples,ok,,,0
Modelica.Clocked.Examples.Systems.EngineThrottleControl,Examples,ok,,,0
Modelica.Clocked.Examples.Systems.Utilities.ComponentsMixingUnit.CriticalDamping,Examples,ok,,,0
Modelica.Clocked.Examples.Systems.Utilities.ComponentsMixingUnit.FilterOrder,Examples,ok,,,0
Modelica.Clocked.Examples.Systems.Utilities.ComponentsMixingUnit.MixingUnit,Examples,ok,,,0
Modelica.Clocked.Examples.Systems.Utilities.ComponentsMixingUnit.MixingUnitWithContinuousControl,Examples,ok,,,0
Modelica.Clocked.Examples.Systems.Utilities.ComponentsThrottleControl.CylinderAirCharge,Examples,ok,,,0
Modelica.Clocked.Examples.Systems.Utilities.ComponentsThrottleControl.Engine,Examples,ok,,,0
Modelica.Clocked.Examples.Systems.Utilities.ComponentsThrottleControl.InductionToPowerDelay,Examples,ok,,,0
Modelica.Clocked.Examples.Systems.Utilities.ComponentsThrottleControl.IntakeManifold,Examples,ok,,,0
Modelica.Clocked.Examples.Systems.Utilities.ComponentsThrottleControl.SpeedControl,Examples,ok,,,0
Modelica.Clocked.Examples.Systems.Utilities.ComponentsThrottleControl.ThrottleBody,Examples,ok,,,0
Modelica.Clocked.Examples.Systems.Utilities.ComponentsThrottleControl.TorqueGeneration,Examples,ok,,,0
Modelica.Clocked.IntegerSignals.Interfaces.PartialClockedSISO,Interfaces,ok,,,0
Modelica.Clocked.IntegerSignals.Interfaces.PartialClockedSO,Interfaces,ok,,,0
Modelica.Clocked.IntegerSignals.Interfaces.PartialSISOHold,Interfaces,ok,,,0
Modelica.Clocked.IntegerSignals.Interfaces.PartialSISOSampler,Interfaces,ok,,,0
Modelica.Clocked.IntegerSignals.Interfaces.SamplerIcon,Interfaces,ok,,,0
Modelica.Clocked.IntegerSignals.NonPeriodic.FractionalDelay,Component,ok,,,0
Modelica.Clocked.IntegerSignals.NonPeriodic.IntegerChange,Component,ok,,,0
Modelica.Clocked.IntegerSignals.NonPeriodic.UnitDelay,Component,ok,,,0
Modelica.Clocked.IntegerSignals.Sampler.AssignClock,Component,ok,,,0
Modelica.Clocked.IntegerSignals.Sampler.AssignClockVectorized,Component,ok,,,0
Modelica.Clocked.IntegerSignals.Sampler.BackSample,Component,ok,,,0
Modelica.Clocked.IntegerSignals.Sampler.Hold,Component,ok,,,0
Modelica.Clocked.IntegerSignals.Sampler.Sample,Component,ok,,,0
Modelica.Clocked.IntegerSignals.Sampler.SampleClocked,Component,ok,,,0
Modelica.Clocked.IntegerSignals.Sampler.SampleVectorizedAndClocked,Component,ok,,,0
Modelica.Clocked.IntegerSignals.Sampler.ShiftSample,Component,ok,,,0
Modelica.Clocked.IntegerSignals.Sampler.SubSample,Component,ok,,,0
Modelica.Clocked.IntegerSignals.Sampler.SuperSample,Component,ok,,,0
Modelica.Clocked.IntegerSignals.Sampler.Utilities.AssignClockToSquareWaveHold,Component,ok,,,0
Modelica.Clocked.IntegerSignals.Sampler.Utilities.AssignClockToTriggerHold,Component,ok,,,0
Modelica.Clocked.IntegerSignals.Sampler.Utilities.UpSample,Component,ok,,,0
Modelica.Clocked.IntegerSignals.TickBasedSources.Step,Component,ok,,,0
Modelica.Clocked.IntegerSignals.TimeBasedSources.Step,Component,ok,,,0
Modelica.Clocked.RealSignals.Interfaces.PartialClockedMIMO,Interfaces,ok,,,0
Modelica.Clocked.RealSignals.Interfaces.PartialClockedSISO,Interfaces,ok,,,0
Modelica.Clocked.RealSignals.Interfaces.PartialClockedSO,Interfaces,ok,,,0
Modelica.Clocked.RealSignals.Interfaces.PartialNoise,Interfaces,ok,,,0
Modelica.Clocked.RealSignals.Interfaces.PartialSISOHold,Interfaces,ok,,,0
Modelica.Clocked.RealSignals.Interfaces.PartialSISOSampler,Interfaces,ok,,,0
Modelica.Clocked.RealSignals.Interfaces.SamplerIcon,Interfaces,ok,,,0
Modelica.Clocked.RealSignals.NonPeriodic.FractionalDelay,Component,ok,,,0
Modelica.Clocked.RealSignals.NonPeriodic.PI,Component,ok,,,0
Modelica.Clocked.RealSignals.NonPeriodic.UnitDelay,Component,ok,,,0
Modelica.Clocked.RealSignals.Periodic.FIRbyCoefficients,Component,ok,,,0
Modelica.Clocked.RealSignals.Periodic.MovingAverage,Component,ok,,,0
Modelica.Clocked.RealSignals.Periodic.PI,Component,ok,,,0
Modelica.Clocked.RealSignals.Periodic.StateSpace,Component,ok,,,0
Modelica.Clocked.RealSignals.Periodic.TransferFunction,Component,ok,,,0
Modelica.Clocked.RealSignals.Sampler.AssignClock,Component,ok,,,0
Modelica.Clocked.RealSignals.Sampler.AssignClockVectorized,Component,ok,,,0
Modelica.Clocked.RealSignals.Sampler.BackSample,Component,ok,,,0
Modelica.Clocked.RealSignals.Sampler.Hold,Component,ok,,,0
Modelica.Clocked.RealSignals.Sampler.HoldWithDAeffects,Component,ok,,,0
Modelica.Clocked.RealSignals.Sampler.Sample,Component,ok,,,0
Modelica.Clocked.RealSignals.Sampler.SampleClocked,Component,ok,,,0
Modelica.Clocked.RealSignals.Sampler.SampleVectorizedAndClocked,Component,ok,,,0
Modelica.Clocked.RealSignals.Sampler.SampleWithADeffects,Component,ok,,,0
Modelica.Clocked.RealSignals.Sampler.ShiftSample,Component,ok,,,0
Modelica.Clocked.RealSignals.Sampler.SubSample,Component,ok,,,0
Modelica.Clocked.RealSignals.Sampler.SuperSample,Component,ok,,,0
Modelica.Clocked.RealSignals.Sampler.SuperSampleInterpolated,Component,ok,,,0
Modelica.Clocked.RealSignals.Sampler.Utilities.AssignClockToSquareWaveHold,Component,ok,,,0
Modelica.Clocked.RealSignals.Sampler.Utilities.AssignClockToTriggerHold,Component,ok,,,0
Modelica.Clocked.RealSignals.Sampler.Utilities.Internal.ComputationalDelay,Internal,ok,,,0
Modelica.Clocked.RealSignals.Sampler.Utilities.Internal.Limiter,Internal,ok,,,0
Modelica.Clocked.RealSignals.Sampler.Utilities.Internal.Quantization,Internal,ok,,,0
Modelica.Clocked.RealSignals.Sampler.Utilities.Internal.UniformNoise,Internal,ok,,,0
Modelica.Clocked.RealSignals.Sampler.Utilities.Internal.UniformNoiseXorshift64star,Internal,ok,,,0
Modelica.Clocked.RealSignals.Sampler.Utilities.UpSample,Component,ok,,,0
Modelica.Clocked.RealSignals.TickBasedSources.Ramp,Component,ok,,,0
Modelica.Clocked.RealSignals.TickBasedSources.Sine,Component,ok,,,0
Modelica.Clocked.RealSignals.TickBasedSources.Step,Component,ok,,,0
Modelica.Clocked.RealSignals.TimeBasedSources.Ramp,Component,ok,,,0
Modelica.Clocked.RealSignals.TimeBasedSources.Sine,Component,ok,,,0
Modelica.Clocked.RealSignals.TimeBasedSources.Step,Component,ok,,,0
Modelica.Clocked.UsersGuide.Clocks,Component,ok,,,0
Modelica.Clocked.UsersGuide.Contact,Component,ok,,,0
Modelica.Clocked.UsersGuide.GettingStarted,Component,ok,,,0
Modelica.Clocked.UsersGuide.Literature,Component,ok,,,0
Modelica.Clocked.UsersGuide.ReleaseNotes.Version_0_9,Component,ok,,,0
Modelica.Clocked.UsersGuide.ReleaseNotes.Version_0_91,Component,ok,,,0
Modelica.Clocked.UsersGuide.ReleaseNotes.Version_0_92,Component,ok,,,0
Modelica.Clocked.UsersGuide.ReleaseNotes.Version_0_92_1,Component,ok,,,0
Modelica.Clocked.UsersGuide.ReleaseNotes.Version_0_93_0,Component,ok,,,0
Modelica.Clocked.UsersGuide.Requirements,Component,ok,,,0
Modelica.ComplexBlocks.ComplexMath.Acos,Component,ok,,,0
Modelica.ComplexBlocks.ComplexMath.Add,Component,ok,,,0
Modelica.ComplexBlocks.ComplexMath.Add3,Component,ok,,,0
Modelica.ComplexBlocks.ComplexMath.Asin,Component,ok,,,0
Modelica.ComplexBlocks.ComplexMath.Atan,Component,ok,,,0
Modelica.ComplexBlocks.ComplexMath.Bode,Component,ok,,,0
Modelica.ComplexBlocks.ComplexMath.ComplexToPolar,Component,ok,,,0
Modelica.ComplexBlocks.ComplexMath.ComplexToReal,Component,ok,,,0
Modelica.ComplexBlocks.ComplexMath.Conj,Component,ok,,,0
Modelica.ComplexBlocks.ComplexMath.Cos,Component,ok,,,0
Modelica.ComplexBlocks.ComplexMath.Cosh,Component,ok,,,0
Modelica.ComplexBlocks.ComplexMath.Division,Component,ok,,,0
Modelica.ComplexBlocks.ComplexMath.Exp,Component,ok,,,0
Modelica.ComplexBlocks.ComplexMath.Feedback,Component,ok,,,0
Modelica.ComplexBlocks.ComplexMath.Gain,Component,ok,,,0
Modelica.ComplexBlocks.ComplexMath.Log,Component,ok,,,0
Modelica.ComplexBlocks.ComplexMath.PolarToComplex,Component,ok,,,0
Modelica.ComplexBlocks.ComplexMath.Product,Component,ok,,,0
Modelica.ComplexBlocks.ComplexMath.RealToComplex,Component,ok,,,0
Modelica.ComplexBlocks.ComplexMath.Sin,Component,ok,,,0
Modelica.ComplexBlocks.ComplexMath.Sinh,Component,ok,,,0
Modelica.ComplexBlocks.ComplexMath.Sqrt,Component,ok,,,0
Modelica.ComplexBlocks.ComplexMath.Sum,Component,ok,,,0
Modelica.ComplexBlocks.ComplexMath.Tan,Component,ok,,,0
Modelica.ComplexBlocks.ComplexMath.Tanh,Component,ok,,,0
Modelica.ComplexBlocks.ComplexMath.TransferFunction,Component,ok,,,0
Modelica.ComplexBlocks.Examples.ShowTransferFunction,Examples,ok,,,0
Modelica.ComplexBlocks.Examples.TestConversionBlock,Examples,ok,,,0
Modelica.ComplexBlocks.Icons.ComplexBlock,Icons,ok,,,0
Modelica.ComplexBlocks.Interfaces.ComplexMI2MO,Interfaces,ok,,,0
Modelica.ComplexBlocks.Interfaces.ComplexMIMO,Interfaces,ok,,,0
Modelica.ComplexBlocks.Interfaces.ComplexMIMOs,Interfaces,ok,,,0
Modelica.ComplexBlocks.Interfaces.ComplexMISO,Interfaces,ok,,,0
Modelica.ComplexBlocks.Interfaces.ComplexMO,Interfaces,ok,,,0
Modelica.ComplexBlocks.Interfaces.ComplexSI2SO,Interfaces,ok,,,0
Modelica.ComplexBlocks.Interfaces.ComplexSIMO,Interfaces,ok,,,0
Modelica.ComplexBlocks.Interfaces.ComplexSISO,Interfaces,ok,,,0
Modelica.ComplexBlocks.Interfaces.ComplexSO,Interfaces,ok,,,0
Modelica.ComplexBlocks.Interfaces.ComplexSignalSource,Interfaces,ok,,,0
Modelica.ComplexBlocks.Routing.ComplexPassThrough,Component,ok,,,0
Modelica.ComplexBlocks.Routing.ExtractSignal,Component,ok,,,0
Modelica.ComplexBlocks.Routing.Extractor,Component,ok,,,0
Modelica.ComplexBlocks.Routing.Replicator,Component,ok,,,0
Modelica.ComplexBlocks.Sources.ComplexConstant,Component,ok,,,0
Modelica.ComplexBlocks.Sources.ComplexExpression,Component,ok,,,0
Modelica.ComplexBlocks.Sources.ComplexRampPhasor,Component,ok,,,0
Modelica.ComplexBlocks.Sources.ComplexRotatingPhasor,Component,ok,,,0
Modelica.ComplexBlocks.Sources.ComplexStep,Component,ok,,,0
Modelica.ComplexBlocks.UsersGuide.Contact,Component,ok,,,0
Modelica.ComplexBlocks.UsersGuide.ReleaseNotes,Component,ok,,,0
Modelica.Electrical.Analog.Basic.CCC,Component,ok,,,0
Modelica.Electrical.Analog.Basic.CCV,Component,ok,,,0
Modelica.Electrical.Analog.Basic.Capacitor,Component,ok,,,0
Modelica.Electrical.Analog.Basic.Conductor,Component,ok,,,0
Modelica.Electrical.Analog.Basic.GeneralCurrentToVoltageAdaptor,Component,ok,,,0
Modelica.Electrical.Analog.Basic.GeneralVoltageToCurrentAdaptor,Component,ok,,,0
Modelica.Electrical.Analog.Basic.Ground,Component,ok,,,0
Modelica.Electrical.Analog.Basic.Gyrator,Component,ok,,,0
Modelica.Electrical.Analog.Basic.Inductor,Component,ok,,,0
Modelica.Electrical.Analog.Basic.M_Transformer,Component,ok,,,0
Modelica.Electrical.Analog.Basic.OpAmp,Component,ok,,,0
Modelica.Electrical.Analog.Basic.OpAmpDetailed,Component,ok,,,0
Modelica.Electrical.Analog.Basic.Potentiometer,Component,ok,,,0
Modelica.Electrical.Analog.Basic.Resistor,Component,ok,,,0
Modelica.Electrical.Analog.Basic.RotationalEMF,Component,ok,,,0
Modelica.Electrical.Analog.Basic.SaturatingInductor,Component,ok,,,0
Modelica.Electrical.Analog.Basic.Transformer,Component,ok,,,0
Modelica.Electrical.Analog.Basic.TranslationalEMF,Component,ok,,,0
Modelica.Electrical.Analog.Basic.VCC,Component,ok,,,0
Modelica.Electrical.Analog.Basic.VCV,Component,ok,,,0
Modelica.Electrical.Analog.Basic.VariableCapacitor,Component,ok,,,0
Modelica.Electrical.Analog.Basic.VariableConductor,Component,ok,,,0
Modelica.Electrical.Analog.Basic.VariableInductor,Component,ok,,,0
Modelica.Electrical.Analog.Basic.VariableResistor,Component,ok,,,0
Modelica.Electrical.Analog.Examples.AD_DA_conversion,Examples,ok,,,0
Modelica.Electrical.Analog.Examples.AmplifierWithOpAmpDetailed,Examples,ok,,,0
Modelica.Electrical.Analog.Examples.CauerLowPassAnalog,Examples,ok,,,0
Modelica.Electrical.Analog.Examples.CauerLowPassOPV,Examples,ok,,,0
Modelica.Electrical.Analog.Examples.CauerLowPassSC,Examples,ok,,,0
Modelica.Electrical.Analog.Examples.CharacteristicIdealDiodes,Examples,ok,,,0
Modelica.Electrical.Analog.Examples.CharacteristicThyristors,Examples,ok,,,0
Modelica.Electrical.Analog.Examples.ChuaCircuit,Examples,ok,,,0
Modelica.Electrical.Analog.Examples.CompareTransformers,Examples,ok,,,0
Modelica.Electrical.Analog.Examples.ControlledSwitchWithArc,Examples,ok,,,0
Modelica.Electrical.Analog.Examples.DemoPowerSupply,Examples,ok,,,0
Modelica.Electrical.Analog.Examples.DemoPowerSupplyWithBuffer,Examples,ok,,,0
Modelica.Electrical.Analog.Examples.DemonstrateLightning,Examples,ok,,,0
Modelica.Electrical.Analog.Examples.DifferenceAmplifier,Examples,ok,,,0
Modelica.Electrical.Analog.Examples.GenerationOfFMUs,Examples,ok,,,0
Modelica.Electrical.Analog.Examples.HeatingMOSInverter,Examples,ok,,,0
Modelica.Electrical.Analog.Examples.HeatingNPN_NORGate,Examples,ok,,,0
Modelica.Electrical.Analog.Examples.HeatingPNP_NORGate,Examples,ok,,,0
Modelica.Electrical.Analog.Examples.HeatingRectifier,Examples,ok,,,0
Modelica.Electrical.Analog.Examples.IdealTriacCircuit,Examples,ok,,,0
Modelica.Electrical.Analog.Examples.InvertingAmp,Examples,ok,,,0
Modelica.Electrical.Analog.Examples.Lines.CompareLineTrunks,Examples,ok,,,0
Modelica.Electrical.Analog.Examples.Lines.CompareLosslessLines,Examples,ok,,,0
Modelica.Electrical.Analog.Examples.Lines.LightningLosslessTransmissionLine,Examples,ok,,,0
Modelica.Electrical.Analog.Examples.Lines.SmoothStep,Examples,ok,,,0
Modelica.Electrical.Analog.Examples.NandGate,Examples,ok,,,0
Modelica.Electrical.Analog.Examples.OpAmps.Adder,Examples,ok,,,0
Modelica.Electrical.Analog.Examples.OpAmps.Comparator,Examples,ok,,,0
Modelica.Electrical.Analog.Examples.OpAmps.ControlCircuit,Examples,ok,,,0
Modelica.Electrical.Analog.Examples.OpAmps.DifferentialAmplifier,Examples,ok,,,0
Modelica.Electrical.Analog.Examples.OpAmps.Differentiator,Examples,ok,,,0
Modelica.Electrical.Analog.Examples.OpAmps.HighPass,Examples,ok,,,0
Modelica.Electrical.Analog.Examples.OpAmps.Integrator,Examples,ok,,,0
Modelica.Electrical.Analog.Examples.OpAmps.InvertingAmplifier,Examples,ok,,,0
Modelica.Electrical.Analog.Examples.OpAmps.InvertingSchmittTrigger,Examples,ok,,,0
Modelica.Electrical.Analog.Examples.OpAmps.LCOscillator,Examples,ok,,,0
Modelica.Electrical.Analog.Examples.OpAmps.LowPass,Examples,ok,,,0
Modelica.Electrical.Analog.Examples.OpAmps.Multivibrator,Examples,ok,,,0
Modelica.Electrical.Analog.Examples.OpAmps.NonInvertingAmplifier,Examples,ok,,,0
Modelica.Electrical.Analog.Examples.OpAmps.OpAmpCircuits.Add,Examples,ok,,,0
Modelica.Electrical.Analog.Examples.OpAmps.OpAmpCircuits.Buffer,Examples,ok,,,0
Modelica.Electrical.Analog.Examples.OpAmps.OpAmpCircuits.Der,Examples,ok,,,0
Modelica.Electrical.Analog.Examples.OpAmps.OpAmpCircuits.Derivative,Examples,ok,,,0
Modelica.Electrical.Analog.Examples.OpAmps.OpAmpCircuits.Feedback,Examples,ok,,,0
Modelica.Electrical.Analog.Examples.OpAmps.OpAmpCircuits.FirstOrder,Examples,ok,,,0
Modelica.Electrical.Analog.Examples.OpAmps.OpAmpCircuits.Gain,Examples,ok,,,0
Modelica.Electrical.Analog.Examples.OpAmps.OpAmpCircuits.Integrator,Examples,ok,,,0
Modelica.Electrical.Analog.Examples.OpAmps.OpAmpCircuits.PI,Examples,ok,,,0
Modelica.Electrical.Analog.Examples.OpAmps.OpAmpCircuits.PartialOpAmp,Examples,ok,,,0
Modelica.Electrical.Analog.Examples.OpAmps.SchmittTrigger,Examples,ok,,,0
Modelica.Electrical.Analog.Examples.OpAmps.SignalGenerator,Examples,ok,,,0
Modelica.Electrical.Analog.Examples.OpAmps.Subtracter,Examples,ok,,,0
Modelica.Electrical.Analog.Examples.OpAmps.VoltageFollower,Examples,ok,,,0
Modelica.Electrical.Analog.Examples.OvervoltageProtection,Examples,ok,,,0
Modelica.Electrical.Analog.Examples.ParallelResonance,Examples,ok,,,0
Modelica.Electrical.Analog.Examples.Rectifier,Examples,ok,,,0
Modelica.Electrical.Analog.Examples.Resistor,Examples,ok,,,0
Modelica.Electrical.Analog.Examples.ResonanceCircuits,Examples,ok,,,0
Modelica.Electrical.Analog.Examples.SeriesResonance,Examples,ok,,,0
Modelica.Electrical.Analog.Examples.ShowSaturatingInductor,Examples,ok,,,0
Modelica.Electrical.Analog.Examples.ShowVariableResistor,Examples,ok,,,0
Modelica.Electrical.Analog.Examples.SimpleTriacCircuit,Examples,ok,,,0
Modelica.Electrical.Analog.Examples.SwitchWithArc,Examples,ok,,,0
Modelica.Electrical.Analog.Examples.ThyristorBehaviourTest,Examples,ok,,,0
Modelica.Electrical.Analog.Examples.Utilities.Conductor,Examples,ok,,,0
Modelica.Electrical.Analog.Examples.Utilities.DirectCapacitor,Examples,ok,,,0
Modelica.Electrical.Analog.Examples.Utilities.DirectInductor,Examples,ok,,,0
Modelica.Electrical.Analog.Examples.Utilities.InverseCapacitor,Examples,ok,,,0
Modelica.Electrical.Analog.Examples.Utilities.InverseInductor,Examples,ok,,,0
Modelica.Electrical.Analog.Examples.Utilities.Nand,Examples,ok,,,0
Modelica.Electrical.Analog.Examples.Utilities.NonlinearResistor,Examples,ok,,,0
Modelica.Electrical.Analog.Examples.Utilities.RealSwitch,Examples,ok,,,0
Modelica.Electrical.Analog.Examples.Utilities.Resistor,Examples,ok,,,0
Modelica.Electrical.Analog.Examples.Utilities.SwitchedCapacitor,Examples,ok,,,0
Modelica.Electrical.Analog.Examples.Utilities.Transistor,Examples,ok,,,0
Modelica.Electrical.Analog.Icons.CurrentSource,Icons,ok,,,0
Modelica.Electrical.Analog.Icons.VoltageSource,Icons,ok,,,0
Modelica.Electrical.Analog.Ideal.AD_Converter,Component,ok,,,0
Modelica.Electrical.Analog.Ideal.CloserWithArc,Component,ok,,,0
Modelica.Electrical.Analog.Ideal.ControlledCloserWithArc,Component,ok,,,0
Modelica.Electrical.Analog.Ideal.ControlledIdealClosingSwitch,Component,ok,,,0
Modelica.Electrical.Analog.Ideal.ControlledIdealIntermediateSwitch,Component,ok,,,0
Modelica.Electrical.Analog.Ideal.ControlledIdealOpeningSwitch,Component,ok,,,0
Modelica.Electrical.Analog.Ideal.ControlledIdealTwoWaySwitch,Component,ok,,,0
Modelica.Electrical.Analog.Ideal.ControlledOpenerWithArc,Component,ok,,,0
Modelica.Electrical.Analog.Ideal.DA_Converter,Component,ok,,,0
Modelica.Electrical.Analog.Ideal.IdealClosingSwitch,Component,ok,,,0
Modelica.Electrical.Analog.Ideal.IdealDiode,Component,ok,,,0
Modelica.Electrical.Analog.Ideal.IdealGTOThyristor,Component,ok,,,0
Modelica.Electrical.Analog.Ideal.IdealIntermediateSwitch,Component,ok,,,0
Modelica.Electrical.Analog.Ideal.IdealOpAmp,Component,ok,,,0
Modelica.Electrical.Analog.Ideal.IdealOpAmp3Pin,Component,ok,,,0
Modelica.Electrical.Analog.Ideal.IdealOpAmpLimited,Component,ok,,,0
Modelica.Electrical.Analog.Ideal.IdealOpeningSwitch,Component,ok,,,0
Modelica.Electrical.Analog.Ideal.IdealThyristor,Component,ok,,,0
Modelica.Electrical.Analog.Ideal.IdealTransformer,Component,ok,,,0
Modelica.Electrical.Analog.Ideal.IdealTriac,Component,ok,,,0
Modelica.Electrical.Analog.Ideal.IdealTwoWaySwitch,Component,ok,,,0
Modelica.Electrical.Analog.Ideal.IdealizedOpAmpLimited,Component,ok,,,0
Modelica.Electrical.Analog.Ideal.Idle,Component,ok,,,0
Modelica.Electrical.Analog.Ideal.OpenerWithArc,Component,ok,,,0
Modelica.Electrical.Analog.Ideal.Short,Component,ok,,,0
Modelica.Electrical.Analog.Interfaces.AbsoluteSensor,Interfaces,ok,,,0
Modelica.Electrical.Analog.Interfaces.ConditionalHeatPort,Interfaces,ok,,,0
Modelica.Electrical.Analog.Interfaces.CurrentSource,Interfaces,ok,,,0
Modelica.Electrical.Analog.Interfaces.FourPin,Interfaces,ok,,,0
Modelica.Electrical.Analog.Interfaces.IdealSemiconductor,Interfaces,ok,,,0
Modelica.Electrical.Analog.Interfaces.IdealSwitch,Interfaces,ok,,,0
Modelica.Electrical.Analog.Interfaces.IdealSwitchWithArc,Interfaces,ok,,,0
Modelica.Electrical.Analog.Interfaces.OnePort,Interfaces,ok,,,0
Modelica.Electrical.Analog.Interfaces.PartialConditionalHeatPort,Interfaces,ok,,,0
Modelica.Electrical.Analog.Interfaces.RelativeSensor,Interfaces,ok,,,0
Modelica.Electrical.Analog.Interfaces.TwoPin,Interfaces,ok,,,0
Modelica.Electrical.Analog.Interfaces.TwoPort,Interfaces,ok,,,0
Modelica.Electrical.Analog.Interfaces.VoltageSource,Interfaces,ok,,,0
Modelica.Electrical.Analog.Lines.M_OLine,Component,ok,,,0
Modelica.Electrical.Analog.Lines.M_OLine.segment,Component,ok,,,0
Modelica.Electrical.Analog.Lines.M_OLine.segment_last,Component,ok,,,0
Modelica.Electrical.Analog.Lines.OLine,Component,ok,,,0
Modelica.Electrical.Analog.Lines.TLine,Component,ok,,,0
Modelica.Electrical.Analog.Lines.TLine1,Component,ok,,,0
Modelica.Electrical.Analog.Lines.TLine2,Component,ok,,,0
Modelica.Electrical.Analog.Lines.TLine3,Component,ok,,,0
Modelica.Electrical.Analog.Lines.ULine,Component,ok,,,0
Modelica.Electrical.Analog.Semiconductors.Diode,Component,ok,,,0
Modelica.Electrical.Analog.Semiconductors.Diode2,Component,ok,,,0
Modelica.Electrical.Analog.Semiconductors.NMOS,Component,ok,,,0
Modelica.Electrical.Analog.Semiconductors.NPN,Component,ok,,,0
Modelica.Electrical.Analog.Semiconductors.PMOS,Component,ok,,,0
Modelica.Electrical.Analog.Semiconductors.PNP,Component,ok,,,0
Modelica.Electrical.Analog.Semiconductors.SimpleTriac,Component,ok,,,0
Modelica.Electrical.Analog.Semiconductors.Thyristor,Component,ok,,,0
Modelica.Electrical.Analog.Semiconductors.ZDiode,Component,ok,,,0
Modelica.Electrical.Analog.Sensors.CurrentSensor,Component,ok,,,0
Modelica.Electrical.Analog.Sensors.MultiSensor,Component,ok,,,0
Modelica.Electrical.Analog.Sensors.PotentialSensor,Component,ok,,,0
Modelica.Electrical.Analog.Sensors.PowerSensor,Component,ok,,,0
Modelica.Electrical.Analog.Sensors.VoltageSensor,Component,ok,,,0
Modelica.Electrical.Analog.Sources.ConstantCurrent,Component,ok,,,0
Modelica.Electrical.Analog.Sources.ConstantVoltage,Component,ok,,,0
Modelica.Electrical.Analog.Sources.CosineCurrent,Component,ok,,,0
Modelica.Electrical.Analog.Sources.CosineCurrentVariableFrequencyAndAmplitude,Component,ok,,,0
Modelica.Electrical.Analog.Sources.CosineVoltage,Component,ok,,,0
Modelica.Electrical.Analog.Sources.CosineVoltageVariableFrequencyAndAmplitude,Component,ok,,,0
Modelica.Electrical.Analog.Sources.DCPowerSupply,Component,ok,,,0
Modelica.Electrical.Analog.Sources.ExpSineCurrent,Component,ok,,,0
Modelica.Electrical.Analog.Sources.ExpSineVoltage,Component,ok,,,0
Modelica.Electrical.Analog.Sources.ExponentialsCurrent,Component,ok,,,0
Modelica.Electrical.Analog.Sources.ExponentialsVoltage,Component,ok,,,0
Modelica.Electrical.Analog.Sources.LightningImpulse,Component,ok,,,0
Modelica.Electrical.Analog.Sources.LightningImpulseCurrent,Component,ok,,,0
Modelica.Electrical.Analog.Sources.LightningImpulseVoltage,Component,ok,,,0
Modelica.Electrical.Analog.Sources.PulseCurrent,Component,ok,,,0
Modelica.Electrical.Analog.Sources.PulseVoltage,Component,ok,,,0
Modelica.Electrical.Analog.Sources.RampCurrent,Component,ok,,,0
Modelica.Electrical.Analog.Sources.RampVoltage,Component,ok,,,0
Modelica.Electrical.Analog.Sources.SawToothCurrent,Component,ok,,,0
Modelica.Electrical.Analog.Sources.SawToothVoltage,Component,ok,,,0
Modelica.Electrical.Analog.Sources.SignalCurrent,Component,ok,,,0
Modelica.Electrical.Analog.Sources.SignalVoltage,Component,ok,,,0
Modelica.Electrical.Analog.Sources.SineCurrent,Component,ok,,,0
Modelica.Electrical.Analog.Sources.SineCurrentVariableFrequencyAndAmplitude,Component,ok,,,0
Modelica.Electrical.Analog.Sources.SineVoltage,Component,ok,,,0
Modelica.Electrical.Analog.Sources.SineVoltageVariableFrequencyAndAmplitude,Component,ok,,,0
Modelica.Electrical.Analog.Sources.StepCurrent,Component,ok,,,0
Modelica.Electrical.Analog.Sources.StepVoltage,Component,ok,,,0
Modelica.Electrical.Analog.Sources.SupplyVoltage,Component,ok,,,0
Modelica.Electrical.Analog.Sources.TableCurrent,Component,ok,,,0
Modelica.Electrical.Analog.Sources.TableVoltage,Component,ok,,,0
Modelica.Electrical.Analog.Sources.TrapezoidCurrent,Component,ok,,,0
Modelica.Electrical.Analog.Sources.TrapezoidVoltage,Component,ok,,,0
Modelica.Electrical.Analog.UsersGuide.Contact,Component,ok,,,0
Modelica.Electrical.Analog.UsersGuide.References,Component,ok,,,0
Modelica.Electrical.Analog.UsersGuide.ReleaseNotes,Component,ok,,,0
Modelica.Electrical.Batteries.BaseClasses.BaseCellStack,BaseClasses,ok,,,0
Modelica.Electrical.Batteries.BaseClasses.BaseCellWithSensors,BaseClasses,ok,,,0
Modelica.Electrical.Batteries.BaseClasses.BaseStackWithSensors,BaseClasses,ok,,,0
Modelica.Electrical.Batteries.BatteryStacks.CellRCStack,Component,ok,,,0
Modelica.Electrical.Batteries.BatteryStacks.CellStack,Component,ok,,,0
Modelica.Electrical.Batteries.BatteryStacks.SuperCap,Component,ok,,,0
Modelica.Electrical.Batteries.BatteryStacksWithSensors.Cell,Component,ok,,,0
Modelica.Electrical.Batteries.BatteryStacksWithSensors.CellRC,Component,ok,,,0
Modelica.Electrical.Batteries.BatteryStacksWithSensors.Stack,Component,ok,,,0
Modelica.Electrical.Batteries.BatteryStacksWithSensors.StackRC,Component,ok,,,0
Modelica.Electrical.Batteries.Examples.BatteryDischargeCharge,Examples,ok,,,0
Modelica.Electrical.Batteries.Examples.CCCV_Cell,Examples,ok,,,0
Modelica.Electrical.Batteries.Examples.CCCV_CellRC,Examples,ok,,,0
Modelica.Electrical.Batteries.Examples.CCCV_Stack,Examples,ok,,,0
Modelica.Electrical.Batteries.Examples.CCCV_StackRC,Examples,ok,,,0
Modelica.Electrical.Batteries.Examples.CCCVcharging,Examples,ok,,,0
Modelica.Electrical.Batteries.Examples.ShowImpedance,Examples,ok,,,0
Modelica.Electrical.Batteries.Examples.SuperCapDischargeCharge,Examples,ok,,,0
Modelica.Electrical.Batteries.Icons.BatteryIcon,Icons,ok,,,0
Modelica.Electrical.Batteries.Icons.TransientModel,Icons,ok,,,0
Modelica.Electrical.Batteries.UsersGuide.Concept,Component,ok,,,0
Modelica.Electrical.Batteries.UsersGuide.Contact,Component,ok,,,0
Modelica.Electrical.Batteries.UsersGuide.Parameterization,Component,ok,,,0
Modelica.Electrical.Batteries.UsersGuide.References,Component,ok,,,0
Modelica.Electrical.Batteries.UsersGuide.ReleaseNotes,Component,ok,,,0
Modelica.Electrical.Batteries.Utilities.BusTranscription,Component,ok,,,0
Modelica.Electrical.Batteries.Utilities.CCCVcharger,Component,ok,,,0
Modelica.Electrical.Batteries.Utilities.Impedance,Component,ok,,,0
Modelica.Electrical.Batteries.Utilities.PulseSeries,Component,ok,,,0
Modelica.Electrical.Digital.Basic.And,Component,ok,,,0
Modelica.Electrical.Digital.Basic.Nand,Component,ok,,,0
Modelica.Electrical.Digital.Basic.Nor,Component,ok,,,0
Modelica.Electrical.Digital.Basic.Not,Component,ok,,,0
Modelica.Electrical.Digital.Basic.Or,Component,ok,,,0
Modelica.Electrical.Digital.Basic.Xnor,Component,ok,,,0
Modelica.Electrical.Digital.Basic.Xor,Component,ok,,,0
Modelica.Electrical.Digital.Converters.BooleanToLogic,Component,ok,,,0
Modelica.Electrical.Digital.Converters.LogicToBoolean,Component,ok,,,0
Modelica.Electrical.Digital.Converters.LogicToReal,Component,ok,,,0
Modelica.Electrical.Digital.Converters.LogicToUX01,Component,ok,,,0
Modelica.Electrical.Digital.Converters.LogicToX01,Component,ok,,,0
Modelica.Electrical.Digital.Converters.LogicToX01Z,Component,ok,,,0
Modelica.Electrical.Digital.Converters.RealToLogic,Component,ok,,,0
Modelica.Electrical.Digital.Delay.DelayParams,Component,ok,,,0
Modelica.Electrical.Digital.Delay.InertialDelay,Component,ok,,,0
Modelica.Electrical.Digital.Delay.InertialDelaySensitive,Component,ok,,,0
Modelica.Electrical.Digital.Delay.InertialDelaySensitiveVector,Component,ok,,,0
Modelica.Electrical.Digital.Delay.TransportDelay,Component,ok,,,0
Modelica.Electrical.Digital.Examples.Adder4,Examples,ok,,,0
Modelica.Electrical.Digital.Examples.BUF3S,Examples,ok,,,0
Modelica.Electrical.Digital.Examples.Counter,Examples,ok,,,0
Modelica.Electrical.Digital.Examples.Counter3,Examples,ok,,,0
Modelica.Electrical.Digital.Examples.DFFREG,Examples,ok,,,0
Modelica.Electrical.Digital.Examples.DFFREGL,Examples,ok,,,0
Modelica.Electrical.Digital.Examples.DFFREGSRH,Examples,ok,,,0
Modelica.Electrical.Digital.Examples.DFFREGSRL,Examples,ok,,,0
Modelica.Electrical.Digital.Examples.DLATREG,Examples,ok,,,0
Modelica.Electrical.Digital.Examples.DLATREGL,Examples,ok,,,0
Modelica.Electrical.Digital.Examples.DLATREGSRH,Examples,ok,,,0
Modelica.Electrical.Digital.Examples.DLATREGSRL,Examples,ok,,,0
Modelica.Electrical.Digital.Examples.FlipFlop,Examples,ok,,,0
Modelica.Electrical.Digital.Examples.FullAdder,Examples,ok,,,0
Modelica.Electrical.Digital.Examples.HalfAdder,Examples,ok,,,0
Modelica.Electrical.Digital.Examples.INV3S,Examples,ok,,,0
Modelica.Electrical.Digital.Examples.MUX2x1,Examples,ok,,,0
Modelica.Electrical.Digital.Examples.Multiplexer,Examples,ok,,,0
Modelica.Electrical.Digital.Examples.NRXFER,Examples,ok,,,0
Modelica.Electrical.Digital.Examples.NXFER,Examples,ok,,,0
Modelica.Electrical.Digital.Examples.RAM,Examples,ok,,,0
Modelica.Electrical.Digital.Examples.Utilities.Adder,Examples,ok,,,0
Modelica.Electrical.Digital.Examples.Utilities.Counter,Examples,ok,,,0
Modelica.Electrical.Digital.Examples.Utilities.Counter3,Examples,ok,,,0
Modelica.Electrical.Digital.Examples.Utilities.DFF,Examples,ok,,,0
Modelica.Electrical.Digital.Examples.Utilities.FullAdder,Examples,ok,,,0
Modelica.Electrical.Digital.Examples.Utilities.HalfAdder,Examples,ok,,,0
Modelica.Electrical.Digital.Examples.Utilities.JKFF,Examples,ok,,,0
Modelica.Electrical.Digital.Examples.Utilities.MUX4,Examples,ok,,,0
Modelica.Electrical.Digital.Examples.Utilities.RS,Examples,ok,,,0
Modelica.Electrical.Digital.Examples.Utilities.RSFF,Examples,ok,,,0
Modelica.Electrical.Digital.Examples.VectorDelay,Examples,ok,,,0
Modelica.Electrical.Digital.Examples.WiredX,Examples,ok,,,0
Modelica.Electrical.Digital.Gates.AndGate,Component,ok,,,0
Modelica.Electrical.Digital.Gates.BufGate,Component,ok,,,0
Modelica.Electrical.Digital.Gates.InvGate,Component,ok,,,0
Modelica.Electrical.Digital.Gates.NandGate,Component,ok,,,0
Modelica.Electrical.Digital.Gates.NorGate,Component,ok,,,0
Modelica.Electrical.Digital.Gates.OrGate,Component,ok,,,0
Modelica.Electrical.Digital.Gates.XnorGate,Component,ok,,,0
Modelica.Electrical.Digital.Gates.XorGate,Component,ok,,,0
Modelica.Electrical.Digital.Interfaces.MIMO,Interfaces,ok,,,0
Modelica.Electrical.Digital.Interfaces.MISO,Interfaces,ok,,,0
Modelica.Electrical.Digital.Interfaces.MemoryBase,Interfaces,ok,,,0
Modelica.Electrical.Digital.Interfaces.SISO,Interfaces,ok,,,0
Modelica.Electrical.Digital.Memories.DLATRAM,Component,ok,,,0
Modelica.Electrical.Digital.Memories.DLATROM,Component,ok,,,0
Modelica.Electrical.Digital.Multiplexers.MUX2x1,Component,ok,,,0
Modelica.Electrical.Digital.Registers.DFFR,Component,ok,,,0
Modelica.Electrical.Digital.Registers.DFFREG,Component,ok,,,0
Modelica.Electrical.Digital.Registers.DFFREGL,Component,ok,,,0
Modelica.Electrical.Digital.Registers.DFFREGSRH,Component,ok,,,0
Modelica.Electrical.Digital.Registers.DFFREGSRL,Component,ok,,,0
Modelica.Electrical.Digital.Registers.DFFSR,Component,ok,,,0
Modelica.Electrical.Digital.Registers.DLATR,Component,ok,,,0
Modelica.Electrical.Digital.Registers.DLATREG,Component,ok,,,0
Modelica.Electrical.Digital.Registers.DLATREGL,Component,ok,,,0
Modelica.Electrical.Digital.Registers.DLATREGSRH,Component,ok,,,0
Modelica.Electrical.Digital.Registers.DLATREGSRL,Component,ok,,,0
Modelica.Electrical.Digital.Registers.DLATSR,Component,ok,,,0
Modelica.Electrical.Digital.Sources.DigitalClock,Component,ok,,,0
Modelica.Electrical.Digital.Sources.Pulse,Component,ok,,,0
Modelica.Electrical.Digital.Sources.Set,Component,ok,,,0
Modelica.Electrical.Digital.Sources.Step,Component,ok,,,0
Modelica.Electrical.Digital.Sources.Table,Component,ok,,,0
Modelica.Electrical.Digital.Tristates.BUF3S,Component,ok,,,0
Modelica.Electrical.Digital.Tristates.BUF3SL,Component,ok,,,0
Modelica.Electrical.Digital.Tristates.INV3S,Component,ok,,,0
Modelica.Electrical.Digital.Tristates.INV3SL,Component,ok,,,0
Modelica.Electrical.Digital.Tristates.NRXFERGATE,Component,ok,,,0
Modelica.Electrical.Digital.Tristates.NXFERGATE,Component,ok,,,0
Modelica.Electrical.Digital.Tristates.PRXFERGATE,Component,ok,,,0
Modelica.Electrical.Digital.Tristates.PXFERGATE,Component,ok,,,0
Modelica.Electrical.Digital.Tristates.WiredX,Component,ok,,,0
Modelica.Electrical.Digital.UsersGuide.Contact,Component,ok,,,0
Modelica.Electrical.Digital.UsersGuide.Literature,Component,ok,,,0
Modelica.Electrical.Digital.UsersGuide.ReleaseNotes,Component,ok,,,0
Modelica.Electrical.Machines.BasicMachines.Components.AirGapDC,Component,ok,,,0
Modelica.Electrical.Machines.BasicMachines.Components.AirGapR,Component,ok,,,0
Modelica.Electrical.Machines.BasicMachines.Components.AirGapS,Component,ok,,,0
Modelica.Electrical.Machines.BasicMachines.Components.CompoundDCExcitation,Component,ok,,,0
Modelica.Electrical.Machines.BasicMachines.Components.DamperCage,Component,ok,,,0
Modelica.Electrical.Machines.BasicMachines.Components.ElectricalExcitation,Component,ok,,,0
Modelica.Electrical.Machines.BasicMachines.Components.IdealCore,Component,ok,,,0
Modelica.Electrical.Machines.BasicMachines.Components.Inductor,Component,ok,,,0
Modelica.Electrical.Machines.BasicMachines.Components.InductorDC,Component,ok,,,0
Modelica.Electrical.Machines.BasicMachines.Components.PartialAirGap,Component,ok,,,0
Modelica.Electrical.Machines.BasicMachines.Components.PartialAirGapDC,Component,ok,,,0
Modelica.Electrical.Machines.BasicMachines.Components.PartialCore,Component,ok,,,0
Modelica.Electrical.Machines.BasicMachines.Components.PermanentMagnet,Component,ok,,,0
Modelica.Electrical.Machines.BasicMachines.Components.PermanentMagnetWithLosses,Component,ok,,,0
Modelica.Electrical.Machines.BasicMachines.Components.SquirrelCage,Component,ok,,,0
Modelica.Electrical.Machines.BasicMachines.DCMachines.DC_ElectricalExcited,Component,ok,,,0
Modelica.Electrical.Machines.BasicMachines.DCMachines.DC_PermanentMagnet,Component,ok,,,0
Modelica.Electrical.Machines.BasicMachines.DCMachines.DC_SeriesExcited,Component,ok,,,0
Modelica.Electrical.Machines.BasicMachines.InductionMachines.IM_SlipRing,Component,ok,,,0
Modelica.Electrical.Machines.BasicMachines.InductionMachines.IM_SquirrelCage,Component,ok,,,0
Modelica.Electrical.Machines.BasicMachines.QuasiStaticDCMachines.DC_ElectricalExcited,Component,ok,,,0
Modelica.Electrical.Machines.BasicMachines.QuasiStaticDCMachines.DC_PermanentMagnet,Component,ok,,,0
Modelica.Electrical.Machines.BasicMachines.QuasiStaticDCMachines.DC_SeriesExcited,Component,ok,,,0
Modelica.Electrical.Machines.BasicMachines.SynchronousMachines.SM_ElectricalExcited,Component,ok,,,0
Modelica.Electrical.Machines.BasicMachines.SynchronousMachines.SM_PermanentMagnet,Component,ok,,,0
Modelica.Electrical.Machines.BasicMachines.SynchronousMachines.SM_ReluctanceRotor,Component,ok,,,0
Modelica.Electrical.Machines.BasicMachines.Transformers.Dd.Dd00,Component,ok,,,0
Modelica.Electrical.Machines.BasicMachines.Transformers.Dd.Dd02,Component,ok,,,0
Modelica.Electrical.Machines.BasicMachines.Transformers.Dd.Dd04,Component,ok,,,0
Modelica.Electrical.Machines.BasicMachines.Transformers.Dd.Dd06,Component,ok,,,0
Modelica.Electrical.Machines.BasicMachines.Transformers.Dd.Dd08,Component,ok,,,0
Modelica.Electrical.Machines.BasicMachines.Transformers.Dd.Dd10,Component,ok,,,0
Modelica.Electrical.Machines.BasicMachines.Transformers.Dy.Dy01,Component,ok,,,0
Modelica.Electrical.Machines.BasicMachines.Transformers.Dy.Dy03,Component,ok,,,0
Modelica.Electrical.Machines.BasicMachines.Transformers.Dy.Dy05,Component,ok,,,0
Modelica.Electrical.Machines.BasicMachines.Transformers.Dy.Dy07,Component,ok,,,0
Modelica.Electrical.Machines.BasicMachines.Transformers.Dy.Dy09,Component,ok,,,0
Modelica.Electrical.Machines.BasicMachines.Transformers.Dy.Dy11,Component,ok,,,0
Modelica.Electrical.Machines.BasicMachines.Transformers.Dz.Dz00,Component,ok,,,0
Modelica.Electrical.Machines.BasicMachines.Transformers.Dz.Dz02,Component,ok,,,0
Modelica.Electrical.Machines.BasicMachines.Transformers.Dz.Dz04,Component,ok,,,0
Modelica.Electrical.Machines.BasicMachines.Transformers.Dz.Dz06,Component,ok,,,0
Modelica.Electrical.Machines.BasicMachines.Transformers.Dz.Dz08,Component,ok,,,0
Modelica.Electrical.Machines.BasicMachines.Transformers.Dz.Dz10,Component,ok,,,0
Modelica.Electrical.Machines.BasicMachines.Transformers.Yd.Yd01,Component,ok,,,0
Modelica.Electrical.Machines.BasicMachines.Transformers.Yd.Yd03,Component,ok,,,0
Modelica.Electrical.Machines.BasicMachines.Transformers.Yd.Yd05,Component,ok,,,0
Modelica.Electrical.Machines.BasicMachines.Transformers.Yd.Yd07,Component,ok,,,0
Modelica.Electrical.Machines.BasicMachines.Transformers.Yd.Yd09,Component,ok,,,0
Modelica.Electrical.Machines.BasicMachines.Transformers.Yd.Yd11,Component,ok,,,0
Modelica.Electrical.Machines.BasicMachines.Transformers.Yy.Yy00,Component,ok,,,0
Modelica.Electrical.Machines.BasicMachines.Transformers.Yy.Yy02,Component,ok,,,0
Modelica.Electrical.Machines.BasicMachines.Transformers.Yy.Yy04,Component,ok,,,0
Modelica.Electrical.Machines.BasicMachines.Transformers.Yy.Yy06,Component,ok,,,0
Modelica.Electrical.Machines.BasicMachines.Transformers.Yy.Yy08,Component,ok,,,0
Modelica.Electrical.Machines.BasicMachines.Transformers.Yy.Yy10,Component,ok,,,0
Modelica.Electrical.Machines.BasicMachines.Transformers.Yz.Yz01,Component,ok,,,0
Modelica.Electrical.Machines.BasicMachines.Transformers.Yz.Yz03,Component,ok,,,0
Modelica.Electrical.Machines.BasicMachines.Transformers.Yz.Yz05,Component,ok,,,0
Modelica.Electrical.Machines.BasicMachines.Transformers.Yz.Yz07,Component,ok,,,0
Modelica.Electrical.Machines.BasicMachines.Transformers.Yz.Yz09,Component,ok,,,0
Modelica.Electrical.Machines.BasicMachines.Transformers.Yz.Yz11,Component,ok,,,0
Modelica.Electrical.Machines.Examples.ControlledDCDrives.CurrentControlledDCPM,Examples,ok,,,0
Modelica.Electrical.Machines.Examples.ControlledDCDrives.PositionControlledDCPM,Examples,ok,,,0
Modelica.Electrical.Machines.Examples.ControlledDCDrives.SpeedControlledDCPM,Examples,ok,,,0
Modelica.Electrical.Machines.Examples.ControlledDCDrives.Utilities.DcdcInverter,Examples,ok,,,0
Modelica.Electrical.Machines.Examples.ControlledDCDrives.Utilities.IdealDcDc,Examples,ok,,,0
Modelica.Electrical.Machines.Examples.ControlledDCDrives.Utilities.LimitedPI,Examples,ok,,,0
Modelica.Electrical.Machines.Examples.ControlledDCDrives.Utilities.PartialControlledDCPM,Examples,ok,,,0
Modelica.Electrical.Machines.Examples.ControlledDCDrives.Utilities.SwitchingDcDc,Examples,ok,,,0
Modelica.Electrical.Machines.Examples.DCMachines.DCEE_Start,Examples,ok,,,0
Modelica.Electrical.Machines.Examples.DCMachines.DCPM_Cooling,Examples,ok,,,0
Modelica.Electrical.Machines.Examples.DCMachines.DCPM_CurrentControlled,Examples,ok,,,0
Modelica.Electrical.Machines.Examples.DCMachines.DCPM_Drive,Examples,ok,,,0
Modelica.Electrical.Machines.Examples.DCMachines.DCPM_QuasiStatic,Examples,ok,,,0
Modelica.Electrical.Machines.Examples.DCMachines.DCPM_Start,Examples,ok,,,0
Modelica.Electrical.Machines.Examples.DCMachines.DCPM_Temperature,Examples,ok,,,0
Modelica.Electrical.Machines.Examples.DCMachines.DCPM_withLosses,Examples,ok,,,0
Modelica.Electrical.Machines.Examples.DCMachines.DCSE_SinglePhase,Examples,ok,,,0
Modelica.Electrical.Machines.Examples.DCMachines.DCSE_Start,Examples,ok,,,0
Modelica.Electrical.Machines.Examples.DCMachines.DC_CompareCharacteristics,Examples,ok,,,0
Modelica.Electrical.Machines.Examples.InductionMachines.IMC_Conveyor,Examples,ok,,,0
Modelica.Electrical.Machines.Examples.InductionMachines.IMC_DCBraking,Examples,ok,,,0
Modelica.Electrical.Machines.Examples.InductionMachines.IMC_DOL,Examples,ok,,,0
Modelica.Electrical.Machines.Examples.InductionMachines.IMC_Initialize,Examples,ok,,,0
Modelica.Electrical.Machines.Examples.InductionMachines.IMC_Inverter,Examples,ok,,,0
Modelica.Electrical.Machines.Examples.InductionMachines.IMC_InverterDrive,Examples,ok,,,0
Modelica.Electrical.Machines.Examples.InductionMachines.IMC_Steinmetz,Examples,ok,,,0
Modelica.Electrical.Machines.Examples.InductionMachines.IMC_Transformer,Examples,ok,,,0
Modelica.Electrical.Machines.Examples.InductionMachines.IMC_YD,Examples,ok,,,0
Modelica.Electrical.Machines.Examples.InductionMachines.IMC_YDarc,Examples,ok,,,0
Modelica.Electrical.Machines.Examples.InductionMachines.IMC_withLosses,Examples,ok,,,0
Modelica.Electrical.Machines.Examples.InductionMachines.IMS_Start,Examples,ok,,,0
Modelica.Electrical.Machines.Examples.SynchronousMachines.SMEE_DOL,Examples,ok,,,0
Modelica.Electrical.Machines.Examples.SynchronousMachines.SMEE_Generator,Examples,ok,,,0
Modelica.Electrical.Machines.Examples.SynchronousMachines.SMEE_LoadDump,Examples,ok,,,0
Modelica.Electrical.Machines.Examples.SynchronousMachines.SMEE_Rectifier,Examples,ok,,,0
Modelica.Electrical.Machines.Examples.SynchronousMachines.SMPM_Braking,Examples,ok,,,0
Modelica.Electrical.Machines.Examples.SynchronousMachines.SMPM_CurrentSource,Examples,ok,,,0
Modelica.Electrical.Machines.Examples.SynchronousMachines.SMPM_Inverter,Examples,ok,,,0
Modelica.Electrical.Machines.Examples.SynchronousMachines.SMPM_NoLoad,Examples,ok,,,0
Modelica.Electrical.Machines.Examples.SynchronousMachines.SMPM_ResistiveBraking,Examples,ok,,,0
Modelica.Electrical.Machines.Examples.SynchronousMachines.SMPM_VoltageSource,Examples,ok,,,0
Modelica.Electrical.Machines.Examples.SynchronousMachines.SMR_DOL,Examples,ok,,,0
Modelica.Electrical.Machines.Examples.SynchronousMachines.SMR_Inverter,Examples,ok,,,0
Modelica.Electrical.Machines.Examples.Transformers.AsymmetricalLoad,Examples,ok,,,0
Modelica.Electrical.Machines.Examples.Transformers.IMC_Transformer,Examples,ok,,,0
Modelica.Electrical.Machines.Examples.Transformers.Rectifier12pulse,Examples,ok,,,0
Modelica.Electrical.Machines.Examples.Transformers.Rectifier6pulse,Examples,ok,,,0
Modelica.Electrical.Machines.Examples.Transformers.TransformerTestbench,Examples,ok,,,0
Modelica.Electrical.Machines.Icons.Drive,Icons,ok,,,0
Modelica.Electrical.Machines.Icons.FundamentalWaveMachine,Icons,ok,,,0
Modelica.Electrical.Machines.Icons.Machine,Icons,ok,,,0
Modelica.Electrical.Machines.Icons.QuasiStaticFundamentalWaveMachine,Icons,ok,,,0
Modelica.Electrical.Machines.Icons.QuasiStaticMachine,Icons,ok,,,0
Modelica.Electrical.Machines.Icons.QuasiStaticTransformer,Icons,ok,,,0
Modelica.Electrical.Machines.Icons.TransientMachine,Icons,ok,,,0
Modelica.Electrical.Machines.Icons.TransientTransformer,Icons,ok,,,0
Modelica.Electrical.Machines.Interfaces.DCMachines.PartialThermalAmbientDCMachines,Interfaces,ok,,,0
Modelica.Electrical.Machines.Interfaces.FlangeSupport,Interfaces,ok,,,0
Modelica.Electrical.Machines.Interfaces.InductionMachines.PartialThermalAmbientInductionMachines,Interfaces,ok,,,0
Modelica.Electrical.Machines.Interfaces.PartialBasicDCMachine,Interfaces,ok,,,0
Modelica.Electrical.Machines.Interfaces.PartialBasicInductionMachine,Interfaces,ok,,,0
Modelica.Electrical.Machines.Interfaces.PartialBasicMachine,Interfaces,ok,,,0
Modelica.Electrical.Machines.Interfaces.PartialBasicTransformer,Interfaces,ok,,,0
Modelica.Electrical.Machines.Losses.DCMachines.Brush,Component,ok,,,0
Modelica.Electrical.Machines.Losses.DCMachines.Core,Component,ok,,,0
Modelica.Electrical.Machines.Losses.DCMachines.StrayLoad,Component,ok,,,0
Modelica.Electrical.Machines.Losses.Friction,Component,ok,,,0
Modelica.Electrical.Machines.Losses.InductionMachines.Brush,Component,ok,,,0
Modelica.Electrical.Machines.Losses.InductionMachines.Core,Component,ok,,,0
Modelica.Electrical.Machines.Losses.InductionMachines.PermanentMagnetLosses,Component,ok,,,0
Modelica.Electrical.Machines.Losses.InductionMachines.StrayLoad,Component,ok,,,0
Modelica.Electrical.Machines.Sensors.CurrentQuasiRMSSensor,Component,ok,,,0
Modelica.Electrical.Machines.Sensors.ElectricalPowerSensor,Component,ok,,,0
Modelica.Electrical.Machines.Sensors.HallSensor,Component,ok,,,0
Modelica.Electrical.Machines.Sensors.MechanicalPowerSensor,Component,ok,,,0
Modelica.Electrical.Machines.Sensors.RotorDisplacementAngle,Component,ok,,,0
Modelica.Electrical.Machines.Sensors.SinCosResolver,Component,ok,,,0
Modelica.Electrical.Machines.Sensors.VoltageQuasiRMSSensor,Component,ok,,,0
Modelica.Electrical.Machines.SpacePhasors.Blocks.FromPolar,Component,ok,,,0
Modelica.Electrical.Machines.SpacePhasors.Blocks.FromSpacePhasor,Component,ok,,,0
Modelica.Electrical.Machines.SpacePhasors.Blocks.LessThreshold,Component,ok,,,0
Modelica.Electrical.Machines.SpacePhasors.Blocks.QuasiRMS,Component,ok,,,0
Modelica.Electrical.Machines.SpacePhasors.Blocks.Rotator,Component,ok,,,0
Modelica.Electrical.Machines.SpacePhasors.Blocks.ToPolar,Component,ok,,,0
Modelica.Electrical.Machines.SpacePhasors.Blocks.ToSpacePhasor,Component,ok,,,0
Modelica.Electrical.Machines.SpacePhasors.Components.Rotator,Component,ok,,,0
Modelica.Electrical.Machines.SpacePhasors.Components.SpacePhasor,Component,ok,,,0
Modelica.Electrical.Machines.Thermal.DCMachines.ThermalAmbientDCCE,Component,ok,,,0
Modelica.Electrical.Machines.Thermal.DCMachines.ThermalAmbientDCEE,Component,ok,,,0
Modelica.Electrical.Machines.Thermal.DCMachines.ThermalAmbientDCPM,Component,ok,,,0
Modelica.Electrical.Machines.Thermal.DCMachines.ThermalAmbientDCSE,Component,ok,,,0
Modelica.Electrical.Machines.Thermal.InductionMachines.ThermalAmbientIMC,Component,ok,,,0
Modelica.Electrical.Machines.Thermal.InductionMachines.ThermalAmbientIMS,Component,ok,,,0
Modelica.Electrical.Machines.Thermal.SynchronousMachines.ThermalAmbientSMEE,Component,ok,,,0
Modelica.Electrical.Machines.Thermal.SynchronousMachines.ThermalAmbientSMPM,Component,ok,,,0
Modelica.Electrical.Machines.Thermal.SynchronousMachines.ThermalAmbientSMR,Component,ok,,,0
Modelica.Electrical.Machines.Thermal.ThermalAmbientTransformer,Component,ok,,,0
Modelica.Electrical.Machines.UsersGuide.Concept,Component,ok,,,0
Modelica.Electrical.Machines.UsersGuide.Contact,Component,ok,,,0
Modelica.Electrical.Machines.UsersGuide.Discrimination,Component,ok,,,0
Modelica.Electrical.Machines.UsersGuide.References,Component,ok,,,0
Modelica.Electrical.Machines.UsersGuide.ReleaseNotes,Component,ok,,,0
Modelica.Electrical.Machines.Utilities.Coupling,Component,ok,,,0
Modelica.Electrical.Machines.Utilities.DQCurrentController,Component,ok,,,0
Modelica.Electrical.Machines.Utilities.DQToThreePhase,Component,ok,,,0
Modelica.Electrical.Machines.Utilities.FromDQ,Component,ok,,,0
Modelica.Electrical.Machines.Utilities.MultiTerminalBox,Component,ok,,,0
Modelica.Electrical.Machines.Utilities.RampedRheostat,Component,ok,,,0
Modelica.Electrical.Machines.Utilities.SinCosEvaluation,Component,ok,,,0
Modelica.Electrical.Machines.Utilities.SwitchYD,Component,ok,,,0
Modelica.Electrical.Machines.Utilities.SwitchYDwithArc,Component,ok,,,0
Modelica.Electrical.Machines.Utilities.SwitchedRheostat,Component,ok,,,0
Modelica.Electrical.Machines.Utilities.TerminalBox,Component,ok,,,0
Modelica.Electrical.Machines.Utilities.ToDQ,Component,ok,,,0
Modelica.Electrical.Machines.Utilities.VfController,Component,ok,,,0
Modelica.Electrical.Polyphase.Basic.Capacitor,Component,ok,,,0
Modelica.Electrical.Polyphase.Basic.Conductor,Component,ok,,,0
Modelica.Electrical.Polyphase.Basic.Delta,Component,ok,,,0
Modelica.Electrical.Polyphase.Basic.Inductor,Component,ok,,,0
Modelica.Electrical.Polyphase.Basic.MultiDelta,Component,ok,,,0
Modelica.Electrical.Polyphase.Basic.MultiStar,Component,ok,,,0
Modelica.Electrical.Polyphase.Basic.MultiStarResistance,Component,ok,,,0
Modelica.Electrical.Polyphase.Basic.MutualInductor,Component,ok,,,0
Modelica.Electrical.Polyphase.Basic.PlugToPin_n,Component,ok,,,0
Modelica.Electrical.Polyphase.Basic.PlugToPin_p,Component,ok,,,0
Modelica.Electrical.Polyphase.Basic.PlugToPins_n,Component,ok,,,0
Modelica.Electrical.Polyphase.Basic.PlugToPins_p,Component,ok,,,0
Modelica.Electrical.Polyphase.Basic.Resistor,Component,ok,,,0
Modelica.Electrical.Polyphase.Basic.SaturatingInductor,Component,ok,,,0
Modelica.Electrical.Polyphase.Basic.SplitToSubsystems,Component,ok,,,0
Modelica.Electrical.Polyphase.Basic.Star,Component,ok,,,0
Modelica.Electrical.Polyphase.Basic.Transformer,Component,ok,,,0
Modelica.Electrical.Polyphase.Basic.VariableCapacitor,Component,ok,,,0
Modelica.Electrical.Polyphase.Basic.VariableConductor,Component,ok,,,0
Modelica.Electrical.Polyphase.Basic.VariableInductor,Component,ok,,,0
Modelica.Electrical.Polyphase.Basic.VariableResistor,Component,ok,,,0
Modelica.Electrical.Polyphase.Basic.ZeroInductor,Component,ok,,,0
Modelica.Electrical.Polyphase.Blocks.QuasiRMS,Component,ok,,,0
Modelica.Electrical.Polyphase.Examples.PolyphaseRectifier,Examples,ok,,,0
Modelica.Electrical.Polyphase.Examples.Rectifier,Examples,ok,,,0
Modelica.Electrical.Polyphase.Examples.TestSensors,Examples,ok,,,0
Modelica.Electrical.Polyphase.Examples.TransformerYD,Examples,ok,,,0
Modelica.Electrical.Polyphase.Examples.TransformerYY,Examples,ok,,,0
Modelica.Electrical.Polyphase.Examples.Utilities.AnalysatorAC,Examples,ok,,,0
Modelica.Electrical.Polyphase.Examples.Utilities.AnalysatorDC,Examples,ok,,,0
Modelica.Electrical.Polyphase.Ideal.CloserWithArc,Component,ok,,,0
Modelica.Electrical.Polyphase.Ideal.IdealClosingSwitch,Component,ok,,,0
Modelica.Electrical.Polyphase.Ideal.IdealCommutingSwitch,Component,ok,,,0
Modelica.Electrical.Polyphase.Ideal.IdealDiode,Component,ok,,,0
Modelica.Electrical.Polyphase.Ideal.IdealGTOThyristor,Component,ok,,,0
Modelica.Electrical.Polyphase.Ideal.IdealIntermediateSwitch,Component,ok,,,0
Modelica.Electrical.Polyphase.Ideal.IdealOpeningSwitch,Component,ok,,,0
Modelica.Electrical.Polyphase.Ideal.IdealThyristor,Component,ok,,,0
Modelica.Electrical.Polyphase.Ideal.IdealTransformer,Component,ok,,,0
Modelica.Electrical.Polyphase.Ideal.Idle,Component,ok,,,0
Modelica.Electrical.Polyphase.Ideal.OpenerWithArc,Component,ok,,,0
Modelica.Electrical.Polyphase.Ideal.Short,Component,ok,,,0
Modelica.Electrical.Polyphase.Interfaces.ConditionalHeatPort,Interfaces,ok,,,0
Modelica.Electrical.Polyphase.Interfaces.FourPlug,Interfaces,ok,,,0
Modelica.Electrical.Polyphase.Interfaces.OnePort,Interfaces,ok,,,0
Modelica.Electrical.Polyphase.Interfaces.TwoPlug,Interfaces,ok,,,0
Modelica.Electrical.Polyphase.Interfaces.TwoPort,Interfaces,ok,,,0
Modelica.Electrical.Polyphase.Sensors.AronSensor,Component,ok,,,0
Modelica.Electrical.Polyphase.Sensors.CurrentQuasiRMSSensor,Component,ok,,,0
Modelica.Electrical.Polyphase.Sensors.CurrentSensor,Component,ok,,,0
Modelica.Electrical.Polyphase.Sensors.MultiSensor,Component,ok,,,0
Modelica.Electrical.Polyphase.Sensors.PotentialSensor,Component,ok,,,0
Modelica.Electrical.Polyphase.Sensors.PowerSensor,Component,ok,,,0
Modelica.Electrical.Polyphase.Sensors.ReactivePowerSensor,Component,ok,,,0
Modelica.Electrical.Polyphase.Sensors.VoltageQuasiRMSSensor,Component,ok,,,0
Modelica.Electrical.Polyphase.Sensors.VoltageSensor,Component,ok,,,0
Modelica.Electrical.Polyphase.Sources.ConstantCurrent,Component,ok,,,0
Modelica.Electrical.Polyphase.Sources.ConstantVoltage,Component,ok,,,0
Modelica.Electrical.Polyphase.Sources.CosineCurrent,Component,ok,,,0
Modelica.Electrical.Polyphase.Sources.CosineVoltage,Component,ok,,,0
Modelica.Electrical.Polyphase.Sources.SignalCurrent,Component,ok,,,0
Modelica.Electrical.Polyphase.Sources.SignalVoltage,Component,ok,,,0
Modelica.Electrical.Polyphase.Sources.SineCurrent,Component,ok,,,0
Modelica.Electrical.Polyphase.Sources.SineVoltage,Component,ok,,,0
Modelica.Electrical.Polyphase.UsersGuide.Contact,Component,ok,,,0
Modelica.Electrical.Polyphase.UsersGuide.PhaseOrientation,Component,ok,,,0
Modelica.Electrical.Polyphase.UsersGuide.References,Component,ok,,,0
Modelica.Electrical.Polyphase.UsersGuide.ReleaseNotes,Component,ok,,,0
Modelica.Electrical.PowerConverters.ACAC.Control.SoftStartControl,Component,ok,,,0
Modelica.Electrical.PowerConverters.ACAC.Control.VoltageToAngle,Component,ok,,,0
Modelica.Electrical.PowerConverters.ACAC.PolyphaseTriac,Component,ok,,,0
Modelica.Electrical.PowerConverters.ACAC.SinglePhaseTriac,Component,ok,,,0
Modelica.Electrical.PowerConverters.ACDC.Control.Filter,Component,ok,,,0
Modelica.Electrical.PowerConverters.ACDC.Control.Signal2mPulse,Component,ok,,,0
Modelica.Electrical.PowerConverters.ACDC.Control.VoltageBridge2Pulse,Component,ok,,,0
Modelica.Electrical.PowerConverters.ACDC.Control.VoltageBridge2mPulse,Component,ok,,,0
Modelica.Electrical.PowerConverters.ACDC.Control.VoltageCenterTap2mPulse,Component,ok,,,0
Modelica.Electrical.PowerConverters.ACDC.DiodeBridge2Pulse,Component,ok,,,0
Modelica.Electrical.PowerConverters.ACDC.DiodeBridge2mPulse,Component,ok,,,0
Modelica.Electrical.PowerConverters.ACDC.DiodeCenterTap2Pulse,Component,ok,,,0
Modelica.Electrical.PowerConverters.ACDC.DiodeCenterTap2mPulse,Component,ok,,,0
Modelica.Electrical.PowerConverters.ACDC.DiodeCenterTapmPulse,Component,ok,,,0
Modelica.Electrical.PowerConverters.ACDC.HalfControlledBridge2Pulse,Component,ok,,,0
Modelica.Electrical.PowerConverters.ACDC.HalfControlledBridge2mPulse,Component,ok,,,0
Modelica.Electrical.PowerConverters.ACDC.ThyristorBridge2Pulse,Component,ok,,,0
Modelica.Electrical.PowerConverters.ACDC.ThyristorBridge2mPulse,Component,ok,,,0
Modelica.Electrical.PowerConverters.ACDC.ThyristorCenterTap2Pulse,Component,ok,,,0
Modelica.Electrical.PowerConverters.ACDC.ThyristorCenterTap2mPulse,Component,ok,,,0
Modelica.Electrical.PowerConverters.ACDC.ThyristorCenterTapmPulse,Component,ok,,,0
Modelica.Electrical.PowerConverters.DCAC.Control.IntersectivePWM,Component,ok,,,0
Modelica.Electrical.PowerConverters.DCAC.Control.PWM,Component,ok,,,0
Modelica.Electrical.PowerConverters.DCAC.Control.SVPWM,Component,ok,,,0
Modelica.Electrical.PowerConverters.DCAC.Polyphase2Level,Component,ok,,,0
Modelica.Electrical.PowerConverters.DCAC.SinglePhase2Level,Component,ok,,,0
Modelica.Electrical.PowerConverters.DCDC.ChopperBuckBoost,Component,ok,,,0
Modelica.Electrical.PowerConverters.DCDC.ChopperStepDown,Component,ok,,,0
Modelica.Electrical.PowerConverters.DCDC.ChopperStepUp,Component,ok,,,0
Modelica.Electrical.PowerConverters.DCDC.Control.SignalPWM,Component,ok,,,0
Modelica.Electrical.PowerConverters.DCDC.Control.Voltage2DutyCycle,Component,ok,,,0
Modelica.Electrical.PowerConverters.DCDC.HBridge,Component,ok,,,0
Modelica.Electrical.PowerConverters.Enable.EnableLogic,Component,ok,,,0
Modelica.Electrical.PowerConverters.Examples.ACAC.Dimmer_R,Examples,ok,,,0
Modelica.Electrical.PowerConverters.Examples.ACAC.Dimmer_RL,Examples,ok,,,0
Modelica.Electrical.PowerConverters.Examples.ACAC.ExampleTemplates.Dimmer,Examples,ok,,,0
Modelica.Electrical.PowerConverters.Examples.ACAC.SoftStarter,Examples,ok,,,0
Modelica.Electrical.PowerConverters.Examples.ACDC.ExampleTemplates.Thyristor1Pulse,Examples,ok,,,0
Modelica.Electrical.PowerConverters.Examples.ACDC.ExampleTemplates.ThyristorBridge2Pulse,Examples,ok,,,0
Modelica.Electrical.PowerConverters.Examples.ACDC.ExampleTemplates.ThyristorBridge2mPulse,Examples,ok,,,0
Modelica.Electrical.PowerConverters.Examples.ACDC.ExampleTemplates.ThyristorCenterTap2Pulse,Examples,ok,,,0
Modelica.Electrical.PowerConverters.Examples.ACDC.ExampleTemplates.ThyristorCenterTap2mPulse,Examples,ok,,,0
Modelica.Electrical.PowerConverters.Examples.ACDC.ExampleTemplates.ThyristorCenterTapmPulse,Examples,ok,,,0
Modelica.Electrical.PowerConverters.Examples.ACDC.Rectifier1Pulse.Thyristor1Pulse_R,Examples,ok,,,0
Modelica.Electrical.PowerConverters.Examples.ACDC.Rectifier1Pulse.Thyristor1Pulse_R_Characteristic,Examples,ok,,,0
Modelica.Electrical.PowerConverters.Examples.ACDC.RectifierBridge2Pulse.DiodeBridge2Pulse,Examples,ok,,,0
Modelica.Electrical.PowerConverters.Examples.ACDC.RectifierBridge2Pulse.HalfControlledBridge2Pulse,Examples,ok,,,0
Modelica.Electrical.PowerConverters.Examples.ACDC.RectifierBridge2Pulse.ThyristorBridge2Pulse_DC_Drive,Examples,ok,,,0
Modelica.Electrical.PowerConverters.Examples.ACDC.RectifierBridge2Pulse.ThyristorBridge2Pulse_R,Examples,ok,,,0
Modelica.Electrical.PowerConverters.Examples.ACDC.RectifierBridge2Pulse.ThyristorBridge2Pulse_RL,Examples,ok,,,0
Modelica.Electrical.PowerConverters.Examples.ACDC.RectifierBridge2Pulse.ThyristorBridge2Pulse_RLV,Examples,ok,,,0
Modelica.Electrical.PowerConverters.Examples.ACDC.RectifierBridge2Pulse.ThyristorBridge2Pulse_RLV_Characteristic,Examples,ok,,,0
Modelica.Electrical.PowerConverters.Examples.ACDC.RectifierBridge2mPulse.DiodeBridge2mPulse,Examples,ok,,,0
Modelica.Electrical.PowerConverters.Examples.ACDC.RectifierBridge2mPulse.HalfControlledBridge2mPulse,Examples,ok,,,0
Modelica.Electrical.PowerConverters.Examples.ACDC.RectifierBridge2mPulse.ThyristorBridge2mPulse_DC_Drive,Examples,ok,,,0
Modelica.Electrical.PowerConverters.Examples.ACDC.RectifierBridge2mPulse.ThyristorBridge2mPulse_R,Examples,ok,,,0
Modelica.Electrical.PowerConverters.Examples.ACDC.RectifierBridge2mPulse.ThyristorBridge2mPulse_RL,Examples,ok,,,0
Modelica.Electrical.PowerConverters.Examples.ACDC.RectifierBridge2mPulse.ThyristorBridge2mPulse_RLV,Examples,ok,,,0
Modelica.Electrical.PowerConverters.Examples.ACDC.RectifierBridge2mPulse.ThyristorBridge2mPulse_RLV_Characteristic,Examples,ok,,,0
Modelica.Electrical.PowerConverters.Examples.ACDC.RectifierCenterTap2Pulse.DiodeCenterTap2Pulse,Examples,ok,,,0
Modelica.Electrical.PowerConverters.Examples.ACDC.RectifierCenterTap2Pulse.ThyristorCenterTap2Pulse_R,Examples,ok,,,0
Modelica.Electrical.PowerConverters.Examples.ACDC.RectifierCenterTap2Pulse.ThyristorCenterTap2Pulse_RL,Examples,ok,,,0
Modelica.Electrical.PowerConverters.Examples.ACDC.RectifierCenterTap2Pulse.ThyristorCenterTap2Pulse_RLV,Examples,ok,,,0
Modelica.Electrical.PowerConverters.Examples.ACDC.RectifierCenterTap2Pulse.ThyristorCenterTap2Pulse_RLV_Characteristic,Examples,ok,,,0
Modelica.Electrical.PowerConverters.Examples.ACDC.RectifierCenterTap2mPulse.DiodeCenterTap2mPulse,Examples,ok,,,0
Modelica.Electrical.PowerConverters.Examples.ACDC.RectifierCenterTap2mPulse.ThyristorCenterTap2mPulse_R,Examples,ok,,,0
Modelica.Electrical.PowerConverters.Examples.ACDC.RectifierCenterTap2mPulse.ThyristorCenterTap2mPulse_RL,Examples,ok,,,0
Modelica.Electrical.PowerConverters.Examples.ACDC.RectifierCenterTap2mPulse.ThyristorCenterTap2mPulse_RLV,Examples,ok,,,0
Modelica.Electrical.PowerConverters.Examples.ACDC.RectifierCenterTap2mPulse.ThyristorCenterTap2mPulse_RLV_Characteristic,Examples,ok,,,0
Modelica.Electrical.PowerConverters.Examples.ACDC.RectifierCenterTapmPulse.DiodeCenterTapmPulse,Examples,ok,,,0
Modelica.Electrical.PowerConverters.Examples.ACDC.RectifierCenterTapmPulse.ThyristorCenterTapmPulse_R,Examples,ok,,,0
Modelica.Electrical.PowerConverters.Examples.ACDC.RectifierCenterTapmPulse.ThyristorCenterTapmPulse_RL,Examples,ok,,,0
Modelica.Electrical.PowerConverters.Examples.ACDC.RectifierCenterTapmPulse.ThyristorCenterTapmPulse_RLV,Examples,ok,,,0
Modelica.Electrical.PowerConverters.Examples.ACDC.RectifierCenterTapmPulse.ThyristorCenterTapmPulse_RLV_Characteristic,Examples,ok,,,0
Modelica.Electrical.PowerConverters.Examples.DCAC.ExampleTemplates.SinglePhaseTwoLevel,Examples,ok,,,0
Modelica.Electrical.PowerConverters.Examples.DCAC.PolyphaseTwoLevel.PolyphaseTwoLevel_R,Examples,ok,,,0
Modelica.Electrical.PowerConverters.Examples.DCAC.PolyphaseTwoLevel.PolyphaseTwoLevel_RL,Examples,ok,,,0
Modelica.Electrical.PowerConverters.Examples.DCAC.PolyphaseTwoLevel.ThreePhaseTwoLevel_PWM,Examples,ok,,,0
Modelica.Electrical.PowerConverters.Examples.DCAC.SinglePhaseTwoLevel.SinglePhaseTwoLevel_R,Examples,ok,,,0
Modelica.Electrical.PowerConverters.Examples.DCAC.SinglePhaseTwoLevel.SinglePhaseTwoLevel_RL,Examples,ok,,,0
Modelica.Electrical.PowerConverters.Examples.DCDC.ChopperBuckBoost.ChopperBuckBoost_DutyCycle,Examples,ok,,,0
Modelica.Electrical.PowerConverters.Examples.DCDC.ChopperStepDown.ChopperStepDown_R,Examples,ok,,,0
Modelica.Electrical.PowerConverters.Examples.DCDC.ChopperStepDown.ChopperStepDown_RL,Examples,ok,,,0
Modelica.Electrical.PowerConverters.Examples.DCDC.ChopperStepUp.ChopperStepUp_R,Examples,ok,,,0
Modelica.Electrical.PowerConverters.Examples.DCDC.ExampleTemplates.ChopperBuckBoost,Examples,ok,,,0
Modelica.Electrical.PowerConverters.Examples.DCDC.ExampleTemplates.ChopperStepDown,Examples,ok,,,0
Modelica.Electrical.PowerConverters.Examples.DCDC.ExampleTemplates.ChopperStepUp,Examples,ok,,,0
Modelica.Electrical.PowerConverters.Examples.DCDC.ExampleTemplates.HBridge,Examples,ok,,,0
Modelica.Electrical.PowerConverters.Examples.DCDC.HBridge.HBridge_DC_Drive,Examples,ok,,,0
Modelica.Electrical.PowerConverters.Examples.DCDC.HBridge.HBridge_R,Examples,ok,,,0
Modelica.Electrical.PowerConverters.Examples.DCDC.HBridge.HBridge_RL,Examples,ok,,,0
Modelica.Electrical.PowerConverters.Examples.DCDC.HBridge.HBridge_TrianglePWM_RL,Examples,ok,,,0
Modelica.Electrical.PowerConverters.Icons.Control,Icons,ok,,,0
Modelica.Electrical.PowerConverters.Icons.Converter,Icons,ok,,,0
Modelica.Electrical.PowerConverters.Icons.ExampleTemplate,Icons,ok,,,0
Modelica.Electrical.PowerConverters.Interfaces.ACDC.ACplug,Interfaces,ok,,,0
Modelica.Electrical.PowerConverters.Interfaces.ACDC.ACtwoPin,Interfaces,ok,,,0
Modelica.Electrical.PowerConverters.Interfaces.ACDC.ACtwoPlug,Interfaces,ok,,,0
Modelica.Electrical.PowerConverters.Interfaces.ACDC.DCpin,Interfaces,ok,,,0
Modelica.Electrical.PowerConverters.Interfaces.ACDC.DCtwoPin,Interfaces,ok,,,0
Modelica.Electrical.PowerConverters.Interfaces.DCAC.ACpin,Interfaces,ok,,,0
Modelica.Electrical.PowerConverters.Interfaces.DCAC.ACplug,Interfaces,ok,,,0
Modelica.Electrical.PowerConverters.Interfaces.DCAC.DCtwoPin,Interfaces,ok,,,0
Modelica.Electrical.PowerConverters.Interfaces.DCDC.DCtwoPin1,Interfaces,ok,,,0
Modelica.Electrical.PowerConverters.Interfaces.DCDC.DCtwoPin2,Interfaces,ok,,,0
Modelica.Electrical.PowerConverters.Interfaces.Enable.Enable,Interfaces,ok,,,0
Modelica.Electrical.PowerConverters.Interfaces.Enable.Enable1,Interfaces,ok,,,0
Modelica.Electrical.PowerConverters.Interfaces.Enable.Enable1m,Interfaces,ok,,,0
Modelica.Electrical.PowerConverters.Interfaces.Enable.Enable2,Interfaces,ok,,,0
Modelica.Electrical.PowerConverters.Interfaces.Enable.Enable2m,Interfaces,ok,,,0
Modelica.Electrical.PowerConverters.UsersGuide.ACACConcept,Component,ok,,,0
Modelica.Electrical.PowerConverters.UsersGuide.ACDCConcept,Component,ok,,,0
Modelica.Electrical.PowerConverters.UsersGuide.Contact,Component,ok,,,0
Modelica.Electrical.PowerConverters.UsersGuide.DCACConcept,Component,ok,,,0
Modelica.Electrical.PowerConverters.UsersGuide.DCDCConcept,Component,ok,,,0
Modelica.Electrical.PowerConverters.UsersGuide.References,Component,ok,,,0
Modelica.Electrical.PowerConverters.UsersGuide.ReleaseNotes,Component,ok,,,0
Modelica.Electrical.QuasiStatic.Machines.BasicMachines.Components.IdealCore,Component,ok,,,0
Modelica.Electrical.QuasiStatic.Machines.BasicMachines.Components.PartialCore,Component,ok,,,0
Modelica.Electrical.QuasiStatic.Machines.BasicMachines.Transformers.Dd.Dd00,Component,ok,,,0
Modelica.Electrical.QuasiStatic.Machines.BasicMachines.Transformers.Dd.Dd02,Component,ok,,,0
Modelica.Electrical.QuasiStatic.Machines.BasicMachines.Transformers.Dd.Dd04,Component,ok,,,0
Modelica.Electrical.QuasiStatic.Machines.BasicMachines.Transformers.Dd.Dd06,Component,ok,,,0
Modelica.Electrical.QuasiStatic.Machines.BasicMachines.Transformers.Dd.Dd08,Component,ok,,,0
Modelica.Electrical.QuasiStatic.Machines.BasicMachines.Transformers.Dd.Dd10,Component,ok,,,0
Modelica.Electrical.QuasiStatic.Machines.BasicMachines.Transformers.Dy.Dy01,Component,ok,,,0
Modelica.Electrical.QuasiStatic.Machines.BasicMachines.Transformers.Dy.Dy03,Component,ok,,,0
Modelica.Electrical.QuasiStatic.Machines.BasicMachines.Transformers.Dy.Dy05,Component,ok,,,0
Modelica.Electrical.QuasiStatic.Machines.BasicMachines.Transformers.Dy.Dy07,Component,ok,,,0
Modelica.Electrical.QuasiStatic.Machines.BasicMachines.Transformers.Dy.Dy09,Component,ok,,,0
Modelica.Electrical.QuasiStatic.Machines.BasicMachines.Transformers.Dy.Dy11,Component,ok,,,0
Modelica.Electrical.QuasiStatic.Machines.BasicMachines.Transformers.Dz.Dz00,Component,ok,,,0
Modelica.Electrical.QuasiStatic.Machines.BasicMachines.Transformers.Dz.Dz02,Component,ok,,,0
Modelica.Electrical.QuasiStatic.Machines.BasicMachines.Transformers.Dz.Dz04,Component,ok,,,0
Modelica.Electrical.QuasiStatic.Machines.BasicMachines.Transformers.Dz.Dz06,Component,ok,,,0
Modelica.Electrical.QuasiStatic.Machines.BasicMachines.Transformers.Dz.Dz08,Component,ok,,,0
Modelica.Electrical.QuasiStatic.Machines.BasicMachines.Transformers.Dz.Dz10,Component,ok,,,0
Modelica.Electrical.QuasiStatic.Machines.BasicMachines.Transformers.Yd.Yd01,Component,ok,,,0
Modelica.Electrical.QuasiStatic.Machines.BasicMachines.Transformers.Yd.Yd03,Component,ok,,,0
Modelica.Electrical.QuasiStatic.Machines.BasicMachines.Transformers.Yd.Yd05,Component,ok,,,0
Modelica.Electrical.QuasiStatic.Machines.BasicMachines.Transformers.Yd.Yd07,Component,ok,,,0
Modelica.Electrical.QuasiStatic.Machines.BasicMachines.Transformers.Yd.Yd09,Component,ok,,,0
Modelica.Electrical.QuasiStatic.Machines.BasicMachines.Transformers.Yd.Yd11,Component,ok,,,0
Modelica.Electrical.QuasiStatic.Machines.BasicMachines.Transformers.Yy.Yy00,Component,ok,,,0
Modelica.Electrical.QuasiStatic.Machines.BasicMachines.Transformers.Yy.Yy02,Component,ok,,,0
Modelica.Electrical.QuasiStatic.Machines.BasicMachines.Transformers.Yy.Yy04,Component,ok,,,0
Modelica.Electrical.QuasiStatic.Machines.BasicMachines.Transformers.Yy.Yy06,Component,ok,,,0
Modelica.Electrical.QuasiStatic.Machines.BasicMachines.Transformers.Yy.Yy08,Component,ok,,,0
Modelica.Electrical.QuasiStatic.Machines.BasicMachines.Transformers.Yy.Yy10,Component,ok,,,0
Modelica.Electrical.QuasiStatic.Machines.BasicMachines.Transformers.Yz.Yz01,Component,ok,,,0
Modelica.Electrical.QuasiStatic.Machines.BasicMachines.Transformers.Yz.Yz03,Component,ok,,,0
Modelica.Electrical.QuasiStatic.Machines.BasicMachines.Transformers.Yz.Yz05,Component,ok,,,0
Modelica.Electrical.QuasiStatic.Machines.BasicMachines.Transformers.Yz.Yz07,Component,ok,,,0
Modelica.Electrical.QuasiStatic.Machines.BasicMachines.Transformers.Yz.Yz09,Component,ok,,,0
Modelica.Electrical.QuasiStatic.Machines.BasicMachines.Transformers.Yz.Yz11,Component,ok,,,0
Modelica.Electrical.QuasiStatic.Machines.Examples.TransformerTestbench,Examples,ok,,,0
Modelica.Electrical.QuasiStatic.Machines.Interfaces.PartialBasicTransformer,Interfaces,ok,,,0
Modelica.Electrical.QuasiStatic.Machines.SpacePhasors.Blocks.FromSpacePhasor,Component,ok,,,0
Modelica.Electrical.QuasiStatic.Machines.SpacePhasors.Blocks.ToSpacePhasor,Component,ok,,,0
Modelica.Electrical.QuasiStatic.Polyphase.Basic.Admittance,Component,ok,,,0
Modelica.Electrical.QuasiStatic.Polyphase.Basic.Capacitor,Component,ok,,,0
Modelica.Electrical.QuasiStatic.Polyphase.Basic.Conductor,Component,ok,,,0
Modelica.Electrical.QuasiStatic.Polyphase.Basic.Delta,Component,ok,,,0
Modelica.Electrical.QuasiStatic.Polyphase.Basic.Impedance,Component,ok,,,0
Modelica.Electrical.QuasiStatic.Polyphase.Basic.Inductor,Component,ok,,,0
Modelica.Electrical.QuasiStatic.Polyphase.Basic.MultiDelta,Component,ok,,,0
Modelica.Electrical.QuasiStatic.Polyphase.Basic.MultiStar,Component,ok,,,0
Modelica.Electrical.QuasiStatic.Polyphase.Basic.MultiStarResistance,Component,ok,,,0
Modelica.Electrical.QuasiStatic.Polyphase.Basic.MutualInductor,Component,ok,,,0
Modelica.Electrical.QuasiStatic.Polyphase.Basic.PlugToPin_n,Component,ok,,,0
Modelica.Electrical.QuasiStatic.Polyphase.Basic.PlugToPin_p,Component,ok,,,0
Modelica.Electrical.QuasiStatic.Polyphase.Basic.PlugToPins_n,Component,ok,,,0
Modelica.Electrical.QuasiStatic.Polyphase.Basic.PlugToPins_p,Component,ok,,,0
Modelica.Electrical.QuasiStatic.Polyphase.Basic.Resistor,Component,ok,,,0
Modelica.Electrical.QuasiStatic.Polyphase.Basic.Star,Component,ok,,,0
Modelica.Electrical.QuasiStatic.Polyphase.Basic.VariableAdmittance,Component,ok,,,0
Modelica.Electrical.QuasiStatic.Polyphase.Basic.VariableCapacitor,Component,ok,,,0
Modelica.Electrical.QuasiStatic.Polyphase.Basic.VariableConductor,Component,ok,,,0
Modelica.Electrical.QuasiStatic.Polyphase.Basic.VariableImpedance,Component,ok,,,0
Modelica.Electrical.QuasiStatic.Polyphase.Basic.VariableInductor,Component,ok,,,0
Modelica.Electrical.QuasiStatic.Polyphase.Basic.VariableResistor,Component,ok,,,0
Modelica.Electrical.QuasiStatic.Polyphase.Blocks.FromSpacePhasor,Component,ok,,,0
Modelica.Electrical.QuasiStatic.Polyphase.Blocks.FromSymmetricalComponents,Component,ok,,,0
Modelica.Electrical.QuasiStatic.Polyphase.Blocks.QuasiRMS,Component,ok,,,0
Modelica.Electrical.QuasiStatic.Polyphase.Blocks.SingleToPolyphase,Component,ok,,,0
Modelica.Electrical.QuasiStatic.Polyphase.Blocks.SymmetricalComponents,Component,ok,,,0
Modelica.Electrical.QuasiStatic.Polyphase.Blocks.ToSpacePhasor,Component,ok,,,0
Modelica.Electrical.QuasiStatic.Polyphase.Examples.BalancingDelta,Examples,ok,,,0
Modelica.Electrical.QuasiStatic.Polyphase.Examples.BalancingStar,Examples,ok,,,0
Modelica.Electrical.QuasiStatic.Polyphase.Examples.TestSensors,Examples,ok,,,0
Modelica.Electrical.QuasiStatic.Polyphase.Examples.UnsymmetricalLoad,Examples,ok,,,0
Modelica.Electrical.QuasiStatic.Polyphase.Ideal.IdealClosingSwitch,Component,ok,,,0
Modelica.Electrical.QuasiStatic.Polyphase.Ideal.IdealCommutingSwitch,Component,ok,,,0
Modelica.Electrical.QuasiStatic.Polyphase.Ideal.IdealIntermediateSwitch,Component,ok,,,0
Modelica.Electrical.QuasiStatic.Polyphase.Ideal.IdealOpeningSwitch,Component,ok,,,0
Modelica.Electrical.QuasiStatic.Polyphase.Ideal.Idle,Component,ok,,,0
Modelica.Electrical.QuasiStatic.Polyphase.Ideal.Short,Component,ok,,,0
Modelica.Electrical.QuasiStatic.Polyphase.Interfaces.AbsoluteSensor,Interfaces,ok,,,0
Modelica.Electrical.QuasiStatic.Polyphase.Interfaces.OnePort,Interfaces,ok,,,0
Modelica.Electrical.QuasiStatic.Polyphase.Interfaces.ReferenceSource,Interfaces,ok,,,0
Modelica.Electrical.QuasiStatic.Polyphase.Interfaces.RelativeSensorElementary,Interfaces,ok,,,0
Modelica.Electrical.QuasiStatic.Polyphase.Interfaces.Source,Interfaces,ok,,,0
Modelica.Electrical.QuasiStatic.Polyphase.Interfaces.TwoPlug,Interfaces,ok,,,0
Modelica.Electrical.QuasiStatic.Polyphase.Interfaces.TwoPlugElementary,Interfaces,ok,,,0
Modelica.Electrical.QuasiStatic.Polyphase.Sensors.AronSensor,Component,ok,,,0
Modelica.Electrical.QuasiStatic.Polyphase.Sensors.CurrentQuasiRMSSensor,Component,ok,,,0
Modelica.Electrical.QuasiStatic.Polyphase.Sensors.CurrentSensor,Component,ok,,,0
Modelica.Electrical.QuasiStatic.Polyphase.Sensors.FrequencySensor,Component,ok,,,0
Modelica.Electrical.QuasiStatic.Polyphase.Sensors.MultiSensor,Component,ok,,,0
Modelica.Electrical.QuasiStatic.Polyphase.Sensors.PotentialSensor,Component,ok,,,0
Modelica.Electrical.QuasiStatic.Polyphase.Sensors.PowerSensor,Component,ok,,,0
Modelica.Electrical.QuasiStatic.Polyphase.Sensors.ReactivePowerSensor,Component,ok,,,0
Modelica.Electrical.QuasiStatic.Polyphase.Sensors.ReferenceSensor,Component,ok,,,0
Modelica.Electrical.QuasiStatic.Polyphase.Sensors.VoltageQuasiRMSSensor,Component,ok,,,0
Modelica.Electrical.QuasiStatic.Polyphase.Sensors.VoltageSensor,Component,ok,,,0
Modelica.Electrical.QuasiStatic.Polyphase.Sources.CurrentSource,Component,ok,,,0
Modelica.Electrical.QuasiStatic.Polyphase.Sources.FrequencySweepCurrentSource,Component,ok,,,0
Modelica.Electrical.QuasiStatic.Polyphase.Sources.FrequencySweepVoltageSource,Component,ok,,,0
Modelica.Electrical.QuasiStatic.Polyphase.Sources.ReferenceCurrentSource,Component,ok,,,0
Modelica.Electrical.QuasiStatic.Polyphase.Sources.ReferenceVoltageSource,Component,ok,,,0
Modelica.Electrical.QuasiStatic.Polyphase.Sources.VariableCurrentSource,Component,ok,,,0
Modelica.Electrical.QuasiStatic.Polyphase.Sources.VariableVoltageSource,Component,ok,,,0
Modelica.Electrical.QuasiStatic.Polyphase.Sources.VoltageSource,Component,ok,,,0
Modelica.Electrical.QuasiStatic.SinglePhase.Basic.Admittance,Component,ok,,,0
Modelica.Electrical.QuasiStatic.SinglePhase.Basic.Capacitor,Component,ok,,,0
Modelica.Electrical.QuasiStatic.SinglePhase.Basic.Conductor,Component,ok,,,0
Modelica.Electrical.QuasiStatic.SinglePhase.Basic.Ground,Component,ok,,,0
Modelica.Electrical.QuasiStatic.SinglePhase.Basic.Impedance,Component,ok,,,0
Modelica.Electrical.QuasiStatic.SinglePhase.Basic.Inductor,Component,ok,,,0
Modelica.Electrical.QuasiStatic.SinglePhase.Basic.Resistor,Component,ok,,,0
Modelica.Electrical.QuasiStatic.SinglePhase.Basic.Transformer,Component,ok,,,0
Modelica.Electrical.QuasiStatic.SinglePhase.Basic.VariableAdmittance,Component,ok,,,0
Modelica.Electrical.QuasiStatic.SinglePhase.Basic.VariableCapacitor,Component,ok,,,0
Modelica.Electrical.QuasiStatic.SinglePhase.Basic.VariableConductor,Component,ok,,,0
Modelica.Electrical.QuasiStatic.SinglePhase.Basic.VariableImpedance,Component,ok,,,0
Modelica.Electrical.QuasiStatic.SinglePhase.Basic.VariableInductor,Component,ok,,,0
Modelica.Electrical.QuasiStatic.SinglePhase.Basic.VariableResistor,Component,ok,,,0
Modelica.Electrical.QuasiStatic.SinglePhase.Examples.MultipleResonance,Examples,ok,,,0
Modelica.Electrical.QuasiStatic.SinglePhase.Examples.ParallelResonance,Examples,ok,,,0
Modelica.Electrical.QuasiStatic.SinglePhase.Examples.Rectifier,Examples,ok,,,0
Modelica.Electrical.QuasiStatic.SinglePhase.Examples.SeriesBode,Examples,ok,,,0
Modelica.Electrical.QuasiStatic.SinglePhase.Examples.SeriesResonance,Examples,ok,,,0
Modelica.Electrical.QuasiStatic.SinglePhase.Examples.Transformer,Examples,ok,,,0
Modelica.Electrical.QuasiStatic.SinglePhase.Ideal.IdealClosingSwitch,Component,ok,,,0
Modelica.Electrical.QuasiStatic.SinglePhase.Ideal.IdealCommutingSwitch,Component,ok,,,0
Modelica.Electrical.QuasiStatic.SinglePhase.Ideal.IdealIntermediateSwitch,Component,ok,,,0
Modelica.Electrical.QuasiStatic.SinglePhase.Ideal.IdealOpeningSwitch,Component,ok,,,0
Modelica.Electrical.QuasiStatic.SinglePhase.Ideal.IdealTransformer,Component,ok,,,0
Modelica.Electrical.QuasiStatic.SinglePhase.Ideal.Idle,Component,ok,,,0
Modelica.Electrical.QuasiStatic.SinglePhase.Ideal.Short,Component,ok,,,0
Modelica.Electrical.QuasiStatic.SinglePhase.Interfaces.AbsoluteSensor,Interfaces,ok,,,0
Modelica.Electrical.QuasiStatic.SinglePhase.Interfaces.OnePort,Interfaces,ok,,,0
Modelica.Electrical.QuasiStatic.SinglePhase.Interfaces.RelativeSensorElementary,Interfaces,ok,,,0
Modelica.Electrical.QuasiStatic.SinglePhase.Interfaces.Source,Interfaces,ok,,,0
Modelica.Electrical.QuasiStatic.SinglePhase.Interfaces.TwoPin,Interfaces,ok,,,0
Modelica.Electrical.QuasiStatic.SinglePhase.Interfaces.TwoPinElementary,Interfaces,ok,,,0
Modelica.Electrical.QuasiStatic.SinglePhase.Sensors.CurrentRMSSensor,Component,ok,,,0
Modelica.Electrical.QuasiStatic.SinglePhase.Sensors.CurrentSensor,Component,ok,,,0
Modelica.Electrical.QuasiStatic.SinglePhase.Sensors.FrequencySensor,Component,ok,,,0
Modelica.Electrical.QuasiStatic.SinglePhase.Sensors.MultiSensor,Component,ok,,,0
Modelica.Electrical.QuasiStatic.SinglePhase.Sensors.PotentialSensor,Component,ok,,,0
Modelica.Electrical.QuasiStatic.SinglePhase.Sensors.PowerSensor,Component,ok,,,0
Modelica.Electrical.QuasiStatic.SinglePhase.Sensors.ReferenceSensor,Component,ok,,,0
Modelica.Electrical.QuasiStatic.SinglePhase.Sensors.VoltageRMSSensor,Component,ok,,,0
Modelica.Electrical.QuasiStatic.SinglePhase.Sensors.VoltageSensor,Component,ok,,,0
Modelica.Electrical.QuasiStatic.SinglePhase.Sources.CurrentSource,Component,ok,,,0
Modelica.Electrical.QuasiStatic.SinglePhase.Sources.FrequencySweepCurrentSource,Component,ok,,,0
Modelica.Electrical.QuasiStatic.SinglePhase.Sources.FrequencySweepVoltageSource,Component,ok,,,0
Modelica.Electrical.QuasiStatic.SinglePhase.Sources.VariableCurrentSource,Component,ok,,,0
Modelica.Electrical.QuasiStatic.SinglePhase.Sources.VariableVoltageSource,Component,ok,,,0
Modelica.Electrical.QuasiStatic.SinglePhase.Sources.VoltageSource,Component,ok,,,0
Modelica.Electrical.QuasiStatic.SinglePhase.Utilities.GraetzRectifier,Component,ok,,,0
Modelica.Electrical.QuasiStatic.SinglePhase.Utilities.IdealACDCConverter,Component,ok,,,0
Modelica.Electrical.QuasiStatic.UsersGuide.Contact,Component,ok,,,0
Modelica.Electrical.QuasiStatic.UsersGuide.Glossar,Component,ok,,,0
Modelica.Electrical.QuasiStatic.UsersGuide.Overview.ACCircuit,Component,ok,,,0
Modelica.Electrical.QuasiStatic.UsersGuide.Overview.Introduction,Component,ok,,,0
Modelica.Electrical.QuasiStatic.UsersGuide.Overview.Power,Component,ok,,,0
Modelica.Electrical.QuasiStatic.UsersGuide.Overview.ReferenceSystem,Component,ok,,,0
Modelica.Electrical.QuasiStatic.UsersGuide.References,Component,ok,,,0
Modelica.Electrical.QuasiStatic.UsersGuide.ReleaseNotes,Component,ok,,,0
Modelica.Electrical.Spice3.Additionals.E_VCV_POLY,Component,ok,,,0
Modelica.Electrical.Spice3.Additionals.F_CCC_POLY,Component,ok,,,0
Modelica.Electrical.Spice3.Additionals.G_VCC_POLY,Component,ok,,,0
Modelica.Electrical.Spice3.Additionals.H_CCV_POLY,Component,ok,,,0
Modelica.Electrical.Spice3.Basic.C_Capacitor,Component,ok,,,0
Modelica.Electrical.Spice3.Basic.E_VCV,Component,ok,,,0
Modelica.Electrical.Spice3.Basic.F_CCC,Component,ok,,,0
Modelica.Electrical.Spice3.Basic.G_VCC,Component,ok,,,0
Modelica.Electrical.Spice3.Basic.Ground,Component,ok,,,0
Modelica.Electrical.Spice3.Basic.H_CCV,Component,ok,,,0
Modelica.Electrical.Spice3.Basic.K_CoupledInductors,Component,ok,,,0
Modelica.Electrical.Spice3.Basic.L_Inductor,Component,ok,,,0
Modelica.Electrical.Spice3.Basic.R_Resistor,Component,ok,,,0
Modelica.Electrical.Spice3.Examples.CascodeCircuit,Examples,ok,,,0
Modelica.Electrical.Spice3.Examples.CoupledInductors,Examples,ok,,,0
Modelica.Electrical.Spice3.Examples.FourInverters,Examples,ok,,,0
Modelica.Electrical.Spice3.Examples.Graetz,Examples,ok,,,0
Modelica.Electrical.Spice3.Examples.Inverter,Examples,ok,,,0
Modelica.Electrical.Spice3.Examples.InvertersApartRecord,Examples,ok,,,0
Modelica.Electrical.Spice3.Examples.InvertersExtendedModel,Examples,ok,,,0
Modelica.Electrical.Spice3.Examples.InvertersExtendedModel.MNmos,Examples,ok,,,0
Modelica.Electrical.Spice3.Examples.InvertersExtendedModel.MPmos,Examples,ok,,,0
Modelica.Electrical.Spice3.Examples.Nand,Examples,ok,,,0
Modelica.Electrical.Spice3.Examples.Nor,Examples,ok,,,0
Modelica.Electrical.Spice3.Examples.Spice3BenchmarkFourBitBinaryAdder.NAND,Examples,ok,,,0
Modelica.Electrical.Spice3.Examples.Spice3BenchmarkMosfetCharacterization,Examples,ok,,,0
Modelica.Electrical.Spice3.Examples.Spice3BenchmarkRtlInverter,Examples,ok,,,0
Modelica.Electrical.Spice3.Interfaces.ConditionalSubstrate,Interfaces,ok,,,0
Modelica.Electrical.Spice3.Interfaces.TwoPortControlledSources,Interfaces,ok,,,0
Modelica.Electrical.Spice3.Internal.BJT2,Internal,ok,,,0
Modelica.Electrical.Spice3.Internal.C_SEMI,Internal,ok,,,0
Modelica.Electrical.Spice3.Internal.DIODE,Internal,ok,,,0
Modelica.Electrical.Spice3.Internal.JFET,Internal,ok,,,0
Modelica.Electrical.Spice3.Internal.MOS,Internal,ok,,,0
Modelica.Electrical.Spice3.Internal.MOS2,Internal,ok,,,0
Modelica.Electrical.Spice3.Internal.R_SEMI,Internal,ok,,,0
Modelica.Electrical.Spice3.Semiconductors.C_Capacitor,Component,ok,,,0
Modelica.Electrical.Spice3.Semiconductors.D_DIODE,Component,ok,,,0
Modelica.Electrical.Spice3.Semiconductors.J_NJFJFET,Component,ok,,,0
Modelica.Electrical.Spice3.Semiconductors.J_PJFJFET,Component,ok,,,0
Modelica.Electrical.Spice3.Semiconductors.M_NMOS,Component,ok,,,0
Modelica.Electrical.Spice3.Semiconductors.M_NMOS2,Component,ok,,,0
Modelica.Electrical.Spice3.Semiconductors.M_PMOS,Component,ok,,,0
Modelica.Electrical.Spice3.Semiconductors.M_PMOS2,Component,ok,,,0
Modelica.Electrical.Spice3.Semiconductors.Q_NPNBJT,Component,ok,,,0
Modelica.Electrical.Spice3.Semiconductors.Q_PNPBJT,Component,ok,,,0
Modelica.Electrical.Spice3.Semiconductors.R_Resistor,Component,ok,,,0
Modelica.Electrical.Spice3.Sources.I_constant,Component,ok,,,0
Modelica.Electrical.Spice3.Sources.I_exp,Component,ok,,,0
Modelica.Electrical.Spice3.Sources.I_pulse,Component,ok,,,0
Modelica.Electrical.Spice3.Sources.I_pwl,Component,ok,,,0
Modelica.Electrical.Spice3.Sources.I_sffm,Component,ok,,,0
Modelica.Electrical.Spice3.Sources.I_sin,Component,ok,,,0
Modelica.Electrical.Spice3.Sources.V_constant,Component,ok,,,0
Modelica.Electrical.Spice3.Sources.V_exp,Component,ok,,,0
Modelica.Electrical.Spice3.Sources.V_pulse,Component,ok,,,0
Modelica.Electrical.Spice3.Sources.V_pwl,Component,ok,,,0
Modelica.Electrical.Spice3.Sources.V_sffm,Component,ok,,,0
Modelica.Electrical.Spice3.Sources.V_sin,Component,ok,,,0
Modelica.Electrical.Spice3.UsersGuide.Contact,Component,ok,,,0
Modelica.Electrical.Spice3.UsersGuide.Literature,Component,ok,,,0
Modelica.Electrical.Spice3.UsersGuide.NamingPrinciple,Component,ok,,,0
Modelica.Electrical.Spice3.UsersGuide.Overview,Component,ok,,,0
Modelica.Electrical.Spice3.UsersGuide.ParameterHandling,Component,ok,,,0
Modelica.Electrical.Spice3.UsersGuide.ReleaseNotes,Component,ok,,,0
Modelica.Electrical.Spice3.UsersGuide.Spicenetlist,Component,ok,,,0
Modelica.Electrical.Spice3.UsersGuide.Useofsemiconductors,Component,ok,,,0
Modelica.Fluid.Dissipation.UsersGuide.Contact,Component,ok,,,0
Modelica.Fluid.Dissipation.UsersGuide.GettingStarted,Component,ok,,,0
Modelica.Fluid.Dissipation.UsersGuide.ReleaseNotes,Component,ok,,,0
Modelica.Fluid.Dissipation.Utilities.Icons.HeatTransfer.Channel_i,Icons,ok,,,0
Modelica.Fluid.Dissipation.Utilities.Icons.HeatTransfer.Gap1_d,Icons,ok,,,0
Modelica.Fluid.Dissipation.Utilities.Icons.HeatTransfer.General_i,Icons,ok,,,0
Modelica.Fluid.Dissipation.Utilities.Icons.HeatTransfer.HeatExchanger_i,Icons,ok,,,0
Modelica.Fluid.Dissipation.Utilities.Icons.HeatTransfer.HelicalPipe1_d,Icons,ok,,,0
Modelica.Fluid.Dissipation.Utilities.Icons.HeatTransfer.HelicalPipe_i,Icons,ok,,,0
Modelica.Fluid.Dissipation.Utilities.Icons.HeatTransfer.Plate1_d,Icons,ok,,,0
Modelica.Fluid.Dissipation.Utilities.Icons.HeatTransfer.Plate2_d,Icons,ok,,,0
Modelica.Fluid.Dissipation.Utilities.Icons.HeatTransfer.Plate_i,Icons,ok,,,0
Modelica.Fluid.Dissipation.Utilities.Icons.HeatTransfer.StraightPipe_i,Icons,ok,,,0
Modelica.Fluid.Dissipation.Utilities.Icons.PressureLoss.BendEdged_d,Icons,ok,,,0
Modelica.Fluid.Dissipation.Utilities.Icons.PressureLoss.Bend_i,Icons,ok,,,0
Modelica.Fluid.Dissipation.Utilities.Icons.PressureLoss.Channel_d,Icons,ok,,,0
Modelica.Fluid.Dissipation.Utilities.Icons.PressureLoss.Channel_i,Icons,ok,,,0
Modelica.Fluid.Dissipation.Utilities.Icons.PressureLoss.FlowModel,Icons,ok,,,0
Modelica.Fluid.Dissipation.Utilities.Icons.PressureLoss.General_i,Icons,ok,,,0
Modelica.Fluid.Dissipation.Utilities.Icons.PressureLoss.HeatExchanger_i,Icons,ok,,,0
Modelica.Fluid.Dissipation.Utilities.Icons.PressureLoss.OrificeSuddenChangeSection_d,Icons,ok,,,0
Modelica.Fluid.Dissipation.Utilities.Icons.PressureLoss.OrificeThickEdged_d,Icons,ok,,,0
Modelica.Fluid.Dissipation.Utilities.Icons.PressureLoss.Orifice_i,Icons,ok,,,0
Modelica.Fluid.Dissipation.Utilities.Icons.PressureLoss.StraightPipe_d,Icons,ok,,,0
Modelica.Fluid.Dissipation.Utilities.Icons.PressureLoss.StraightPipe_i,Icons,ok,,,0
Modelica.Fluid.Dissipation.Utilities.Icons.PressureLoss.Valve_d,Icons,ok,,,0
Modelica.Fluid.Dissipation.Utilities.Icons.PressureLoss.Valve_i,Icons,ok,,,0
Modelica.Fluid.Dissipation.Utilities.SharedDocumentation.HeatTransfer.Channel.kc_evenGapLaminar,Component,ok,,,0
Modelica.Fluid.Dissipation.Utilities.SharedDocumentation.HeatTransfer.Channel.kc_evenGapOverall,Component,ok,,,0
Modelica.Fluid.Dissipation.Utilities.SharedDocumentation.HeatTransfer.Channel.kc_evenGapTurbulent,Component,ok,,,0
Modelica.Fluid.Dissipation.Utilities.SharedDocumentation.HeatTransfer.General.kc_approxForcedConvection,Component,ok,,,0
Modelica.Fluid.Dissipation.Utilities.SharedDocumentation.HeatTransfer.HeatExchanger.kc_flatTube,Component,ok,,,0
Modelica.Fluid.Dissipation.Utilities.SharedDocumentation.HeatTransfer.HeatExchanger.kc_roundTube,Component,ok,,,0
Modelica.Fluid.Dissipation.Utilities.SharedDocumentation.HeatTransfer.HelicalPipe.kc_laminar,Component,ok,,,0
Modelica.Fluid.Dissipation.Utilities.SharedDocumentation.HeatTransfer.HelicalPipe.kc_overall,Component,ok,,,0
Modelica.Fluid.Dissipation.Utilities.SharedDocumentation.HeatTransfer.HelicalPipe.kc_turbulent,Component,ok,,,0
Modelica.Fluid.Dissipation.Utilities.SharedDocumentation.HeatTransfer.Plate.kc_laminar,Component,ok,,,0
Modelica.Fluid.Dissipation.Utilities.SharedDocumentation.HeatTransfer.Plate.kc_overall,Component,ok,,,0
Modelica.Fluid.Dissipation.Utilities.SharedDocumentation.HeatTransfer.Plate.kc_turbulent,Component,ok,,,0
Modelica.Fluid.Dissipation.Utilities.SharedDocumentation.HeatTransfer.StraightPipe.kc_laminar,Component,ok,,,0
Modelica.Fluid.Dissipation.Utilities.SharedDocumentation.HeatTransfer.StraightPipe.kc_overall,Component,ok,,,0
Modelica.Fluid.Dissipation.Utilities.SharedDocumentation.HeatTransfer.StraightPipe.kc_turbulent,Component,ok,,,0
Modelica.Fluid.Dissipation.Utilities.SharedDocumentation.HeatTransfer.StraightPipe.kc_twoPhaseOverall,Component,ok,,,0
Modelica.Fluid.Dissipation.Utilities.SharedDocumentation.PressureLoss.Bend.dp_curvedOverall,Component,ok,,,0
Modelica.Fluid.Dissipation.Utilities.SharedDocumentation.PressureLoss.Bend.dp_edgedOverall,Component,ok,,,0
Modelica.Fluid.Dissipation.Utilities.SharedDocumentation.PressureLoss.Channel.dp_internalFlowOverall,Component,ok,,,0
Modelica.Fluid.Dissipation.Utilities.SharedDocumentation.PressureLoss.General.dp_idealGas,Component,ok,,,0
Modelica.Fluid.Dissipation.Utilities.SharedDocumentation.PressureLoss.General.dp_nominalDensityViscosity,Component,ok,,,0
Modelica.Fluid.Dissipation.Utilities.SharedDocumentation.PressureLoss.General.dp_nominalPressureLossLawDensity,Component,ok,,,0
Modelica.Fluid.Dissipation.Utilities.SharedDocumentation.PressureLoss.General.dp_pressureLossCoefficient,Component,ok,,,0
Modelica.Fluid.Dissipation.Utilities.SharedDocumentation.PressureLoss.General.dp_volumeFlowRate,Component,ok,,,0
Modelica.Fluid.Dissipation.Utilities.SharedDocumentation.PressureLoss.Orifice.dp_suddenChange,Component,ok,,,0
Modelica.Fluid.Dissipation.Utilities.SharedDocumentation.PressureLoss.Orifice.dp_thickEdgedOverall,Component,ok,,,0
Modelica.Fluid.Dissipation.Utilities.SharedDocumentation.PressureLoss.StraightPipe.dp_laminar,Component,ok,,,0
Modelica.Fluid.Dissipation.Utilities.SharedDocumentation.PressureLoss.StraightPipe.dp_overall,Component,ok,,,0
Modelica.Fluid.Dissipation.Utilities.SharedDocumentation.PressureLoss.StraightPipe.dp_turbulent,Component,ok,,,0
Modelica.Fluid.Dissipation.Utilities.SharedDocumentation.PressureLoss.StraightPipe.dp_twoPhaseOverall,Component,ok,,,0
Modelica.Fluid.Dissipation.Utilities.SharedDocumentation.PressureLoss.Valve.dp_severalGeometryOverall,Component,ok,,,0
Modelica.Fluid.Examples.AST_BatchPlant.BaseClasses.Controller,Examples,ok,,,0
Modelica.Fluid.Examples.AST_BatchPlant.BaseClasses.ControllerUtilities.Adapter_Inference,Examples,ok,,,0
Modelica.Fluid.Examples.AST_BatchPlant.BaseClasses.ControllerUtilities.Adapter_Superposition,Examples,ok,,,0
Modelica.Fluid.Examples.AST_BatchPlant.BaseClasses.ControllerUtilities.BlockMain,Examples,ok,,,0
Modelica.Fluid.Examples.AST_BatchPlant.BaseClasses.ControllerUtilities.Block_Recipe_TBD,Examples,ok,,,0
Modelica.Fluid.Examples.AST_BatchPlant.BaseClasses.ControllerUtilities.BufferMain,Examples,ok,,,0
Modelica.Fluid.Examples.AST_BatchPlant.BaseClasses.ControllerUtilities.Buffer_Recipe_TBD,Examples,ok,,,0
Modelica.Fluid.Examples.AST_BatchPlant.BaseClasses.InnerTank,Examples,ok,,,0
Modelica.Fluid.Examples.AST_BatchPlant.BaseClasses.TankWith3InletOutletArraysWithEvaporatorCondensor,Examples,ok,,,0
Modelica.Fluid.Examples.AST_BatchPlant.BaseClasses.TankWith3InletOutletArraysWithEvaporatorCondensor.HeatTransfer,Examples,ok,,,0
Modelica.Fluid.Examples.AST_BatchPlant.BaseClasses.TankWithTopPorts,Examples,ok,,,0
Modelica.Fluid.Examples.AST_BatchPlant.BaseClasses.TankWithTopPorts.HeatTransfer,Examples,ok,,,0
Modelica.Fluid.Examples.AST_BatchPlant.BatchPlant_StandardWater,Examples,ok,,,0
Modelica.Fluid.Examples.AST_BatchPlant.Test.OneTank,Examples,ok,,,0
Modelica.Fluid.Examples.AST_BatchPlant.Test.TankWithEmptyingPipe1,Examples,ok,,,0
Modelica.Fluid.Examples.AST_BatchPlant.Test.TankWithEmptyingPipe2,Examples,ok,,,0
Modelica.Fluid.Examples.AST_BatchPlant.Test.TanksWithEmptyingPipe1,Examples,ok,,,0
Modelica.Fluid.Examples.AST_BatchPlant.Test.TanksWithEmptyingPipe2,Examples,ok,,,0
Modelica.Fluid.Examples.AST_BatchPlant.Test.TwoTanks,Examples,ok,,,0
Modelica.Fluid.Examples.BranchingDynamicPipes,Examples,ok,,,0
Modelica.Fluid.Examples.ControlledTankSystem.ControlledTanks,Examples,ok,,,0
Modelica.Fluid.Examples.ControlledTankSystem.Utilities.NormalOperation,Examples,ok,,,0
Modelica.Fluid.Examples.ControlledTankSystem.Utilities.TankController,Examples,ok,,,0
Modelica.Fluid.Examples.DrumBoiler.BaseClasses.EquilibriumDrumBoiler,Examples,ok,,,0
Modelica.Fluid.Examples.DrumBoiler.DrumBoiler,Examples,ok,,,0
Modelica.Fluid.Examples.Explanatory.MeasuringTemperature,Examples,ok,,,0
Modelica.Fluid.Examples.Explanatory.MomentumBalanceFittings,Examples,ok,,,0
Modelica.Fluid.Examples.HeatExchanger.BaseClasses.BasicHX,Examples,ok,,,0
Modelica.Fluid.Examples.HeatExchanger.BaseClasses.BasicHX.FlowModel_1,Examples,ok,,,0
Modelica.Fluid.Examples.HeatExchanger.BaseClasses.BasicHX.FlowModel_2,Examples,ok,,,0
Modelica.Fluid.Examples.HeatExchanger.BaseClasses.BasicHX.HeatTransfer_1,Examples,ok,,,0
Modelica.Fluid.Examples.HeatExchanger.BaseClasses.BasicHX.HeatTransfer_2,Examples,ok,,,0
Modelica.Fluid.Examples.HeatExchanger.BaseClasses.WallConstProps,Examples,ok,,,0
Modelica.Fluid.Examples.HeatExchanger.HeatExchangerSimulation,Examples,ok,,,0
Modelica.Fluid.Examples.HeatingSystem,Examples,ok,,,0
Modelica.Fluid.Examples.IncompressibleFluidNetwork,Examples,ok,,,0
Modelica.Fluid.Examples.InverseParameterization,Examples,ok,,,0
Modelica.Fluid.Examples.NonCircularPipes,Examples,ok,,,0
Modelica.Fluid.Examples.PumpingSystem,Examples,ok,,,0
Modelica.Fluid.Examples.Tanks.EmptyTanks,Examples,ok,,,0
Modelica.Fluid.Examples.Tanks.TanksWithOverflow,Examples,ok,,,0
Modelica.Fluid.Examples.Tanks.ThreeTanks,Examples,ok,,,0
Modelica.Fluid.Examples.TraceSubstances.RoomCO2,Examples,ok,,,0
Modelica.Fluid.Examples.TraceSubstances.RoomCO2WithControls,Examples,ok,,,0
Modelica.Fluid.Fittings.AbruptAdaptor,Component,ok,,,0
Modelica.Fluid.Fittings.BaseClasses.PartialTeeJunction,BaseClasses,ok,,,0
Modelica.Fluid.Fittings.BaseClasses.QuadraticTurbulent.BaseModel,BaseClasses,ok,,,0
Modelica.Fluid.Fittings.BaseClasses.QuadraticTurbulent.BaseModelNonconstantCrossSectionArea,BaseClasses,ok,,,0
Modelica.Fluid.Fittings.Bends.CurvedBend,Component,ok,,,0
Modelica.Fluid.Fittings.Bends.EdgedBend,Component,ok,,,0
Modelica.Fluid.Fittings.GenericResistances.VolumeFlowRate,Component,ok,,,0
Modelica.Fluid.Fittings.MultiPort,Component,ok,,,0
Modelica.Fluid.Fittings.Orifices.ThickEdgedOrifice,Component,ok,,,0
Modelica.Fluid.Fittings.SharpEdgedOrifice,Component,ok,,,0
Modelica.Fluid.Fittings.SimpleGenericOrifice,Component,ok,,,0
Modelica.Fluid.Fittings.TeeJunctionIdeal,Component,ok,,,0
Modelica.Fluid.Fittings.TeeJunctionVolume,Component,ok,,,0
Modelica.Fluid.Interfaces.PartialDistributedFlow,Interfaces,ok,,,0
Modelica.Fluid.Interfaces.PartialDistributedVolume,Interfaces,ok,,,0
Modelica.Fluid.Interfaces.PartialHeatTransfer,Interfaces,ok,,,0
Modelica.Fluid.Interfaces.PartialLumpedFlow,Interfaces,ok,,,0
Modelica.Fluid.Interfaces.PartialLumpedVolume,Interfaces,ok,,,0
Modelica.Fluid.Interfaces.PartialPressureLoss,Interfaces,ok,,,0
Modelica.Fluid.Interfaces.PartialTwoPort,Interfaces,ok,,,0
Modelica.Fluid.Interfaces.PartialTwoPortTransport,Interfaces,ok,,,0
Modelica.Fluid.Machines.BaseClasses.PartialPump,BaseClasses,ok,,,0
Modelica.Fluid.Machines.BaseClasses.PartialPump.HeatTransfer,BaseClasses,ok,,,0
Modelica.Fluid.Machines.BaseClasses.PartialPump.Monitoring,BaseClasses,ok,,,0
Modelica.Fluid.Machines.BaseClasses.PumpMonitoring.PumpMonitoringBase,BaseClasses,ok,,,0
Modelica.Fluid.Machines.BaseClasses.PumpMonitoring.PumpMonitoringNPSH,BaseClasses,ok,,,0
Modelica.Fluid.Machines.ControlledPump,Component,ok,,,0
Modelica.Fluid.Machines.PrescribedPump,Component,ok,,,0
Modelica.Fluid.Machines.Pump,Component,ok,,,0
Modelica.Fluid.Machines.SweptVolume,Component,ok,,,0
Modelica.Fluid.Pipes.BaseClasses.FlowModels.DetailedPipeFlow,BaseClasses,ok,,,0
Modelica.Fluid.Pipes.BaseClasses.FlowModels.NominalLaminarFlow,BaseClasses,ok,,,0
Modelica.Fluid.Pipes.BaseClasses.FlowModels.NominalTurbulentPipeFlow,BaseClasses,ok,,,0
Modelica.Fluid.Pipes.BaseClasses.FlowModels.PartialGenericPipeFlow,BaseClasses,ok,,,0
Modelica.Fluid.Pipes.BaseClasses.FlowModels.PartialStaggeredFlowModel,BaseClasses,ok,,,0
Modelica.Fluid.Pipes.BaseClasses.FlowModels.TurbulentPipeFlow,BaseClasses,ok,,,0
Modelica.Fluid.Pipes.BaseClasses.HeatTransfer.ConstantFlowHeatTransfer,BaseClasses,ok,,,0
Modelica.Fluid.Pipes.BaseClasses.HeatTransfer.IdealFlowHeatTransfer,BaseClasses,ok,,,0
Modelica.Fluid.Pipes.BaseClasses.HeatTransfer.LocalPipeFlowHeatTransfer,BaseClasses,ok,,,0
Modelica.Fluid.Pipes.BaseClasses.HeatTransfer.PartialFlowHeatTransfer,BaseClasses,ok,,,0
Modelica.Fluid.Pipes.BaseClasses.HeatTransfer.PartialPipeFlowHeatTransfer,BaseClasses,ok,,,0
Modelica.Fluid.Pipes.BaseClasses.PartialStraightPipe,BaseClasses,ok,,,0
Modelica.Fluid.Pipes.BaseClasses.PartialStraightPipe.FlowModel,BaseClasses,ok,,,0
Modelica.Fluid.Pipes.BaseClasses.PartialTwoPortFlow,BaseClasses,ok,,,0
Modelica.Fluid.Pipes.BaseClasses.PartialTwoPortFlow.FlowModel,BaseClasses,ok,,,0
Modelica.Fluid.Pipes.DynamicPipe,Component,ok,,,0
Modelica.Fluid.Pipes.DynamicPipe.HeatTransfer,Component,ok,,,0
Modelica.Fluid.Pipes.StaticPipe,Component,ok,,,0
Modelica.Fluid.Sensors.BaseClasses.PartialAbsoluteSensor,BaseClasses,ok,,,0
Modelica.Fluid.Sensors.BaseClasses.PartialFlowSensor,BaseClasses,ok,,,0
Modelica.Fluid.Sensors.BaseClasses.PartialRelativeSensor,BaseClasses,ok,,,0
Modelica.Fluid.Sensors.Density,Component,ok,,,0
Modelica.Fluid.Sensors.DensityTwoPort,Component,ok,,,0
Modelica.Fluid.Sensors.MassFlowRate,Component,ok,,,0
Modelica.Fluid.Sensors.MassFractions,Component,ok,,,0
Modelica.Fluid.Sensors.MassFractionsTwoPort,Component,ok,,,0
Modelica.Fluid.Sensors.Pressure,Component,ok,,,0
Modelica.Fluid.Sensors.RelativePressure,Component,ok,,,0
Modelica.Fluid.Sensors.RelativeTemperature,Component,ok,,,0
Modelica.Fluid.Sensors.SpecificEnthalpy,Component,ok,,,0
Modelica.Fluid.Sensors.SpecificEnthalpyTwoPort,Component,ok,,,0
Modelica.Fluid.Sensors.SpecificEntropy,Component,ok,,,0
Modelica.Fluid.Sensors.SpecificEntropyTwoPort,Component,ok,,,0
Modelica.Fluid.Sensors.Temperature,Component,ok,,,0
Modelica.Fluid.Sensors.TemperatureTwoPort,Component,ok,,,0
Modelica.Fluid.Sensors.TraceSubstances,Component,ok,,,0
Modelica.Fluid.Sensors.TraceSubstancesTwoPort,Component,ok,,,0
Modelica.Fluid.Sensors.VolumeFlowRate,Component,ok,,,0
Modelica.Fluid.Sources.BaseClasses.PartialFlowSource,BaseClasses,ok,,,0
Modelica.Fluid.Sources.BaseClasses.PartialSource,BaseClasses,ok,,,0
Modelica.Fluid.Sources.Boundary_pT,Component,ok,,,0
Modelica.Fluid.Sources.Boundary_ph,Component,ok,,,0
Modelica.Fluid.Sources.FixedBoundary,Component,ok,,,0
Modelica.Fluid.Sources.MassFlowSource_T,Component,ok,,,0
Modelica.Fluid.Sources.MassFlowSource_h,Component,ok,,,0
Modelica.Fluid.System,Component,ok,,,0
Modelica.Fluid.UsersGuide.BuildingSystemModels.CustomizingModel,Component,ok,,,0
Modelica.Fluid.UsersGuide.BuildingSystemModels.MediumDefinition,Component,ok,,,0
Modelica.Fluid.UsersGuide.BuildingSystemModels.SystemComponent,Component,ok,,,0
Modelica.Fluid.UsersGuide.ComponentDefinition.BalanceEquations,Component,ok,,,0
Modelica.Fluid.UsersGuide.ComponentDefinition.FluidConnectors,Component,ok,,,0
Modelica.Fluid.UsersGuide.ComponentDefinition.RegularizingCharacteristics,Component,ok,,,0
Modelica.Fluid.UsersGuide.ComponentDefinition.UpstreamDiscretization,Component,ok,,,0
Modelica.Fluid.UsersGuide.ComponentDefinition.ValveCharacteristics,Component,ok,,,0
Modelica.Fluid.UsersGuide.ComponentDefinition.WallFriction,Component,ok,,,0
Modelica.Fluid.UsersGuide.Contact,Component,ok,,,0
Modelica.Fluid.UsersGuide.GettingStarted,Component,ok,,,0
Modelica.Fluid.UsersGuide.Overview,Component,ok,,,0
Modelica.Fluid.UsersGuide.ReleaseNotes,Component,ok,,,0
Modelica.Fluid.Valves.BaseClasses.PartialValve,BaseClasses,ok,,,0
Modelica.Fluid.Valves.BaseClasses.PartialValve.MinLimiter,BaseClasses,ok,,,0
Modelica.Fluid.Valves.ValveCompressible,Component,ok,,,0
Modelica.Fluid.Valves.ValveDiscrete,Component,ok,,,0
Modelica.Fluid.Valves.ValveDiscreteRamp,Component,ok,,,0
Modelica.Fluid.Valves.ValveIncompressible,Component,ok,,,0
Modelica.Fluid.Valves.ValveLinear,Component,ok,,,0
Modelica.Fluid.Valves.ValveVaporizing,Component,ok,,,0
Modelica.Fluid.Vessels.BaseClasses.HeatTransfer.ConstantHeatTransfer,BaseClasses,ok,,,0
Modelica.Fluid.Vessels.BaseClasses.HeatTransfer.IdealHeatTransfer,BaseClasses,ok,,,0
Modelica.Fluid.Vessels.BaseClasses.HeatTransfer.PartialVesselHeatTransfer,BaseClasses,ok,,,0
Modelica.Fluid.Vessels.BaseClasses.PartialLumpedVessel,BaseClasses,ok,,,0
Modelica.Fluid.Vessels.BaseClasses.PartialLumpedVessel.HeatTransfer,BaseClasses,ok,,,0
Modelica.Fluid.Vessels.ClosedVolume,Component,ok,,,0
Modelica.Fluid.Vessels.OpenTank,Component,ok,,,0
Modelica.Icons.Contact,Icons,ok,,,0
Modelica.Icons.Example,Icons,ok,,,0
Modelica.Icons.Information,Icons,ok,,,0
Modelica.Icons.MaterialProperty,Icons,ok,,,0
Modelica.Icons.ObsoleteModel,Icons,ok,,,0
Modelica.Icons.RectangularSensor,Icons,ok,,,0
Modelica.Icons.References,Icons,ok,,,0
Modelica.Icons.ReleaseNotes,Icons,ok,,,0
Modelica.Icons.RoundSensor,Icons,ok,,,0
Modelica.Icons.UnderConstruction,Icons,ok,,,0
Modelica.Magnetic.FluxTubes.BaseClasses.FixedShape,BaseClasses,ok,,,0
Modelica.Magnetic.FluxTubes.BaseClasses.Force,BaseClasses,ok,,,0
Modelica.Magnetic.FluxTubes.BaseClasses.Generic,BaseClasses,ok,,,0
Modelica.Magnetic.FluxTubes.BaseClasses.GenericHysteresis,BaseClasses,ok,,,0
Modelica.Magnetic.FluxTubes.BaseClasses.GenericHysteresisTellinen,BaseClasses,ok,,,0
Modelica.Magnetic.FluxTubes.BaseClasses.Leakage,BaseClasses,ok,,,0
Modelica.Magnetic.FluxTubes.Basic.ConstantPermeance,Component,ok,,,0
Modelica.Magnetic.FluxTubes.Basic.ConstantReluctance,Component,ok,,,0
Modelica.Magnetic.FluxTubes.Basic.Crossing,Component,ok,,,0
Modelica.Magnetic.FluxTubes.Basic.EddyCurrent,Component,ok,,,0
Modelica.Magnetic.FluxTubes.Basic.ElectroMagneticConverter,Component,ok,,,0
Modelica.Magnetic.FluxTubes.Basic.ElectroMagneticConverterWithLeakageInductance,Component,ok,,,0
Modelica.Magnetic.FluxTubes.Basic.Ground,Component,ok,,,0
Modelica.Magnetic.FluxTubes.Basic.Idle,Component,ok,,,0
Modelica.Magnetic.FluxTubes.Basic.LeakageWithCoefficient,Component,ok,,,0
Modelica.Magnetic.FluxTubes.Basic.Short,Component,ok,,,0
Modelica.Magnetic.FluxTubes.Basic.VariablePermeance,Component,ok,,,0
Modelica.Magnetic.FluxTubes.Basic.VariableReluctance,Component,ok,,,0
Modelica.Magnetic.FluxTubes.Examples.BasicExamples.QuadraticCoreAirgap,Examples,ok,,,0
Modelica.Magnetic.FluxTubes.Examples.BasicExamples.SaturatedInductor,Examples,ok,,,0
Modelica.Magnetic.FluxTubes.Examples.BasicExamples.ToroidalCoreAirgap,Examples,ok,,,0
Modelica.Magnetic.FluxTubes.Examples.BasicExamples.ToroidalCoreQuadraticCrossSection,Examples,ok,,,0
Modelica.Magnetic.FluxTubes.Examples.Hysteresis.Components.Transformer1PhaseWithHysteresis,Examples,ok,,,0
Modelica.Magnetic.FluxTubes.Examples.Hysteresis.Components.Transformer3PhaseYyWithHysteresis,Examples,ok,,,0
Modelica.Magnetic.FluxTubes.Examples.Hysteresis.HysteresisModelComparison,Examples,ok,,,0
Modelica.Magnetic.FluxTubes.Examples.Hysteresis.InductorWithHysteresis,Examples,ok,,,0
Modelica.Magnetic.FluxTubes.Examples.Hysteresis.SinglePhaseTransformerWithHysteresis1,Examples,ok,,,0
Modelica.Magnetic.FluxTubes.Examples.Hysteresis.SinglePhaseTransformerWithHysteresis2,Examples,ok,,,0
Modelica.Magnetic.FluxTubes.Examples.Hysteresis.ThreePhaseTransformerWithRectifier,Examples,ok,,,0
Modelica.Magnetic.FluxTubes.Examples.MovingCoilActuator.ArmatureStroke,Examples,ok,,,0
Modelica.Magnetic.FluxTubes.Examples.MovingCoilActuator.Components.ConstantActuator,Examples,ok,,,0
Modelica.Magnetic.FluxTubes.Examples.MovingCoilActuator.Components.PermeanceActuator,Examples,ok,,,0
Modelica.Magnetic.FluxTubes.Examples.MovingCoilActuator.ForceCurrentBehaviour,Examples,ok,,,0
Modelica.Magnetic.FluxTubes.Examples.MovingCoilActuator.ForceStrokeBehaviour,Examples,ok,,,0
Modelica.Magnetic.FluxTubes.Examples.SolenoidActuator.ComparisonPullInStroke,Examples,ok,,,0
Modelica.Magnetic.FluxTubes.Examples.SolenoidActuator.ComparisonQuasiStatic,Examples,ok,,,0
Modelica.Magnetic.FluxTubes.Examples.SolenoidActuator.Components.AdvancedSolenoid,Examples,ok,,,0
Modelica.Magnetic.FluxTubes.Examples.SolenoidActuator.Components.SimpleSolenoid,Examples,ok,,,0
Modelica.Magnetic.FluxTubes.Examples.Utilities.TranslatoryArmatureAndStopper,Examples,ok,,,0
Modelica.Magnetic.FluxTubes.Icons.Cuboid,Icons,ok,,,0
Modelica.Magnetic.FluxTubes.Icons.HollowCylinderAxialFlux,Icons,ok,,,0
Modelica.Magnetic.FluxTubes.Icons.HollowCylinderCircumferentialFlux,Icons,ok,,,0
Modelica.Magnetic.FluxTubes.Icons.HollowCylinderRadialFlux,Icons,ok,,,0
Modelica.Magnetic.FluxTubes.Icons.Reluctance,Icons,ok,,,0
Modelica.Magnetic.FluxTubes.Icons.Toroid,Icons,ok,,,0
Modelica.Magnetic.FluxTubes.Interfaces.ConditionalHeatPort,Interfaces,ok,,,0
Modelica.Magnetic.FluxTubes.Interfaces.TwoPort,Interfaces,ok,,,0
Modelica.Magnetic.FluxTubes.Interfaces.TwoPortElementary,Interfaces,ok,,,0
Modelica.Magnetic.FluxTubes.Interfaces.TwoPortExtended,Interfaces,ok,,,0
Modelica.Magnetic.FluxTubes.Sensors.MagneticFluxSensor,Component,ok,,,0
Modelica.Magnetic.FluxTubes.Sensors.MagneticPotentialDifferenceSensor,Component,ok,,,0
Modelica.Magnetic.FluxTubes.Shapes.FixedShape.Cuboid,Component,ok,,,0
Modelica.Magnetic.FluxTubes.Shapes.FixedShape.GenericFluxTube,Component,ok,,,0
Modelica.Magnetic.FluxTubes.Shapes.FixedShape.HollowCylinderAxialFlux,Component,ok,,,0
Modelica.Magnetic.FluxTubes.Shapes.FixedShape.HollowCylinderCircumferentialFlux,Component,ok,,,0
Modelica.Magnetic.FluxTubes.Shapes.FixedShape.HollowCylinderRadialFlux,Component,ok,,,0
Modelica.Magnetic.FluxTubes.Shapes.FixedShape.Toroid,Component,ok,,,0
Modelica.Magnetic.FluxTubes.Shapes.Force.CuboidOrthogonalFlux,Component,ok,,,0
Modelica.Magnetic.FluxTubes.Shapes.Force.CuboidParallelFlux,Component,ok,,,0
Modelica.Magnetic.FluxTubes.Shapes.Force.HollowCylinderAxialFlux,Component,ok,,,0
Modelica.Magnetic.FluxTubes.Shapes.Force.HollowCylinderRadialFlux,Component,ok,,,0
Modelica.Magnetic.FluxTubes.Shapes.Force.LeakageAroundPoles,Component,ok,,,0
Modelica.Magnetic.FluxTubes.Shapes.HysteresisAndMagnets.GenericHystPreisachEverett,Component,ok,,,0
Modelica.Magnetic.FluxTubes.Shapes.HysteresisAndMagnets.GenericHystTellinenEverett,Component,ok,,,0
Modelica.Magnetic.FluxTubes.Shapes.HysteresisAndMagnets.GenericHystTellinenHard,Component,ok,,,0
Modelica.Magnetic.FluxTubes.Shapes.HysteresisAndMagnets.GenericHystTellinenPermanentMagnet,Component,ok,,,0
Modelica.Magnetic.FluxTubes.Shapes.HysteresisAndMagnets.GenericHystTellinenSoft,Component,ok,,,0
Modelica.Magnetic.FluxTubes.Shapes.HysteresisAndMagnets.GenericHystTellinenTable,Component,ok,,,0
Modelica.Magnetic.FluxTubes.Shapes.HysteresisAndMagnets.GenericLinearPermanentMagnet,Component,ok,,,0
Modelica.Magnetic.FluxTubes.Shapes.Leakage.CoaxCylindersEndFaces,Component,ok,,,0
Modelica.Magnetic.FluxTubes.Shapes.Leakage.EighthOfHollowSphere,Component,ok,,,0
Modelica.Magnetic.FluxTubes.Shapes.Leakage.EighthOfSphere,Component,ok,,,0
Modelica.Magnetic.FluxTubes.Shapes.Leakage.HalfCylinder,Component,ok,,,0
Modelica.Magnetic.FluxTubes.Shapes.Leakage.HalfHollowCylinder,Component,ok,,,0
Modelica.Magnetic.FluxTubes.Shapes.Leakage.QuarterCylinder,Component,ok,,,0
Modelica.Magnetic.FluxTubes.Shapes.Leakage.QuarterHollowCylinder,Component,ok,,,0
Modelica.Magnetic.FluxTubes.Shapes.Leakage.QuarterHollowSphere,Component,ok,,,0
Modelica.Magnetic.FluxTubes.Shapes.Leakage.QuarterSphere,Component,ok,,,0
Modelica.Magnetic.FluxTubes.Sources.ConstantMagneticFlux,Component,ok,,,0
Modelica.Magnetic.FluxTubes.Sources.ConstantMagneticPotentialDifference,Component,ok,,,0
Modelica.Magnetic.FluxTubes.Sources.SignalMagneticFlux,Component,ok,,,0
Modelica.Magnetic.FluxTubes.Sources.SignalMagneticPotentialDifference,Component,ok,,,0
Modelica.Magnetic.FluxTubes.UsersGuide.Contact,Component,ok,,,0
Modelica.Magnetic.FluxTubes.UsersGuide.FluxTubeConcept,Component,ok,,,0
Modelica.Magnetic.FluxTubes.UsersGuide.Hysteresis.DynamicHysteresis,Component,ok,,,0
Modelica.Magnetic.FluxTubes.UsersGuide.Hysteresis.HysteresisLosses,Component,ok,,,0
Modelica.Magnetic.FluxTubes.UsersGuide.Hysteresis.StaticHysteresis.Preisach,Component,ok,,,0
Modelica.Magnetic.FluxTubes.UsersGuide.Hysteresis.StaticHysteresis.Tellinen,Component,ok,,,0
Modelica.Magnetic.FluxTubes.UsersGuide.Literature,Component,ok,,,0
Modelica.Magnetic.FluxTubes.UsersGuide.ReleaseNotes,Component,ok,,,0
Modelica.Magnetic.FluxTubes.UsersGuide.ReluctanceForceCalculation,Component,ok,,,0
Modelica.Magnetic.FundamentalWave.BaseClasses.Machine,BaseClasses,ok,,,0
Modelica.Magnetic.FundamentalWave.BasicMachines.Components.PermanentMagnet,Component,ok,,,0
Modelica.Magnetic.FundamentalWave.BasicMachines.Components.RotorSaliencyAirGap,Component,ok,,,0
Modelica.Magnetic.FundamentalWave.BasicMachines.Components.SaliencyCageWinding,Component,ok,,,0
Modelica.Magnetic.FundamentalWave.BasicMachines.Components.SinglePhaseWinding,Component,ok,,,0
Modelica.Magnetic.FundamentalWave.BasicMachines.Components.SymmetricPolyphaseCageWinding,Component,ok,,,0
Modelica.Magnetic.FundamentalWave.BasicMachines.Components.SymmetricPolyphaseWinding,Component,ok,,,0
Modelica.Magnetic.FundamentalWave.BasicMachines.InductionMachines.IM_SlipRing,Component,ok,,,0
Modelica.Magnetic.FundamentalWave.BasicMachines.InductionMachines.IM_SquirrelCage,Component,ok,,,0
Modelica.Magnetic.FundamentalWave.BasicMachines.SynchronousMachines.SM_ElectricalExcited,Component,ok,,,0
Modelica.Magnetic.FundamentalWave.BasicMachines.SynchronousMachines.SM_PermanentMagnet,Component,ok,,,0
Modelica.Magnetic.FundamentalWave.BasicMachines.SynchronousMachines.SM_ReluctanceRotor,Component,ok,,,0
Modelica.Magnetic.FundamentalWave.Components.Crossing,Component,ok,,,0
Modelica.Magnetic.FundamentalWave.Components.EddyCurrent,Component,ok,,,0
Modelica.Magnetic.FundamentalWave.Components.Ground,Component,ok,,,0
Modelica.Magnetic.FundamentalWave.Components.Idle,Component,ok,,,0
Modelica.Magnetic.FundamentalWave.Components.Permeance,Component,ok,,,0
Modelica.Magnetic.FundamentalWave.Components.PolyphaseElectroMagneticConverter,Component,ok,,,0
Modelica.Magnetic.FundamentalWave.Components.Reluctance,Component,ok,,,0
Modelica.Magnetic.FundamentalWave.Components.Short,Component,ok,,,0
Modelica.Magnetic.FundamentalWave.Components.SinglePhaseElectroMagneticConverter,Component,ok,,,0
Modelica.Magnetic.FundamentalWave.Examples.BasicMachines.InductionMachines.IMC_Conveyor,Examples,ok,,,0
Modelica.Magnetic.FundamentalWave.Examples.BasicMachines.InductionMachines.IMC_DOL,Examples,ok,,,0
Modelica.Magnetic.FundamentalWave.Examples.BasicMachines.InductionMachines.IMC_Initialize,Examples,ok,,,0
Modelica.Magnetic.FundamentalWave.Examples.BasicMachines.InductionMachines.IMC_Inverter,Examples,ok,,,0
Modelica.Magnetic.FundamentalWave.Examples.BasicMachines.InductionMachines.IMC_Steinmetz,Examples,ok,,,0
Modelica.Magnetic.FundamentalWave.Examples.BasicMachines.InductionMachines.IMC_Transformer,Examples,ok,,,0
Modelica.Magnetic.FundamentalWave.Examples.BasicMachines.InductionMachines.IMC_YD,Examples,ok,,,0
Modelica.Magnetic.FundamentalWave.Examples.BasicMachines.InductionMachines.IMC_withLosses,Examples,ok,,,0
Modelica.Magnetic.FundamentalWave.Examples.BasicMachines.SynchronousMachines.ComparisonPolyphase.SMPM_Inverter_Polyphase,Examples,ok,,,0
Modelica.Magnetic.FundamentalWave.Examples.BasicMachines.SynchronousMachines.ComparisonPolyphase.SMR_Inverter_Polyphase,Examples,ok,,,0
Modelica.Magnetic.FundamentalWave.Examples.BasicMachines.SynchronousMachines.SMEE_DOL,Examples,ok,,,0
Modelica.Magnetic.FundamentalWave.Examples.BasicMachines.SynchronousMachines.SMEE_Generator,Examples,ok,,,0
Modelica.Magnetic.FundamentalWave.Examples.BasicMachines.SynchronousMachines.SMEE_LoadDump,Examples,ok,,,0
Modelica.Magnetic.FundamentalWave.Examples.BasicMachines.SynchronousMachines.SMEE_Rectifier,Examples,ok,,,0
Modelica.Magnetic.FundamentalWave.Examples.BasicMachines.SynchronousMachines.SMPM_Braking,Examples,ok,,,0
Modelica.Magnetic.FundamentalWave.Examples.BasicMachines.SynchronousMachines.SMPM_CurrentSource,Examples,ok,,,0
Modelica.Magnetic.FundamentalWave.Examples.BasicMachines.SynchronousMachines.SMPM_Inverter,Examples,ok,,,0
Modelica.Magnetic.FundamentalWave.Examples.BasicMachines.SynchronousMachines.SMPM_VoltageSource,Examples,ok,,,0
Modelica.Magnetic.FundamentalWave.Examples.BasicMachines.SynchronousMachines.SMR_Inverter,Examples,ok,,,0
Modelica.Magnetic.FundamentalWave.Examples.Components.EddyCurrentLosses,Examples,ok,,,0
Modelica.Magnetic.FundamentalWave.Examples.Components.PolyphaseInductance,Examples,ok,,,0
Modelica.Magnetic.FundamentalWave.Examples.Components.SinglePhaseInductance,Examples,ok,,,0
Modelica.Magnetic.FundamentalWave.Interfaces.NegativePortInterface,Interfaces,ok,,,0
Modelica.Magnetic.FundamentalWave.Interfaces.PositivePortInterface,Interfaces,ok,,,0
Modelica.Magnetic.FundamentalWave.Interfaces.StateSelector,Interfaces,ok,,,0
Modelica.Magnetic.FundamentalWave.Interfaces.TwoPort,Interfaces,ok,,,0
Modelica.Magnetic.FundamentalWave.Interfaces.TwoPortElementary,Interfaces,ok,,,0
Modelica.Magnetic.FundamentalWave.Interfaces.TwoPortExtended,Interfaces,ok,,,0
Modelica.Magnetic.FundamentalWave.Sensors.MagneticFluxSensor,Component,ok,,,0
Modelica.Magnetic.FundamentalWave.Sensors.MagneticPotentialDifferenceSensor,Component,ok,,,0
Modelica.Magnetic.FundamentalWave.Sensors.MagneticPotentialSensor,Component,ok,,,0
Modelica.Magnetic.FundamentalWave.Sources.ConstantFlux,Component,ok,,,0
Modelica.Magnetic.FundamentalWave.Sources.ConstantMagneticPotentialDifference,Component,ok,,,0
Modelica.Magnetic.FundamentalWave.Sources.SignalFlux,Component,ok,,,0
Modelica.Magnetic.FundamentalWave.Sources.SignalMagneticPotentialDifference,Component,ok,,,0
Modelica.Magnetic.FundamentalWave.UsersGuide.Concept,Component,ok,,,0
Modelica.Magnetic.FundamentalWave.UsersGuide.Contact,Component,ok,,,0
Modelica.Magnetic.FundamentalWave.UsersGuide.Parameters,Component,ok,,,0
Modelica.Magnetic.FundamentalWave.UsersGuide.Polyphase,Component,ok,,,0
Modelica.Magnetic.FundamentalWave.UsersGuide.References,Component,ok,,,0
Modelica.Magnetic.FundamentalWave.UsersGuide.ReleaseNotes,Component,ok,,,0
Modelica.Magnetic.FundamentalWave.UsersGuide.WindingModel,Component,ok,,,0
Modelica.Magnetic.QuasiStatic.FluxTubes.BaseClasses.FixedShape,BaseClasses,ok,,,0
Modelica.Magnetic.QuasiStatic.FluxTubes.BaseClasses.Leakage,BaseClasses,ok,,,0
Modelica.Magnetic.QuasiStatic.FluxTubes.Basic.ConstantPermeance,Component,ok,,,0
Modelica.Magnetic.QuasiStatic.FluxTubes.Basic.ConstantReluctance,Component,ok,,,0
Modelica.Magnetic.QuasiStatic.FluxTubes.Basic.Crossing,Component,ok,,,0
Modelica.Magnetic.QuasiStatic.FluxTubes.Basic.EddyCurrent,Component,ok,,,0
Modelica.Magnetic.QuasiStatic.FluxTubes.Basic.ElectroMagneticConverter,Component,ok,,,0
Modelica.Magnetic.QuasiStatic.FluxTubes.Basic.Ground,Component,ok,,,0
Modelica.Magnetic.QuasiStatic.FluxTubes.Basic.Idle,Component,ok,,,0
Modelica.Magnetic.QuasiStatic.FluxTubes.Basic.LeakageWithCoefficient,Component,ok,,,0
Modelica.Magnetic.QuasiStatic.FluxTubes.Basic.Short,Component,ok,,,0
Modelica.Magnetic.QuasiStatic.FluxTubes.Basic.VariablePermeance,Component,ok,,,0
Modelica.Magnetic.QuasiStatic.FluxTubes.Basic.VariableReluctance,Component,ok,,,0
Modelica.Magnetic.QuasiStatic.FluxTubes.Examples.BasicExamples.QuadraticCoreAirgap,Examples,ok,,,0
Modelica.Magnetic.QuasiStatic.FluxTubes.Examples.BasicExamples.ToroidalCoreAirgap,Examples,ok,,,0
Modelica.Magnetic.QuasiStatic.FluxTubes.Examples.BasicExamples.ToroidalCoreQuadraticCrossSection,Examples,ok,,,0
Modelica.Magnetic.QuasiStatic.FluxTubes.Examples.FixedShapes.CuboidSections,Examples,ok,,,0
Modelica.Magnetic.QuasiStatic.FluxTubes.Examples.FixedShapes.CylinderSections,Examples,ok,,,0
Modelica.Magnetic.QuasiStatic.FluxTubes.Examples.Leakage.CylinderLeakage,Examples,ok,,,0
Modelica.Magnetic.QuasiStatic.FluxTubes.Examples.Leakage.GeneralLeakage,Examples,ok,,,0
Modelica.Magnetic.QuasiStatic.FluxTubes.Examples.LinearInductor,Examples,ok,,,0
Modelica.Magnetic.QuasiStatic.FluxTubes.Examples.NonLinearInductor,Examples,ok,,,0
Modelica.Magnetic.QuasiStatic.FluxTubes.Icons.Cuboid,Icons,ok,,,0
Modelica.Magnetic.QuasiStatic.FluxTubes.Icons.HollowCylinderAxialFlux,Icons,ok,,,0
Modelica.Magnetic.QuasiStatic.FluxTubes.Icons.HollowCylinderCircumferentialFlux,Icons,ok,,,0
Modelica.Magnetic.QuasiStatic.FluxTubes.Icons.HollowCylinderRadialFlux,Icons,ok,,,0
Modelica.Magnetic.QuasiStatic.FluxTubes.Icons.Reluctance,Icons,ok,,,0
Modelica.Magnetic.QuasiStatic.FluxTubes.Icons.Toroid,Icons,ok,,,0
Modelica.Magnetic.QuasiStatic.FluxTubes.Interfaces.AbsoluteSensor,Interfaces,ok,,,0
Modelica.Magnetic.QuasiStatic.FluxTubes.Interfaces.RelativeSensor,Interfaces,ok,,,0
Modelica.Magnetic.QuasiStatic.FluxTubes.Interfaces.Source,Interfaces,ok,,,0
Modelica.Magnetic.QuasiStatic.FluxTubes.Interfaces.TwoPort,Interfaces,ok,,,0
Modelica.Magnetic.QuasiStatic.FluxTubes.Interfaces.TwoPortElementary,Interfaces,ok,,,0
Modelica.Magnetic.QuasiStatic.FluxTubes.Sensors.FrequencySensor,Component,ok,,,0
Modelica.Magnetic.QuasiStatic.FluxTubes.Sensors.MagneticFluxSensor,Component,ok,,,0
Modelica.Magnetic.QuasiStatic.FluxTubes.Sensors.MagneticPotentialDifferenceSensor,Component,ok,,,0
Modelica.Magnetic.QuasiStatic.FluxTubes.Sensors.MagneticPotentialSensor,Component,ok,,,0
Modelica.Magnetic.QuasiStatic.FluxTubes.Sensors.ReferenceSensor,Component,ok,,,0
Modelica.Magnetic.QuasiStatic.FluxTubes.Sensors.Transient.FundamentalWavePermabilitySensor,Component,ok,,,0
Modelica.Magnetic.QuasiStatic.FluxTubes.Sensors.Transient.Permeability,Component,ok,,,0
Modelica.Magnetic.QuasiStatic.FluxTubes.Shapes.FixedShape.Cuboid,Component,ok,,,0
Modelica.Magnetic.QuasiStatic.FluxTubes.Shapes.FixedShape.GenericFluxTube,Component,ok,,,0
Modelica.Magnetic.QuasiStatic.FluxTubes.Shapes.FixedShape.HollowCylinderAxialFlux,Component,ok,,,0
Modelica.Magnetic.QuasiStatic.FluxTubes.Shapes.FixedShape.HollowCylinderCircumferentialFlux,Component,ok,,,0
Modelica.Magnetic.QuasiStatic.FluxTubes.Shapes.FixedShape.HollowCylinderRadialFlux,Component,ok,,,0
Modelica.Magnetic.QuasiStatic.FluxTubes.Shapes.FixedShape.Toroid,Component,ok,,,0
Modelica.Magnetic.QuasiStatic.FluxTubes.Shapes.Leakage.CoaxCylindersEndFaces,Component,ok,,,0
Modelica.Magnetic.QuasiStatic.FluxTubes.Shapes.Leakage.EighthOfHollowSphere,Component,ok,,,0
Modelica.Magnetic.QuasiStatic.FluxTubes.Shapes.Leakage.EighthOfSphere,Component,ok,,,0
Modelica.Magnetic.QuasiStatic.FluxTubes.Shapes.Leakage.HalfCylinder,Component,ok,,,0
Modelica.Magnetic.QuasiStatic.FluxTubes.Shapes.Leakage.HalfHollowCylinder,Component,ok,,,0
Modelica.Magnetic.QuasiStatic.FluxTubes.Shapes.Leakage.QuarterCylinder,Component,ok,,,0
Modelica.Magnetic.QuasiStatic.FluxTubes.Shapes.Leakage.QuarterHollowCylinder,Component,ok,,,0
Modelica.Magnetic.QuasiStatic.FluxTubes.Shapes.Leakage.QuarterHollowSphere,Component,ok,,,0
Modelica.Magnetic.QuasiStatic.FluxTubes.Shapes.Leakage.QuarterSphere,Component,ok,,,0
Modelica.Magnetic.QuasiStatic.FluxTubes.Sources.ConstantMagneticFlux,Component,ok,,,0
Modelica.Magnetic.QuasiStatic.FluxTubes.Sources.ConstantMagneticPotentialDifference,Component,ok,,,0
Modelica.Magnetic.QuasiStatic.FluxTubes.Sources.SignalMagneticFlux,Component,ok,,,0
Modelica.Magnetic.QuasiStatic.FluxTubes.Sources.SignalMagneticPotentialDifference,Component,ok,,,0
Modelica.Magnetic.QuasiStatic.FluxTubes.UsersGuide.Contact,Component,ok,,,0
Modelica.Magnetic.QuasiStatic.FluxTubes.UsersGuide.FluxTubeConcept,Component,ok,,,0
Modelica.Magnetic.QuasiStatic.FluxTubes.UsersGuide.Literature,Component,ok,,,0
Modelica.Magnetic.QuasiStatic.FluxTubes.UsersGuide.ReleaseNotes,Component,ok,,,0
Modelica.Magnetic.QuasiStatic.FundamentalWave.BaseClasses.Machine,BaseClasses,ok,,,0
Modelica.Magnetic.QuasiStatic.FundamentalWave.BasicMachines.Components.PermanentMagnet,Component,ok,,,0
Modelica.Magnetic.QuasiStatic.FundamentalWave.BasicMachines.Components.QuasiStaticAnalogWinding,Component,ok,,,0
Modelica.Magnetic.QuasiStatic.FundamentalWave.BasicMachines.Components.RotorSaliencyAirGap,Component,ok,,,0
Modelica.Magnetic.QuasiStatic.FundamentalWave.BasicMachines.Components.SaliencyCageWinding,Component,ok,,,0
Modelica.Magnetic.QuasiStatic.FundamentalWave.BasicMachines.Components.SymmetricPolyphaseCageWinding,Component,ok,,,0
Modelica.Magnetic.QuasiStatic.FundamentalWave.BasicMachines.Components.SymmetricPolyphaseWinding,Component,ok,,,0
Modelica.Magnetic.QuasiStatic.FundamentalWave.BasicMachines.InductionMachines.IM_SlipRing,Component,ok,,,0
Modelica.Magnetic.QuasiStatic.FundamentalWave.BasicMachines.InductionMachines.IM_SquirrelCage,Component,ok,,,0
Modelica.Magnetic.QuasiStatic.FundamentalWave.BasicMachines.SynchronousMachines.SM_ElectricalExcited,Component,ok,,,0
Modelica.Magnetic.QuasiStatic.FundamentalWave.BasicMachines.SynchronousMachines.SM_PermanentMagnet,Component,ok,,,0
Modelica.Magnetic.QuasiStatic.FundamentalWave.BasicMachines.SynchronousMachines.SM_ReluctanceRotor,Component,ok,,,0
Modelica.Magnetic.QuasiStatic.FundamentalWave.Components.Crossing,Component,ok,,,0
Modelica.Magnetic.QuasiStatic.FundamentalWave.Components.EddyCurrent,Component,ok,,,0
Modelica.Magnetic.QuasiStatic.FundamentalWave.Components.Ground,Component,ok,,,0
Modelica.Magnetic.QuasiStatic.FundamentalWave.Components.Idle,Component,ok,,,0
Modelica.Magnetic.QuasiStatic.FundamentalWave.Components.Permeance,Component,ok,,,0
Modelica.Magnetic.QuasiStatic.FundamentalWave.Components.PolyphaseElectroMagneticConverter,Component,ok,,,0
Modelica.Magnetic.QuasiStatic.FundamentalWave.Components.QuasiStaticAnalogElectroMagneticConverter,Component,ok,,,0
Modelica.Magnetic.QuasiStatic.FundamentalWave.Components.Reluctance,Component,ok,,,0
Modelica.Magnetic.QuasiStatic.FundamentalWave.Components.Short,Component,ok,,,0
Modelica.Magnetic.QuasiStatic.FundamentalWave.Examples.BasicMachines.InductionMachines.IMC_Characteristics,Examples,ok,,,0
Modelica.Magnetic.QuasiStatic.FundamentalWave.Examples.BasicMachines.InductionMachines.IMC_Conveyor,Examples,ok,,,0
Modelica.Magnetic.QuasiStatic.FundamentalWave.Examples.BasicMachines.InductionMachines.IMC_DOL,Examples,ok,,,0
Modelica.Magnetic.QuasiStatic.FundamentalWave.Examples.BasicMachines.InductionMachines.IMC_Initialize,Examples,ok,,,0
Modelica.Magnetic.QuasiStatic.FundamentalWave.Examples.BasicMachines.InductionMachines.IMC_Inverter,Examples,ok,,,0
Modelica.Magnetic.QuasiStatic.FundamentalWave.Examples.BasicMachines.InductionMachines.IMC_YD,Examples,ok,,,0
Modelica.Magnetic.QuasiStatic.FundamentalWave.Examples.BasicMachines.InductionMachines.IMC_withLosses,Examples,ok,,,0
Modelica.Magnetic.QuasiStatic.FundamentalWave.Examples.BasicMachines.InductionMachines.IMS_Characteristics,Examples,ok,,,0
Modelica.Magnetic.QuasiStatic.FundamentalWave.Examples.BasicMachines.SynchronousMachines.SMEE_Generator,Examples,ok,,,0
Modelica.Magnetic.QuasiStatic.FundamentalWave.Examples.BasicMachines.SynchronousMachines.SMPM_CurrentSource,Examples,ok,,,0
Modelica.Magnetic.QuasiStatic.FundamentalWave.Examples.BasicMachines.SynchronousMachines.SMPM_FieldWeakening,Examples,ok,,,0
Modelica.Magnetic.QuasiStatic.FundamentalWave.Examples.BasicMachines.SynchronousMachines.SMPM_MTPA,Examples,ok,,,0
Modelica.Magnetic.QuasiStatic.FundamentalWave.Examples.BasicMachines.SynchronousMachines.SMPM_OpenCircuit,Examples,ok,,,0
Modelica.Magnetic.QuasiStatic.FundamentalWave.Examples.BasicMachines.SynchronousMachines.SMR_CurrentSource,Examples,ok,,,0
Modelica.Magnetic.QuasiStatic.FundamentalWave.Examples.Components.EddyCurrentLosses,Examples,ok,,,0
Modelica.Magnetic.QuasiStatic.FundamentalWave.Examples.Components.PolyphaseInductance,Examples,ok,,,0
Modelica.Magnetic.QuasiStatic.FundamentalWave.Examples.ExampleUtilities.FieldWeakeningController,Examples,ok,,,0
Modelica.Magnetic.QuasiStatic.FundamentalWave.Examples.ExampleUtilities.SpacePhasorLimiter,Examples,ok,,,0
Modelica.Magnetic.QuasiStatic.FundamentalWave.Interfaces.TwoPort,Interfaces,ok,,,0
Modelica.Magnetic.QuasiStatic.FundamentalWave.Interfaces.TwoPortElementary,Interfaces,ok,,,0
Modelica.Magnetic.QuasiStatic.FundamentalWave.Interfaces.TwoPortExtended,Interfaces,ok,,,0
Modelica.Magnetic.QuasiStatic.FundamentalWave.Losses.PermanentMagnetLosses,Component,ok,,,0
Modelica.Magnetic.QuasiStatic.FundamentalWave.Losses.StrayLoad,Component,ok,,,0
Modelica.Magnetic.QuasiStatic.FundamentalWave.Sensors.MagneticFluxSensor,Component,ok,,,0
Modelica.Magnetic.QuasiStatic.FundamentalWave.Sensors.MagneticPotentialDifferenceSensor,Component,ok,,,0
Modelica.Magnetic.QuasiStatic.FundamentalWave.Sensors.MagneticPotentialSensor,Component,ok,,,0
Modelica.Magnetic.QuasiStatic.FundamentalWave.Sensors.RotorDisplacementAngle,Component,ok,,,0
Modelica.Magnetic.QuasiStatic.FundamentalWave.Sources.ConstantFlux,Component,ok,,,0
Modelica.Magnetic.QuasiStatic.FundamentalWave.Sources.ConstantMagneticPotentialDifference,Component,ok,,,0
Modelica.Magnetic.QuasiStatic.FundamentalWave.Sources.SignalFlux,Component,ok,,,0
Modelica.Magnetic.QuasiStatic.FundamentalWave.Sources.SignalMagneticPotentialDifference,Component,ok,,,0
Modelica.Magnetic.QuasiStatic.FundamentalWave.UsersGuide.Concept,Component,ok,,,0
Modelica.Magnetic.QuasiStatic.FundamentalWave.UsersGuide.Contact,Component,ok,,,0
Modelica.Magnetic.QuasiStatic.FundamentalWave.UsersGuide.References,Component,ok,,,0
Modelica.Magnetic.QuasiStatic.FundamentalWave.UsersGuide.ReleaseNotes,Component,ok,,,0
Modelica.Magnetic.QuasiStatic.FundamentalWave.Utilities.CurrentController,Component,ok,,,0
Modelica.Magnetic.QuasiStatic.FundamentalWave.Utilities.MultiTerminalBox,Component,ok,,,0
Modelica.Magnetic.QuasiStatic.FundamentalWave.Utilities.SwitchYD,Component,ok,,,0
Modelica.Magnetic.QuasiStatic.FundamentalWave.Utilities.SwitchedRheostat,Component,ok,,,0
Modelica.Magnetic.QuasiStatic.FundamentalWave.Utilities.TerminalBox,Component,ok,,,0
Modelica.Magnetic.QuasiStatic.FundamentalWave.Utilities.VfController,Component,ok,,,0
Modelica.Math.FastFourierTransform.Examples.RealFFT1,Examples,ok,,,0
Modelica.Math.FastFourierTransform.Examples.RealFFT2,Examples,ok,,,0
Modelica.Math.Nonlinear.Examples.QuadratureLobatto3,Examples,ok,,,0
Modelica.Math.Random.Examples.GenerateRandomNumbers,Examples,ok,,,0
Modelica.Mechanics.MultiBody.Examples.Constraints.PrismaticConstraint,Examples,ok,,,0
Modelica.Mechanics.MultiBody.Examples.Constraints.RevoluteConstraint,Examples,ok,,,0
Modelica.Mechanics.MultiBody.Examples.Constraints.SphericalConstraint,Examples,ok,,,0
Modelica.Mechanics.MultiBody.Examples.Constraints.UniversalConstraint,Examples,ok,,,0
Modelica.Mechanics.MultiBody.Examples.Elementary.DoublePendulum,Examples,ok,,,0
Modelica.Mechanics.MultiBody.Examples.Elementary.DoublePendulumInitTip,Examples,ok,,,0
Modelica.Mechanics.MultiBody.Examples.Elementary.ForceAndTorque,Examples,ok,,,0
Modelica.Mechanics.MultiBody.Examples.Elementary.FreeBody,Examples,ok,,,0
Modelica.Mechanics.MultiBody.Examples.Elementary.HeatLosses,Examples,ok,,,0
Modelica.Mechanics.MultiBody.Examples.Elementary.InitSpringConstant,Examples,ok,,,0
Modelica.Mechanics.MultiBody.Examples.Elementary.LineForceWithTwoMasses,Examples,ok,,,0
Modelica.Mechanics.MultiBody.Examples.Elementary.Pendulum,Examples,ok,,,0
Modelica.Mechanics.MultiBody.Examples.Elementary.PendulumWithSpringDamper,Examples,ok,,,0
Modelica.Mechanics.MultiBody.Examples.Elementary.PointGravity,Examples,ok,,,0
Modelica.Mechanics.MultiBody.Examples.Elementary.PointGravityWithPointMasses,Examples,ok,,,0
Modelica.Mechanics.MultiBody.Examples.Elementary.PointGravityWithPointMasses2,Examples,ok,,,0
Modelica.Mechanics.MultiBody.Examples.Elementary.PointGravityWithPointMasses2.PointMass,Examples,ok,,,0
Modelica.Mechanics.MultiBody.Examples.Elementary.PointGravityWithPointMasses2.SystemWithStandardBodies,Examples,ok,,,0
Modelica.Mechanics.MultiBody.Examples.Elementary.PointGravityWithPointMasses2.SystemWithStandardBodies.PointMass,Examples,ok,,,0
Modelica.Mechanics.MultiBody.Examples.Elementary.RollingWheel,Examples,ok,,,0
Modelica.Mechanics.MultiBody.Examples.Elementary.RollingWheelSetDriving,Examples,ok,,,0
Modelica.Mechanics.MultiBody.Examples.Elementary.RollingWheelSetPulling,Examples,ok,,,0
Modelica.Mechanics.MultiBody.Examples.Elementary.SpringDamperSystem,Examples,ok,,,0
Modelica.Mechanics.MultiBody.Examples.Elementary.SpringMassSystem,Examples,ok,,,0
Modelica.Mechanics.MultiBody.Examples.Elementary.SpringWithMass,Examples,ok,,,0
Modelica.Mechanics.MultiBody.Examples.Elementary.Surfaces,Examples,ok,,,0
Modelica.Mechanics.MultiBody.Examples.Elementary.ThreeSprings,Examples,ok,,,0
Modelica.Mechanics.MultiBody.Examples.Elementary.UserDefinedGravityField,Examples,ok,,,0
Modelica.Mechanics.MultiBody.Examples.Loops.Engine1a,Examples,ok,,,0
Modelica.Mechanics.MultiBody.Examples.Loops.Engine1b,Examples,ok,,,0
Modelica.Mechanics.MultiBody.Examples.Loops.Engine1b_analytic,Examples,ok,,,0
Modelica.Mechanics.MultiBody.Examples.Loops.EngineV6_analytic,Examples,ok,,,0
Modelica.Mechanics.MultiBody.Examples.Loops.Fourbar1,Examples,ok,,,0
Modelica.Mechanics.MultiBody.Examples.Loops.Fourbar2,Examples,ok,,,0
Modelica.Mechanics.MultiBody.Examples.Loops.Fourbar_analytic,Examples,ok,,,0
Modelica.Mechanics.MultiBody.Examples.Loops.PlanarFourbar,Examples,ok,,,0
Modelica.Mechanics.MultiBody.Examples.Loops.PlanarLoops_analytic,Examples,ok,,,0
Modelica.Mechanics.MultiBody.Examples.Loops.Utilities.Cylinder,Examples,ok,,,0
Modelica.Mechanics.MultiBody.Examples.Loops.Utilities.CylinderBase,Examples,ok,,,0
Modelica.Mechanics.MultiBody.Examples.Loops.Utilities.Cylinder_analytic_CAD,Examples,ok,,,0
Modelica.Mechanics.MultiBody.Examples.Loops.Utilities.Engine1Base,Examples,ok,,,0
Modelica.Mechanics.MultiBody.Examples.Loops.Utilities.Engine1bBase,Examples,ok,,,0
Modelica.Mechanics.MultiBody.Examples.Loops.Utilities.EngineV6_analytic,Examples,ok,,,0
Modelica.Mechanics.MultiBody.Examples.Loops.Utilities.EngineV6_analytic.Cylinder,Examples,ok,,,0
Modelica.Mechanics.MultiBody.Examples.Loops.Utilities.GasForce2,Examples,ok,,,0
Modelica.Mechanics.MultiBody.Examples.Rotational3DEffects.ActuatedDrive,Examples,ok,,,0
Modelica.Mechanics.MultiBody.Examples.Rotational3DEffects.BevelGear1D,Examples,ok,,,0
Modelica.Mechanics.MultiBody.Examples.Rotational3DEffects.GearConstraint,Examples,ok,,,0
Modelica.Mechanics.MultiBody.Examples.Rotational3DEffects.GyroscopicEffects,Examples,ok,,,0
Modelica.Mechanics.MultiBody.Examples.Rotational3DEffects.MovingActuatedDrive,Examples,ok,,,0
Modelica.Mechanics.MultiBody.Examples.Systems.RobotR3.FullRobot,Examples,ok,,,0
Modelica.Mechanics.MultiBody.Examples.Systems.RobotR3.OneAxis,Examples,ok,,,0
Modelica.Mechanics.MultiBody.Examples.Systems.RobotR3.Utilities.AxisType1,Examples,ok,,,0
Modelica.Mechanics.MultiBody.Examples.Systems.RobotR3.Utilities.AxisType2,Examples,ok,,,0
Modelica.Mechanics.MultiBody.Examples.Systems.RobotR3.Utilities.Controller,Examples,ok,,,0
Modelica.Mechanics.MultiBody.Examples.Systems.RobotR3.Utilities.GearType1,Examples,ok,,,0
Modelica.Mechanics.MultiBody.Examples.Systems.RobotR3.Utilities.GearType2,Examples,ok,,,0
Modelica.Mechanics.MultiBody.Examples.Systems.RobotR3.Utilities.MechanicalStructure,Examples,ok,,,0
Modelica.Mechanics.MultiBody.Examples.Systems.RobotR3.Utilities.Motor,Examples,ok,,,0
Modelica.Mechanics.MultiBody.Examples.Systems.RobotR3.Utilities.PathPlanning1,Examples,ok,,,0
Modelica.Mechanics.MultiBody.Examples.Systems.RobotR3.Utilities.PathPlanning6,Examples,ok,,,0
Modelica.Mechanics.MultiBody.Examples.Systems.RobotR3.Utilities.PathToAxisControlBus,Examples,ok,,,0
Modelica.Mechanics.MultiBody.Forces.Damper,Component,ok,,,0
Modelica.Mechanics.MultiBody.Forces.Force,Component,ok,,,0
Modelica.Mechanics.MultiBody.Forces.ForceAndTorque,Component,ok,,,0
Modelica.Mechanics.MultiBody.Forces.Internal.BasicForce,Internal,ok,,,0
Modelica.Mechanics.MultiBody.Forces.Internal.BasicTorque,Internal,ok,,,0
Modelica.Mechanics.MultiBody.Forces.Internal.BasicWorldForce,Internal,ok,,,0
Modelica.Mechanics.MultiBody.Forces.Internal.BasicWorldTorque,Internal,ok,,,0
Modelica.Mechanics.MultiBody.Forces.Internal.ZeroForceAndTorque,Internal,ok,,,0
Modelica.Mechanics.MultiBody.Forces.LineForceWithMass,Component,ok,,,0
Modelica.Mechanics.MultiBody.Forces.LineForceWithTwoMasses,Component,ok,,,0
Modelica.Mechanics.MultiBody.Forces.Spring,Component,ok,,,0
Modelica.Mechanics.MultiBody.Forces.SpringDamperParallel,Component,ok,,,0
Modelica.Mechanics.MultiBody.Forces.SpringDamperSeries,Component,ok,,,0
Modelica.Mechanics.MultiBody.Forces.Torque,Component,ok,,,0
Modelica.Mechanics.MultiBody.Forces.WorldForce,Component,ok,,,0
Modelica.Mechanics.MultiBody.Forces.WorldForceAndTorque,Component,ok,,,0
Modelica.Mechanics.MultiBody.Forces.WorldTorque,Component,ok,,,0
Modelica.Mechanics.MultiBody.Icons.Surface,Icons,ok,,,0
Modelica.Mechanics.MultiBody.Interfaces.FlangeWithBearingAdaptor,Interfaces,ok,,,0
Modelica.Mechanics.MultiBody.Interfaces.LineForceBase,Interfaces,ok,,,0
Modelica.Mechanics.MultiBody.Interfaces.PartialAbsoluteSensor,Interfaces,ok,,,0
Modelica.Mechanics.MultiBody.Interfaces.PartialElementaryJoint,Interfaces,ok,,,0
Modelica.Mechanics.MultiBody.Interfaces.PartialForce,Interfaces,ok,,,0
Modelica.Mechanics.MultiBody.Interfaces.PartialLineForce,Interfaces,ok,,,0
Modelica.Mechanics.MultiBody.Interfaces.PartialOneFrame_a,Interfaces,ok,,,0
Modelica.Mechanics.MultiBody.Interfaces.PartialOneFrame_b,Interfaces,ok,,,0
Modelica.Mechanics.MultiBody.Interfaces.PartialRelativeSensor,Interfaces,ok,,,0
Modelica.Mechanics.MultiBody.Interfaces.PartialTwoFrames,Interfaces,ok,,,0
Modelica.Mechanics.MultiBody.Interfaces.PartialTwoFramesDoubleSize,Interfaces,ok,,,0
Modelica.Mechanics.MultiBody.Interfaces.PartialVisualizer,Interfaces,ok,,,0
Modelica.Mechanics.MultiBody.Interfaces.ZeroPosition,Interfaces,ok,,,0
Modelica.Mechanics.MultiBody.Joints.Assemblies.JointRRP,Component,ok,,,0
Modelica.Mechanics.MultiBody.Joints.Assemblies.JointRRR,Component,ok,,,0
Modelica.Mechanics.MultiBody.Joints.Assemblies.JointSSP,Component,ok,,,0
Modelica.Mechanics.MultiBody.Joints.Assemblies.JointSSR,Component,ok,,,0
Modelica.Mechanics.MultiBody.Joints.Assemblies.JointUPS,Component,ok,,,0
Modelica.Mechanics.MultiBody.Joints.Assemblies.JointUSP,Component,ok,,,0
Modelica.Mechanics.MultiBody.Joints.Assemblies.JointUSR,Component,ok,,,0
Modelica.Mechanics.MultiBody.Joints.Constraints.Prismatic,Component,ok,,,0
Modelica.Mechanics.MultiBody.Joints.Constraints.Revolute,Component,ok,,,0
Modelica.Mechanics.MultiBody.Joints.Constraints.Spherical,Component,ok,,,0
Modelica.Mechanics.MultiBody.Joints.Constraints.Universal,Component,ok,,,0
Modelica.Mechanics.MultiBody.Joints.Cylindrical,Component,ok,,,0
Modelica.Mechanics.MultiBody.Joints.FreeMotion,Component,ok,,,0
Modelica.Mechanics.MultiBody.Joints.FreeMotionScalarInit,Component,ok,,,0
Modelica.Mechanics.MultiBody.Joints.GearConstraint,Component,ok,,,0
Modelica.Mechanics.MultiBody.Joints.Internal.InitAngle,Internal,ok,,,0
Modelica.Mechanics.MultiBody.Joints.Internal.InitAngularVelocity,Internal,ok,,,0
Modelica.Mechanics.MultiBody.Joints.Internal.InitPosition,Internal,ok,,,0
Modelica.Mechanics.MultiBody.Joints.Internal.PrismaticWithLengthConstraint,Internal,ok,,,0
Modelica.Mechanics.MultiBody.Joints.Internal.RevoluteWithLengthConstraint,Internal,ok,,,0
Modelica.Mechanics.MultiBody.Joints.Internal.RollingConstraintVerticalWheel,Internal,ok,,,0
Modelica.Mechanics.MultiBody.Joints.Planar,Component,ok,,,0
Modelica.Mechanics.MultiBody.Joints.Prismatic,Component,ok,,,0
Modelica.Mechanics.MultiBody.Joints.Revolute,Component,ok,,,0
Modelica.Mechanics.MultiBody.Joints.RevolutePlanarLoopConstraint,Component,ok,,,0
Modelica.Mechanics.MultiBody.Joints.RollingWheel,Component,ok,,,0
Modelica.Mechanics.MultiBody.Joints.RollingWheelSet,Component,ok,,,0
Modelica.Mechanics.MultiBody.Joints.Spherical,Component,ok,,,0
Modelica.Mechanics.MultiBody.Joints.SphericalSpherical,Component,ok,,,0
Modelica.Mechanics.MultiBody.Joints.Universal,Component,ok,,,0
Modelica.Mechanics.MultiBody.Joints.UniversalSpherical,Component,ok,,,0
Modelica.Mechanics.MultiBody.Parts.BevelGear1D,Component,ok,,,0
Modelica.Mechanics.MultiBody.Parts.BevelGear1D.Housing,Component,ok,,,0
Modelica.Mechanics.MultiBody.Parts.Body,Component,ok,,,0
Modelica.Mechanics.MultiBody.Parts.BodyBox,Component,ok,,,0
Modelica.Mechanics.MultiBody.Parts.BodyCylinder,Component,ok,,,0
Modelica.Mechanics.MultiBody.Parts.BodyShape,Component,ok,,,0
Modelica.Mechanics.MultiBody.Parts.Fixed,Component,ok,,,0
Modelica.Mechanics.MultiBody.Parts.FixedRotation,Component,ok,,,0
Modelica.Mechanics.MultiBody.Parts.FixedTranslation,Component,ok,,,0
Modelica.Mechanics.MultiBody.Parts.Mounting1D,Component,ok,,,0
Modelica.Mechanics.MultiBody.Parts.Mounting1D.Housing,Component,ok,,,0
Modelica.Mechanics.MultiBody.Parts.PointMass,Component,ok,,,0
Modelica.Mechanics.MultiBody.Parts.RollingWheel,Component,ok,,,0
Modelica.Mechanics.MultiBody.Parts.RollingWheelSet,Component,ok,,,0
Modelica.Mechanics.MultiBody.Parts.Rotor1D,Component,ok,,,0
Modelica.Mechanics.MultiBody.Parts.Rotor1D.RotorWith3DEffects,Component,ok,,,0
Modelica.Mechanics.MultiBody.Sensors.AbsoluteAngles,Component,ok,,,0
Modelica.Mechanics.MultiBody.Sensors.AbsoluteAngularVelocity,Component,ok,,,0
Modelica.Mechanics.MultiBody.Sensors.AbsolutePosition,Component,ok,,,0
Modelica.Mechanics.MultiBody.Sensors.AbsoluteSensor,Component,ok,,,0
Modelica.Mechanics.MultiBody.Sensors.AbsoluteVelocity,Component,ok,,,0
Modelica.Mechanics.MultiBody.Sensors.CutForce,Component,ok,,,0
Modelica.Mechanics.MultiBody.Sensors.CutForceAndTorque,Component,ok,,,0
Modelica.Mechanics.MultiBody.Sensors.CutTorque,Component,ok,,,0
Modelica.Mechanics.MultiBody.Sensors.Distance,Component,ok,,,0
Modelica.Mechanics.MultiBody.Sensors.Internal.BasicAbsoluteAngularVelocity,Internal,ok,,,0
Modelica.Mechanics.MultiBody.Sensors.Internal.BasicAbsolutePosition,Internal,ok,,,0
Modelica.Mechanics.MultiBody.Sensors.Internal.BasicCutForce,Internal,ok,,,0
Modelica.Mechanics.MultiBody.Sensors.Internal.BasicCutTorque,Internal,ok,,,0
Modelica.Mechanics.MultiBody.Sensors.Internal.BasicRelativeAngularVelocity,Internal,ok,,,0
Modelica.Mechanics.MultiBody.Sensors.Internal.BasicRelativePosition,Internal,ok,,,0
Modelica.Mechanics.MultiBody.Sensors.Internal.BasicTransformAbsoluteVector,Internal,ok,,,0
Modelica.Mechanics.MultiBody.Sensors.Internal.BasicTransformRelativeVector,Internal,ok,,,0
Modelica.Mechanics.MultiBody.Sensors.Internal.PartialAbsoluteBaseSensor,Internal,ok,,,0
Modelica.Mechanics.MultiBody.Sensors.Internal.PartialAbsoluteSensor,Internal,ok,,,0
Modelica.Mechanics.MultiBody.Sensors.Internal.PartialCutForceBaseSensor,Internal,ok,,,0
Modelica.Mechanics.MultiBody.Sensors.Internal.PartialCutForceSensor,Internal,ok,,,0
Modelica.Mechanics.MultiBody.Sensors.Internal.PartialRelativeBaseSensor,Internal,ok,,,0
Modelica.Mechanics.MultiBody.Sensors.Internal.PartialRelativeSensor,Internal,ok,,,0
Modelica.Mechanics.MultiBody.Sensors.Power,Component,ok,,,0
Modelica.Mechanics.MultiBody.Sensors.RelativeAngles,Component,ok,,,0
Modelica.Mechanics.MultiBody.Sensors.RelativeAngularVelocity,Component,ok,,,0
Modelica.Mechanics.MultiBody.Sensors.RelativePosition,Component,ok,,,0
Modelica.Mechanics.MultiBody.Sensors.RelativeSensor,Component,ok,,,0
Modelica.Mechanics.MultiBody.Sensors.RelativeVelocity,Component,ok,,,0
Modelica.Mechanics.MultiBody.Sensors.TransformAbsoluteVector,Component,ok,,,0
Modelica.Mechanics.MultiBody.Sensors.TransformRelativeVector,Component,ok,,,0
Modelica.Mechanics.MultiBody.UsersGuide.Contact,Component,ok,,,0
Modelica.Mechanics.MultiBody.UsersGuide.Literature,Component,ok,,,0
Modelica.Mechanics.MultiBody.UsersGuide.Tutorial.ConnectionOfLineForces,Component,ok,,,0
Modelica.Mechanics.MultiBody.UsersGuide.Tutorial.FirstExample,Component,ok,,,0
Modelica.Mechanics.MultiBody.UsersGuide.Tutorial.LoopStructures.AnalyticLoopHandling,Component,ok,,,0
Modelica.Mechanics.MultiBody.UsersGuide.Tutorial.LoopStructures.Introduction,Component,ok,,,0
Modelica.Mechanics.MultiBody.UsersGuide.Tutorial.LoopStructures.PlanarLoops,Component,ok,,,0
Modelica.Mechanics.MultiBody.UsersGuide.Tutorial.OverView,Component,ok,,,0
Modelica.Mechanics.MultiBody.Visualizers.Advanced.Arrow,Component,ok,,,0
Modelica.Mechanics.MultiBody.Visualizers.Advanced.DoubleArrow,Component,ok,,,0
Modelica.Mechanics.MultiBody.Visualizers.Advanced.PipeWithScalarField,Component,ok,,,0
Modelica.Mechanics.MultiBody.Visualizers.Advanced.Shape,Component,ok,,,0
Modelica.Mechanics.MultiBody.Visualizers.Advanced.Surface,Component,ok,,,0
Modelica.Mechanics.MultiBody.Visualizers.Advanced.Vector,Component,ok,,,0
Modelica.Mechanics.MultiBody.Visualizers.FixedArrow,Component,ok,,,0
Modelica.Mechanics.MultiBody.Visualizers.FixedFrame,Component,ok,,,0
Modelica.Mechanics.MultiBody.Visualizers.FixedShape,Component,ok,,,0
Modelica.Mechanics.MultiBody.Visualizers.FixedShape2,Component,ok,,,0
Modelica.Mechanics.MultiBody.Visualizers.Internal.FixedLines,Internal,ok,,,0
Modelica.Mechanics.MultiBody.Visualizers.Internal.Lines,Internal,ok,,,0
Modelica.Mechanics.MultiBody.Visualizers.PipeWithScalarField,Component,ok,,,0
Modelica.Mechanics.MultiBody.Visualizers.Rectangle,Component,ok,,,0
Modelica.Mechanics.MultiBody.Visualizers.SignalArrow,Component,ok,,,0
Modelica.Mechanics.MultiBody.Visualizers.Torus,Component,ok,,,0
Modelica.Mechanics.MultiBody.Visualizers.VoluminousWheel,Component,ok,,,0
Modelica.Mechanics.MultiBody.World,Component,ok,,,0
Modelica.Mechanics.Rotational.Components.AngleToTorqueAdaptor,Component,ok,,,0
Modelica.Mechanics.Rotational.Components.AngleToTorqueAdaptor.Move_phi,Component,ok,,,0
Modelica.Mechanics.Rotational.Components.AngleToTorqueAdaptor.Move_w,Component,ok,,,0
Modelica.Mechanics.Rotational.Components.BearingFriction,Component,ok,,,0
Modelica.Mechanics.Rotational.Components.Brake,Component,ok,,,0
Modelica.Mechanics.Rotational.Components.Clutch,Component,ok,,,0
Modelica.Mechanics.Rotational.Components.Damper,Component,ok,,,0
Modelica.Mechanics.Rotational.Components.Disc,Component,ok,,,0
Modelica.Mechanics.Rotational.Components.ElastoBacklash,Component,ok,,,0
Modelica.Mechanics.Rotational.Components.ElastoBacklash2,Component,ok,,,0
Modelica.Mechanics.Rotational.Components.Fixed,Component,ok,,,0
Modelica.Mechanics.Rotational.Components.Gearbox,Component,ok,,,0
Modelica.Mechanics.Rotational.Components.GeneralAngleToTorqueAdaptor,Component,ok,,,0
Modelica.Mechanics.Rotational.Components.GeneralTorqueToAngleAdaptor,Component,ok,,,0
Modelica.Mechanics.Rotational.Components.IdealGear,Component,ok,,,0
Modelica.Mechanics.Rotational.Components.IdealGearR2T,Component,ok,,,0
Modelica.Mechanics.Rotational.Components.IdealPlanetary,Component,ok,,,0
Modelica.Mechanics.Rotational.Components.IdealRollingWheel,Component,ok,,,0
Modelica.Mechanics.Rotational.Components.Inertia,Component,ok,,,0
Modelica.Mechanics.Rotational.Components.InitializeFlange,Component,ok,,,0
Modelica.Mechanics.Rotational.Components.InitializeFlange.Set_a_start,Component,ok,,,0
Modelica.Mechanics.Rotational.Components.InitializeFlange.Set_flange_tau,Component,ok,,,0
Modelica.Mechanics.Rotational.Components.InitializeFlange.Set_phi_start,Component,ok,,,0
Modelica.Mechanics.Rotational.Components.InitializeFlange.Set_w_start,Component,ok,,,0
Modelica.Mechanics.Rotational.Components.LossyGear,Component,ok,,,0
Modelica.Mechanics.Rotational.Components.OneWayClutch,Component,ok,,,0
Modelica.Mechanics.Rotational.Components.RelativeStates,Component,ok,,,0
Modelica.Mechanics.Rotational.Components.Spring,Component,ok,,,0
Modelica.Mechanics.Rotational.Components.SpringDamper,Component,ok,,,0
Modelica.Mechanics.Rotational.Components.TorqueToAngleAdaptor,Component,ok,,,0
Modelica.Mechanics.Rotational.Examples.Backlash,Examples,ok,,,0
Modelica.Mechanics.Rotational.Examples.CompareBrakingTorque,Examples,ok,,,0
Modelica.Mechanics.Rotational.Examples.CoupledClutches,Examples,ok,,,0
Modelica.Mechanics.Rotational.Examples.EddyCurrentBrake,Examples,ok,,,0
Modelica.Mechanics.Rotational.Examples.ElasticBearing,Examples,ok,,,0
Modelica.Mechanics.Rotational.Examples.First,Examples,ok,,,0
Modelica.Mechanics.Rotational.Examples.FirstGrounded,Examples,ok,,,0
Modelica.Mechanics.Rotational.Examples.Friction,Examples,ok,,,0
Modelica.Mechanics.Rotational.Examples.GenerationOfFMUs,Examples,ok,,,0
Modelica.Mechanics.Rotational.Examples.HeatLosses,Examples,ok,,,0
Modelica.Mechanics.Rotational.Examples.LossyGearDemo1,Examples,ok,,,0
Modelica.Mechanics.Rotational.Examples.LossyGearDemo2,Examples,ok,,,0
Modelica.Mechanics.Rotational.Examples.LossyGearDemo3,Examples,ok,,,0
Modelica.Mechanics.Rotational.Examples.OneWayClutch,Examples,ok,,,0
Modelica.Mechanics.Rotational.Examples.OneWayClutchDisengaged,Examples,ok,,,0
Modelica.Mechanics.Rotational.Examples.RollingWheel,Examples,ok,,,0
Modelica.Mechanics.Rotational.Examples.SimpleGearShift,Examples,ok,,,0
Modelica.Mechanics.Rotational.Examples.Utilities.DirectInertia,Examples,ok,,,0
Modelica.Mechanics.Rotational.Examples.Utilities.InverseInertia,Examples,ok,,,0
Modelica.Mechanics.Rotational.Examples.Utilities.Spring,Examples,ok,,,0
Modelica.Mechanics.Rotational.Examples.Utilities.SpringDamper,Examples,ok,,,0
Modelica.Mechanics.Rotational.Examples.Utilities.SpringDamperNoRelativeStates,Examples,ok,,,0
Modelica.Mechanics.Rotational.Icons.Clutch,Icons,ok,,,0
Modelica.Mechanics.Rotational.Icons.Gear,Icons,ok,,,0
Modelica.Mechanics.Rotational.Icons.Gearbox,Icons,ok,,,0
Modelica.Mechanics.Rotational.Interfaces.InternalSupport,Interfaces,ok,,,0
Modelica.Mechanics.Rotational.Interfaces.PartialAbsoluteSensor,Interfaces,ok,,,0
Modelica.Mechanics.Rotational.Interfaces.PartialCompliant,Interfaces,ok,,,0
Modelica.Mechanics.Rotational.Interfaces.PartialCompliantWithRelativeStates,Interfaces,ok,,,0
Modelica.Mechanics.Rotational.Interfaces.PartialElementaryOneFlangeAndSupport2,Interfaces,ok,,,0
Modelica.Mechanics.Rotational.Interfaces.PartialElementaryRotationalToTranslational,Interfaces,ok,,,0
Modelica.Mechanics.Rotational.Interfaces.PartialElementaryTwoFlangesAndSupport2,Interfaces,ok,,,0
Modelica.Mechanics.Rotational.Interfaces.PartialFriction,Interfaces,ok,,,0
Modelica.Mechanics.Rotational.Interfaces.PartialOneFlangeAndSupport,Interfaces,ok,,,0
Modelica.Mechanics.Rotational.Interfaces.PartialRelativeSensor,Interfaces,ok,,,0
Modelica.Mechanics.Rotational.Interfaces.PartialTorque,Interfaces,ok,,,0
Modelica.Mechanics.Rotational.Interfaces.PartialTwoFlanges,Interfaces,ok,,,0
Modelica.Mechanics.Rotational.Interfaces.PartialTwoFlangesAndSupport,Interfaces,ok,,,0
Modelica.Mechanics.Rotational.Sensors.AccSensor,Component,ok,,,0
Modelica.Mechanics.Rotational.Sensors.AngleSensor,Component,ok,,,0
Modelica.Mechanics.Rotational.Sensors.MultiSensor,Component,ok,,,0
Modelica.Mechanics.Rotational.Sensors.PowerSensor,Component,ok,,,0
Modelica.Mechanics.Rotational.Sensors.RelAccSensor,Component,ok,,,0
Modelica.Mechanics.Rotational.Sensors.RelAngleSensor,Component,ok,,,0
Modelica.Mechanics.Rotational.Sensors.RelSpeedSensor,Component,ok,,,0
Modelica.Mechanics.Rotational.Sensors.SpeedSensor,Component,ok,,,0
Modelica.Mechanics.Rotational.Sensors.TorqueSensor,Component,ok,,,0
Modelica.Mechanics.Rotational.Sources.Accelerate,Component,ok,,,0
Modelica.Mechanics.Rotational.Sources.ConstantSpeed,Component,ok,,,0
Modelica.Mechanics.Rotational.Sources.ConstantTorque,Component,ok,,,0
Modelica.Mechanics.Rotational.Sources.EddyCurrentTorque,Component,ok,,,0
Modelica.Mechanics.Rotational.Sources.InverseSpeedDependentTorque,Component,ok,,,0
Modelica.Mechanics.Rotational.Sources.LinearSpeedDependentTorque,Component,ok,,,0
Modelica.Mechanics.Rotational.Sources.Move,Component,ok,,,0
Modelica.Mechanics.Rotational.Sources.Position,Component,ok,,,0
Modelica.Mechanics.Rotational.Sources.QuadraticSpeedDependentTorque,Component,ok,,,0
Modelica.Mechanics.Rotational.Sources.SignTorque,Component,ok,,,0
Modelica.Mechanics.Rotational.Sources.Speed,Component,ok,,,0
Modelica.Mechanics.Rotational.Sources.Torque,Component,ok,,,0
Modelica.Mechanics.Rotational.Sources.Torque2,Component,ok,,,0
Modelica.Mechanics.Rotational.Sources.TorqueStep,Component,ok,,,0
Modelica.Mechanics.Rotational.UsersGuide.Contact,Component,ok,,,0
Modelica.Mechanics.Rotational.UsersGuide.FlangeConnectors,Component,ok,,,0
Modelica.Mechanics.Rotational.UsersGuide.ModelingOfFriction,Component,ok,,,0
Modelica.Mechanics.Rotational.UsersGuide.Overview,Component,ok,,,0
Modelica.Mechanics.Rotational.UsersGuide.References,Component,ok,,,0
Modelica.Mechanics.Rotational.UsersGuide.RequirementsForSimulationTool,Component,ok,,,0
Modelica.Mechanics.Rotational.UsersGuide.SignConventions,Component,ok,,,0
Modelica.Mechanics.Rotational.UsersGuide.StateSelection,Component,ok,,,0
Modelica.Mechanics.Rotational.UsersGuide.SupportTorques,Component,ok,,,0
Modelica.Mechanics.Rotational.UsersGuide.UserDefinedComponents,Component,ok,,,0
Modelica.Mechanics.Translational.Components.Brake,Component,ok,,,0
Modelica.Mechanics.Translational.Components.Damper,Component,ok,,,0
Modelica.Mechanics.Translational.Components.ElastoGap,Component,ok,,,0
Modelica.Mechanics.Translational.Components.Fixed,Component,ok,,,0
Modelica.Mechanics.Translational.Components.GeneralForceToPositionAdaptor,Component,ok,,,0
Modelica.Mechanics.Translational.Components.GeneralPositionToForceAdaptor,Component,ok,,,0
Modelica.Mechanics.Translational.Components.IdealGearR2T,Component,ok,,,0
Modelica.Mechanics.Translational.Components.IdealRollingWheel,Component,ok,,,0
Modelica.Mechanics.Translational.Components.InitializeFlange,Component,ok,,,0
Modelica.Mechanics.Translational.Components.InitializeFlange.Set_a_start,Component,ok,,,0
Modelica.Mechanics.Translational.Components.InitializeFlange.Set_flange_f,Component,ok,,,0
Modelica.Mechanics.Translational.Components.InitializeFlange.Set_s_start,Component,ok,,,0
Modelica.Mechanics.Translational.Components.InitializeFlange.Set_v_start,Component,ok,,,0
Modelica.Mechanics.Translational.Components.Mass,Component,ok,,,0
Modelica.Mechanics.Translational.Components.MassWithStopAndFriction,Component,ok,,,0
Modelica.Mechanics.Translational.Components.MassWithStopAndFriction.PartialFrictionWithStop,Component,ok,,,0
Modelica.Mechanics.Translational.Components.RelativeStates,Component,ok,,,0
Modelica.Mechanics.Translational.Components.Rod,Component,ok,,,0
Modelica.Mechanics.Translational.Components.RollingResistance,Component,ok,,,0
Modelica.Mechanics.Translational.Components.Spring,Component,ok,,,0
Modelica.Mechanics.Translational.Components.SpringDamper,Component,ok,,,0
Modelica.Mechanics.Translational.Components.SupportFriction,Component,ok,,,0
Modelica.Mechanics.Translational.Components.Vehicle,Component,ok,,,0
Modelica.Mechanics.Translational.Examples.Accelerate,Examples,ok,,,0
Modelica.Mechanics.Translational.Examples.Brake,Examples,ok,,,0
Modelica.Mechanics.Translational.Examples.CompareBrakingForce,Examples,ok,,,0
Modelica.Mechanics.Translational.Examples.Damper,Examples,ok,,,0
Modelica.Mechanics.Translational.Examples.EddyCurrentBrake,Examples,ok,,,0
Modelica.Mechanics.Translational.Examples.ElastoGap,Examples,ok,,,0
Modelica.Mechanics.Translational.Examples.Friction,Examples,ok,,,0
Modelica.Mechanics.Translational.Examples.GenerationOfFMUs,Examples,ok,,,0
Modelica.Mechanics.Translational.Examples.HeatLosses,Examples,ok,,,0
Modelica.Mechanics.Translational.Examples.InitialConditions,Examples,ok,,,0
Modelica.Mechanics.Translational.Examples.Oscillator,Examples,ok,,,0
Modelica.Mechanics.Translational.Examples.PreLoad,Examples,ok,,,0
Modelica.Mechanics.Translational.Examples.Sensors,Examples,ok,,,0
Modelica.Mechanics.Translational.Examples.SignConvention,Examples,ok,,,0
Modelica.Mechanics.Translational.Examples.Utilities.DirectMass,Examples,ok,,,0
Modelica.Mechanics.Translational.Examples.Utilities.InverseMass,Examples,ok,,,0
Modelica.Mechanics.Translational.Examples.Utilities.Spring,Examples,ok,,,0
Modelica.Mechanics.Translational.Examples.Utilities.SpringDamper,Examples,ok,,,0
Modelica.Mechanics.Translational.Examples.Utilities.SpringDamperNoRelativeStates,Examples,ok,,,0
Modelica.Mechanics.Translational.Examples.Vehicle,Examples,ok,,,0
Modelica.Mechanics.Translational.Examples.WhyArrows,Examples,ok,,,0
Modelica.Mechanics.Translational.Interfaces.InternalSupport,Interfaces,ok,,,0
Modelica.Mechanics.Translational.Interfaces.PartialAbsoluteSensor,Interfaces,ok,,,0
Modelica.Mechanics.Translational.Interfaces.PartialCompliant,Interfaces,ok,,,0
Modelica.Mechanics.Translational.Interfaces.PartialCompliantWithRelativeStates,Interfaces,ok,,,0
Modelica.Mechanics.Translational.Interfaces.PartialElementaryOneFlangeAndSupport2,Interfaces,ok,,,0
Modelica.Mechanics.Translational.Interfaces.PartialElementaryRotationalToTranslational,Interfaces,ok,,,0
Modelica.Mechanics.Translational.Interfaces.PartialElementaryTwoFlangesAndSupport2,Interfaces,ok,,,0
Modelica.Mechanics.Translational.Interfaces.PartialForce,Interfaces,ok,,,0
Modelica.Mechanics.Translational.Interfaces.PartialFriction,Interfaces,ok,,,0
Modelica.Mechanics.Translational.Interfaces.PartialOneFlangeAndSupport,Interfaces,ok,,,0
Modelica.Mechanics.Translational.Interfaces.PartialRelativeSensor,Interfaces,ok,,,0
Modelica.Mechanics.Translational.Interfaces.PartialRigid,Interfaces,ok,,,0
Modelica.Mechanics.Translational.Interfaces.PartialTwoFlanges,Interfaces,ok,,,0
Modelica.Mechanics.Translational.Interfaces.PartialTwoFlangesAndSupport,Interfaces,ok,,,0
Modelica.Mechanics.Translational.Sensors.AccSensor,Component,ok,,,0
Modelica.Mechanics.Translational.Sensors.ForceSensor,Component,ok,,,0
Modelica.Mechanics.Translational.Sensors.MultiSensor,Component,ok,,,0
Modelica.Mechanics.Translational.Sensors.PositionSensor,Component,ok,,,0
Modelica.Mechanics.Translational.Sensors.PowerSensor,Component,ok,,,0
Modelica.Mechanics.Translational.Sensors.RelAccSensor,Component,ok,,,0
Modelica.Mechanics.Translational.Sensors.RelPositionSensor,Component,ok,,,0
Modelica.Mechanics.Translational.Sensors.RelSpeedSensor,Component,ok,,,0
Modelica.Mechanics.Translational.Sensors.SpeedSensor,Component,ok,,,0
Modelica.Mechanics.Translational.Sources.Accelerate,Component,ok,,,0
Modelica.Mechanics.Translational.Sources.ConstantForce,Component,ok,,,0
Modelica.Mechanics.Translational.Sources.ConstantSpeed,Component,ok,,,0
Modelica.Mechanics.Translational.Sources.EddyCurrentForce,Component,ok,,,0
Modelica.Mechanics.Translational.Sources.Force,Component,ok,,,0
Modelica.Mechanics.Translational.Sources.Force2,Component,ok,,,0
Modelica.Mechanics.Translational.Sources.ForceStep,Component,ok,,,0
Modelica.Mechanics.Translational.Sources.InverseSpeedDependentForce,Component,ok,,,0
Modelica.Mechanics.Translational.Sources.LinearSpeedDependentForce,Component,ok,,,0
Modelica.Mechanics.Translational.Sources.Move,Component,ok,,,0
Modelica.Mechanics.Translational.Sources.Position,Component,ok,,,0
Modelica.Mechanics.Translational.Sources.QuadraticSpeedDependentForce,Component,ok,,,0
Modelica.Mechanics.Translational.Sources.SignForce,Component,ok,,,0
Modelica.Mechanics.Translational.Sources.Speed,Component,ok,,,0
Modelica.Mechanics.Translational.UsersGuide.Contact,Component,ok,,,0
Modelica.Mechanics.Translational.UsersGuide.FlangeConnectors,Component,ok,,,0
Modelica.Mechanics.Translational.UsersGuide.Overview,Component,ok,,,0
Modelica.Mechanics.Translational.UsersGuide.SignConventions,Component,ok,,,0
Modelica.Mechanics.Translational.UsersGuide.StateSelection,Component,ok,,,0
Modelica.Mechanics.Translational.UsersGuide.SupportForces,Component,ok,,,0
Modelica.Mechanics.Translational.UsersGuide.UserDefinedComponents,Component,ok,,,0
Modelica.Media.Air.MoistAir.BaseProperties,Component,ok,,,0
Modelica.Media.Air.ReferenceAir.Air_Base.BaseProperties,Component,ok,,,0
Modelica.Media.Air.ReferenceMoistAir.BaseProperties,Component,ok,,,0
Modelica.Media.Examples.IdealGasH2O,Examples,ok,,,0
Modelica.Media.Examples.MixtureGases,Examples,ok,,,0
Modelica.Media.Examples.MoistAir,Examples,ok,,,0
Modelica.Media.Examples.PsychrometricData,Examples,ok,,,0
Modelica.Media.Examples.R134a.R134a1,Examples,ok,,,0
Modelica.Media.Examples.R134a.R134a2,Examples,ok,,,0
Modelica.Media.Examples.ReferenceAir.DryAir1,Examples,ok,,,0
Modelica.Media.Examples.ReferenceAir.DryAir2,Examples,ok,,,0
Modelica.Media.Examples.ReferenceAir.Inverse_sh_T,Examples,ok,,,0
Modelica.Media.Examples.ReferenceAir.Inverse_sh_TX,Examples,ok,,,0
Modelica.Media.Examples.ReferenceAir.MoistAir,Examples,ok,,,0
Modelica.Media.Examples.ReferenceAir.MoistAir1,Examples,ok,,,0
Modelica.Media.Examples.ReferenceAir.MoistAir2,Examples,ok,,,0
Modelica.Media.Examples.SimpleLiquidWater,Examples,ok,,,0
Modelica.Media.Examples.SolveOneNonlinearEquation.InverseIncompressible_sh_T,Examples,ok,,,0
Modelica.Media.Examples.SolveOneNonlinearEquation.Inverse_sh_T,Examples,ok,,,0
Modelica.Media.Examples.SolveOneNonlinearEquation.Inverse_sh_TX,Examples,ok,,,0
Modelica.Media.Examples.SolveOneNonlinearEquation.Inverse_sine,Examples,ok,,,0
Modelica.Media.Examples.TwoPhaseWater.BaseProperties,Examples,ok,,,0
Modelica.Media.Examples.TwoPhaseWater.ExtendedProperties,Examples,ok,,,0
Modelica.Media.Examples.TwoPhaseWater.TestTwoPhaseStates,Examples,ok,,,0
Modelica.Media.Examples.Utilities.FixedAmbient,Examples,ok,,,0
Modelica.Media.Examples.Utilities.FixedMassFlowRate,Examples,ok,,,0
Modelica.Media.Examples.Utilities.PartialTestModel,Examples,ok,,,0
Modelica.Media.Examples.Utilities.PartialTestModel2,Examples,ok,,,0
Modelica.Media.Examples.Utilities.PortVolume,Examples,ok,,,0
Modelica.Media.Examples.Utilities.ShortPipe,Examples,ok,,,0
Modelica.Media.Examples.WaterIF97,Examples,ok,,,0
Modelica.Media.IdealGases.Common.MixtureGasNasa.BaseProperties,Component,ok,,,0
Modelica.Media.IdealGases.Common.SingleGasNasa.BaseProperties,Component,ok,,,0
Modelica.Media.Incompressible.Examples.TestGlycol,Examples,ok,,,0
Modelica.Media.Incompressible.TableBased.BaseProperties,Component,ok,,,0
Modelica.Media.Interfaces.PartialLinearFluid.BaseProperties,Interfaces,ok,,,0
Modelica.Media.Interfaces.PartialMedium.BaseProperties,Interfaces,ok,,,0
Modelica.Media.Interfaces.PartialPureSubstance.BaseProperties,Interfaces,ok,,,0
Modelica.Media.Interfaces.PartialSimpleIdealGasMedium.BaseProperties,Interfaces,ok,,,0
Modelica.Media.Interfaces.PartialSimpleMedium.BaseProperties,Interfaces,ok,,,0
Modelica.Media.Interfaces.PartialTwoPhaseMedium.BaseProperties,Interfaces,ok,,,0
Modelica.Media.Interfaces.TemplateMedium.BaseProperties,Interfaces,ok,,,0
Modelica.Media.R134a.R134a_ph.BaseProperties,Component,ok,,,0
Modelica.Media.UsersGuide.Contact,Component,ok,,,0
Modelica.Media.UsersGuide.MediumDefinition.BasicDefinition,Component,ok,,,0
Modelica.Media.UsersGuide.MediumDefinition.BasicStructure,Component,ok,,,0
Modelica.Media.UsersGuide.MediumDefinition.MultipleSubstances,Component,ok,,,0
Modelica.Media.UsersGuide.MediumDefinition.SpecificEnthalpyAsFunction,Component,ok,,,0
Modelica.Media.UsersGuide.MediumDefinition.StaticStateSelection,Component,ok,,,0
Modelica.Media.UsersGuide.MediumDefinition.TestOfMedium,Component,ok,,,0
Modelica.Media.UsersGuide.MediumUsage.BalanceVolume,Component,ok,,,0
Modelica.Media.UsersGuide.MediumUsage.BasicUsage,Component,ok,,,0
Modelica.Media.UsersGuide.MediumUsage.Constants,Component,ok,,,0
Modelica.Media.UsersGuide.MediumUsage.Initialization,Component,ok,,,0
Modelica.Media.UsersGuide.MediumUsage.OptionalProperties,Component,ok,,,0
Modelica.Media.UsersGuide.MediumUsage.ShortPipe,Component,ok,,,0
Modelica.Media.UsersGuide.MediumUsage.TwoPhase,Component,ok,,,0
Modelica.Media.UsersGuide.ReleaseNotes,Component,ok,,,0
Modelica.Media.Water.WaterIF97_base.BaseProperties,Component,ok,,,0
Modelica.StateGraph.Alternative,Component,ok,,,0
Modelica.StateGraph.Examples.ControlledTanks,Examples,ok,,,0
Modelica.StateGraph.Examples.ExecutionPaths,Examples,ok,,,0
Modelica.StateGraph.Examples.FirstExample,Examples,ok,,,0
Modelica.StateGraph.Examples.FirstExample_Variant2,Examples,ok,,,0
Modelica.StateGraph.Examples.FirstExample_Variant3,Examples,ok,,,0
Modelica.StateGraph.Examples.ShowCompositeStep,Examples,ok,,,0
Modelica.StateGraph.Examples.ShowExceptions,Examples,ok,,,0
Modelica.StateGraph.Examples.Utilities.CompositeStep,Examples,ok,,,0
Modelica.StateGraph.Examples.Utilities.CompositeStep1,Examples,ok,,,0
Modelica.StateGraph.Examples.Utilities.CompositeStep2,Examples,ok,,,0
Modelica.StateGraph.Examples.Utilities.MakeProduct,Examples,ok,,,0
Modelica.StateGraph.Examples.Utilities.Source,Examples,ok,,,0
Modelica.StateGraph.Examples.Utilities.Tank,Examples,ok,,,0
Modelica.StateGraph.Examples.Utilities.TankController,Examples,ok,,,0
Modelica.StateGraph.Examples.Utilities.valve,Examples,ok,,,0
Modelica.StateGraph.InitialStep,Component,ok,,,0
Modelica.StateGraph.InitialStepWithSignal,Component,ok,,,0
Modelica.StateGraph.Interfaces.CompositeStepState,Interfaces,ok,,,0
Modelica.StateGraph.Interfaces.PartialStateGraphIcon,Interfaces,ok,,,0
Modelica.StateGraph.Interfaces.PartialStep,Interfaces,ok,,,0
Modelica.StateGraph.Interfaces.PartialStep.OuterStatePort,Interfaces,ok,,,0
Modelica.StateGraph.Interfaces.PartialTransition,Interfaces,ok,,,0
Modelica.StateGraph.Parallel,Component,ok,,,0
Modelica.StateGraph.PartialCompositeStep,Component,ok,,,0
Modelica.StateGraph.PartialCompositeStep.InnerState,Component,ok,,,0
Modelica.StateGraph.PartialCompositeStep.OuterState,Component,ok,,,0
Modelica.StateGraph.StateGraphRoot,Component,ok,,,0
Modelica.StateGraph.Step,Component,ok,,,0
Modelica.StateGraph.StepWithSignal,Component,ok,,,0
Modelica.StateGraph.Transition,Component,ok,,,0
Modelica.StateGraph.TransitionWithSignal,Component,ok,,,0
Modelica.StateGraph.UsersGuide.ApplicationExample,Component,ok,,,0
Modelica.StateGraph.UsersGuide.ComparisonWithStateGraph2,Component,ok,,,0
Modelica.StateGraph.UsersGuide.Contact,Component,ok,,,0
Modelica.StateGraph.UsersGuide.FirstExample,Component,ok,,,0
Modelica.StateGraph.UsersGuide.Literature,Component,ok,,,0
Modelica.StateGraph.UsersGuide.OverView,Component,ok,,,0
Modelica.StateGraph.UsersGuide.ReleaseNotes,Component,ok,,,0
Modelica.Thermal.FluidHeatFlow.BaseClasses.SimpleFriction,BaseClasses,ok,,,0
Modelica.Thermal.FluidHeatFlow.BaseClasses.SinglePortBottom,BaseClasses,ok,,,0
Modelica.Thermal.FluidHeatFlow.BaseClasses.SinglePortLeft,BaseClasses,ok,,,0
Modelica.Thermal.FluidHeatFlow.BaseClasses.TwoPort,BaseClasses,ok,,,0
Modelica.Thermal.FluidHeatFlow.Components.Cylinder,Component,ok,,,0
Modelica.Thermal.FluidHeatFlow.Components.OneWayValve,Component,ok,,,0
Modelica.Thermal.FluidHeatFlow.Components.OpenTank,Component,ok,,,0
Modelica.Thermal.FluidHeatFlow.Components.Pipe,Component,ok,,,0
Modelica.Thermal.FluidHeatFlow.Components.Valve,Component,ok,,,0
Modelica.Thermal.FluidHeatFlow.Examples.IndirectCooling,Examples,ok,,,0
Modelica.Thermal.FluidHeatFlow.Examples.OneMass,Examples,ok,,,0
Modelica.Thermal.FluidHeatFlow.Examples.ParallelCooling,Examples,ok,,,0
Modelica.Thermal.FluidHeatFlow.Examples.ParallelPumpDropOut,Examples,ok,,,0
Modelica.Thermal.FluidHeatFlow.Examples.PumpAndValve,Examples,ok,,,0
Modelica.Thermal.FluidHeatFlow.Examples.PumpDropOut,Examples,ok,,,0
Modelica.Thermal.FluidHeatFlow.Examples.SimpleCooling,Examples,ok,,,0
Modelica.Thermal.FluidHeatFlow.Examples.TestCylinder,Examples,ok,,,0
Modelica.Thermal.FluidHeatFlow.Examples.TestOpenTank,Examples,ok,,,0
Modelica.Thermal.FluidHeatFlow.Examples.TwoMass,Examples,ok,,,0
Modelica.Thermal.FluidHeatFlow.Examples.TwoTanks,Examples,ok,,,0
Modelica.Thermal.FluidHeatFlow.Examples.Utilities.DoubleRamp,Examples,ok,,,0
Modelica.Thermal.FluidHeatFlow.Examples.WaterPump,Examples,ok,,,0
Modelica.Thermal.FluidHeatFlow.Interfaces.AbsoluteSensor,Interfaces,ok,,,0
Modelica.Thermal.FluidHeatFlow.Interfaces.FlowSensor,Interfaces,ok,,,0
Modelica.Thermal.FluidHeatFlow.Interfaces.RelativeSensor,Interfaces,ok,,,0
Modelica.Thermal.FluidHeatFlow.Interfaces.RelativeSensorBase,Interfaces,ok,,,0
Modelica.Thermal.FluidHeatFlow.Sensors.EnthalpyFlowSensor,Component,ok,,,0
Modelica.Thermal.FluidHeatFlow.Sensors.MassFlowSensor,Component,ok,,,0
Modelica.Thermal.FluidHeatFlow.Sensors.PressureSensor,Component,ok,,,0
Modelica.Thermal.FluidHeatFlow.Sensors.RelPressureSensor,Component,ok,,,0
Modelica.Thermal.FluidHeatFlow.Sensors.RelTemperatureSensor,Component,ok,,,0
Modelica.Thermal.FluidHeatFlow.Sensors.TemperatureSensor,Component,ok,,,0
Modelica.Thermal.FluidHeatFlow.Sensors.VolumeFlowSensor,Component,ok,,,0
Modelica.Thermal.FluidHeatFlow.Sources.AbsolutePressure,Component,ok,,,0
Modelica.Thermal.FluidHeatFlow.Sources.Ambient,Component,ok,,,0
Modelica.Thermal.FluidHeatFlow.Sources.IdealPump,Component,ok,,,0
Modelica.Thermal.FluidHeatFlow.Sources.PressureIncrease,Component,ok,,,0
Modelica.Thermal.FluidHeatFlow.Sources.VolumeFlow,Component,ok,,,0
Modelica.Thermal.FluidHeatFlow.UsersGuide.Contact,Component,ok,,,0
Modelica.Thermal.FluidHeatFlow.UsersGuide.ReleaseNotes,Component,ok,,,0
Modelica.Thermal.HeatTransfer.Celsius.FixedTemperature,Component,ok,,,0
Modelica.Thermal.HeatTransfer.Celsius.FromKelvin,Component,ok,,,0
Modelica.Thermal.HeatTransfer.Celsius.PrescribedTemperature,Component,ok,,,0
Modelica.Thermal.HeatTransfer.Celsius.TemperatureSensor,Component,ok,,,0
Modelica.Thermal.HeatTransfer.Celsius.ToKelvin,Component,ok,,,0
Modelica.Thermal.HeatTransfer.Components.BodyRadiation,Component,ok,,,0
Modelica.Thermal.HeatTransfer.Components.Convection,Component,ok,,,0
Modelica.Thermal.HeatTransfer.Components.ConvectiveResistor,Component,ok,,,0
Modelica.Thermal.HeatTransfer.Components.GeneralHeatFlowToTemperatureAdaptor,Component,ok,,,0
Modelica.Thermal.HeatTransfer.Components.GeneralTemperatureToHeatFlowAdaptor,Component,ok,,,0
Modelica.Thermal.HeatTransfer.Components.HeatCapacitor,Component,ok,,,0
Modelica.Thermal.HeatTransfer.Components.ThermalCollector,Component,ok,,,0
Modelica.Thermal.HeatTransfer.Components.ThermalCollectorMatrix,Component,ok,,,0
Modelica.Thermal.HeatTransfer.Components.ThermalConductor,Component,ok,,,0
Modelica.Thermal.HeatTransfer.Components.ThermalResistor,Component,ok,,,0
Modelica.Thermal.HeatTransfer.Examples.ControlledTemperature,Examples,ok,,,0
Modelica.Thermal.HeatTransfer.Examples.GenerationOfFMUs,Examples,ok,,,0
Modelica.Thermal.HeatTransfer.Examples.Motor,Examples,ok,,,0
Modelica.Thermal.HeatTransfer.Examples.TwoMasses,Examples,ok,,,0
Modelica.Thermal.HeatTransfer.Examples.Utilities.Conduction,Examples,ok,,,0
Modelica.Thermal.HeatTransfer.Examples.Utilities.DirectCapacity,Examples,ok,,,0
Modelica.Thermal.HeatTransfer.Examples.Utilities.InverseCapacity,Examples,ok,,,0
Modelica.Thermal.HeatTransfer.Fahrenheit.FixedTemperature,Component,ok,,,0
Modelica.Thermal.HeatTransfer.Fahrenheit.FromKelvin,Component,ok,,,0
Modelica.Thermal.HeatTransfer.Fahrenheit.PrescribedTemperature,Component,ok,,,0
Modelica.Thermal.HeatTransfer.Fahrenheit.TemperatureSensor,Component,ok,,,0
Modelica.Thermal.HeatTransfer.Fahrenheit.ToKelvin,Component,ok,,,0
Modelica.Thermal.HeatTransfer.Icons.Conversion,Icons,ok,,,0
Modelica.Thermal.HeatTransfer.Icons.FixedTemperature,Icons,ok,,,0
Modelica.Thermal.HeatTransfer.Icons.PrescribedTemperature,Icons,ok,,,0
Modelica.Thermal.HeatTransfer.Interfaces.Element1D,Interfaces,ok,,,0
Modelica.Thermal.HeatTransfer.Interfaces.PartialConditionalHeatPort,Interfaces,ok,,,0
Modelica.Thermal.HeatTransfer.Interfaces.PartialElementaryConditionalHeatPort,Interfaces,ok,,,0
Modelica.Thermal.HeatTransfer.Interfaces.PartialElementaryConditionalHeatPortWithoutT,Interfaces,ok,,,0
Modelica.Thermal.HeatTransfer.Rankine.FixedTemperature,Component,ok,,,0
Modelica.Thermal.HeatTransfer.Rankine.FromKelvin,Component,ok,,,0
Modelica.Thermal.HeatTransfer.Rankine.PrescribedTemperature,Component,ok,,,0
Modelica.Thermal.HeatTransfer.Rankine.TemperatureSensor,Component,ok,,,0
Modelica.Thermal.HeatTransfer.Rankine.ToKelvin,Component,ok,,,0
Modelica.Thermal.HeatTransfer.Sensors.ConditionalFixedHeatFlowSensor,Component,ok,,,0
Modelica.Thermal.HeatTransfer.Sensors.HeatFlowSensor,Component,ok,,,0
Modelica.Thermal.HeatTransfer.Sensors.RelTemperatureSensor,Component,ok,,,0
Modelica.Thermal.HeatTransfer.Sensors.TemperatureSensor,Component,ok,,,0
Modelica.Thermal.HeatTransfer.Sources.FixedHeatFlow,Component,ok,,,0
Modelica.Thermal.HeatTransfer.Sources.FixedTemperature,Component,ok,,,0
Modelica.Thermal.HeatTransfer.Sources.PrescribedHeatFlow,Component,ok,,,0
Modelica.Thermal.HeatTransfer.Sources.PrescribedTemperature,Component,ok,,,0
Modelica.Thermal.HeatTransfer.UsersGuide.Contact,Component,ok,,,0
Modelica.Thermal.HeatTransfer.UsersGuide.References,Component,ok,,,0
Modelica.Thermal.HeatTransfer.UsersGuide.ReleaseNotes,Component,ok,,,0
Modelica.Units.UsersGuide.Contact,Component,ok,,,0
Modelica.Units.UsersGuide.Conventions,Component,ok,,,0
Modelica.Units.UsersGuide.HowToUseUnits,Component,ok,,,0
Modelica.Units.UsersGuide.Literature,Component,ok,,,0
Modelica.UsersGuide.Connectors,Component,ok,,,0
Modelica.UsersGuide.Contact,Component,ok,,,0
Modelica.UsersGuide.Conventions.Documentation.Format.Cases,Component,ok,,,0
Modelica.UsersGuide.Conventions.Documentation.Format.Code,Component,ok,,,0
Modelica.UsersGuide.Conventions.Documentation.Format.Equations,Component,ok,,,0
Modelica.UsersGuide.Conventions.Documentation.Format.Figures,Component,ok,,,0
Modelica.UsersGuide.Conventions.Documentation.Format.Hyperlinks,Component,ok,,,0
Modelica.UsersGuide.Conventions.Documentation.Format.Lists,Component,ok,,,0
Modelica.UsersGuide.Conventions.Documentation.Format.References,Component,ok,,,0
Modelica.UsersGuide.Conventions.Documentation.Format.Tables,Component,ok,,,0
Modelica.UsersGuide.Conventions.Documentation.Structure,Component,ok,,,0
Modelica.UsersGuide.Conventions.Icons,Icons,ok,,,0
Modelica.UsersGuide.Conventions.ModelicaCode.Format,Component,ok,,,0
Modelica.UsersGuide.Conventions.ModelicaCode.Naming,Component,ok,,,0
Modelica.UsersGuide.Conventions.ModelicaCode.ParameterDefaults,Component,ok,,,0
Modelica.UsersGuide.Conventions.Terms.Electrical,Component,ok,,,0
Modelica.UsersGuide.Conventions.Terms.Magnetic,Component,ok,,,0
Modelica.UsersGuide.Conventions.UsersGuide.Contact,Component,ok,,,0
Modelica.UsersGuide.Conventions.UsersGuide.Implementation,Component,ok,,,0
Modelica.UsersGuide.Conventions.UsersGuide.References,Component,ok,,,0
Modelica.UsersGuide.Conventions.UsersGuide.RevisionHistory,Component,ok,,,0
Modelica.UsersGuide.Overview,Component,ok,,,0
Modelica.UsersGuide.ReleaseNotes.VersionManagement,Component,ok,,,0
Modelica.UsersGuide.ReleaseNotes.Version_1_4,Component,ok,,,0
Modelica.UsersGuide.ReleaseNotes.Version_1_5,Component,ok,,,0
Modelica.UsersGuide.ReleaseNotes.Version_1_6,Component,ok,,,0
Modelica.UsersGuide.ReleaseNotes.Version_2_1,Component,ok,,,0
Modelica.UsersGuide.ReleaseNotes.Version_2_2,Component,ok,,,0
Modelica.UsersGuide.ReleaseNotes.Version_2_2_1,Component,ok,,,0
Modelica.UsersGuide.ReleaseNotes.Version_2_2_2,Component,ok,,,0
Modelica.UsersGuide.ReleaseNotes.Version_3_0,Component,ok,,,0
Modelica.UsersGuide.ReleaseNotes.Version_3_0_1,Component,ok,,,0
Modelica.UsersGuide.ReleaseNotes.Version_3_1,Component,ok,,,0
Modelica.UsersGuide.ReleaseNotes.Version_3_2,Component,ok,,,0
Modelica.UsersGuide.ReleaseNotes.Version_3_2_1,Component,ok,,,0
Modelica.UsersGuide.ReleaseNotes.Version_3_2_2,Component,ok,,,0
Modelica.UsersGuide.ReleaseNotes.Version_3_2_3,Component,ok,,,0
Modelica.UsersGuide.ReleaseNotes.Version_4_0_0,Component,ok,,,0
Modelica.UsersGuide.ReleaseNotes.Version_4_1_0,Component,ok,,,0
Modelica.Utilities.Examples.ReadRealMatrixFromFile,Examples,ok,,,0
Modelica.Utilities.Examples.WriteRealMatrixToFile,Examples,ok,,,0
Modelica.Utilities.Examples.readRealParameterModel,Examples,ok,,,0
Modelica.Utilities.Internal.PartialModelicaServices.Animation.PartialShape,Internal,ok,,,0
Modelica.Utilities.Internal.PartialModelicaServices.Animation.PartialSurface,Internal,ok,,,0
Modelica.Utilities.Internal.PartialModelicaServices.Animation.PartialVector,Internal,ok,,,0
Modelica.Utilities.UsersGuide.Contact,Component,ok,,,0
Modelica.Utilities.UsersGuide.ImplementationNotes,Component,ok,,,0
Modelica.Utilities.UsersGuide.ReleaseNotes,Component,ok,,,0
ModelicaServices.Animation.Shape,Component,ok,,,0
ModelicaServices.Animation.Surface,Component,ok,,,0
ModelicaServices.Animation.Vector,Component,ok,,,0
ModelicaServices.UsersGuide.Contact,Component,ok,,,0
ModelicaServices.UsersGuide.ReleaseNotes,Component,ok,,,0
