name,kind,outcome,message,package,secs,n_equations,n_states,n_algebraic,n_discrete,n_parameters,structural,index_reduced,n_blocks,n_coupled,largest_coupled,n_connect_eq,n_flow_eq,n_event_eq,has_arrays,max_depth,n_functions
Modelica.Blocks.Continuous.CriticalDamping,Component,success,,Blocks,1.221,3,1,0,0,8,ok,,3,0,0,0,0,0,false,0,0
Modelica.Blocks.Continuous.Der,Component,success,,Blocks,1.180,1,0,0,0,0,singular,error:empty system: no equations or unknowns,,,,0,0,0,false,0,0
Modelica.Blocks.Continuous.Derivative,Component,success,,Blocks,1.191,2,1,0,0,6,ok,,2,0,0,0,0,0,false,0,0
Modelica.Blocks.Continuous.Filter,Component,success,,Blocks,1.317,6,1,1,0,24,ok,,6,0,0,0,0,0,false,0,4
Modelica.Blocks.Continuous.FirstOrder,Component,success,,Blocks,1.211,1,1,0,0,4,ok,,1,0,0,0,0,0,false,0,0
Modelica.Blocks.Continuous.Integrator,Component,success,,Blocks,1.252,2,1,0,1,5,ok,,2,0,0,0,0,0,false,0,0
Modelica.Blocks.Continuous.LimIntegrator,Component,success,,Blocks,0.255,2,1,0,2,10,ok,,2,0,0,0,0,0,false,1,0
Modelica.Blocks.Continuous.LimPID,Component,success,,Blocks,0.312,38,2,21,2,54,ok,,38,0,0,21,0,0,false,1,0
Modelica.Blocks.Continuous.LowpassButterworth,Component,failed:ToDae,unresolved reference: Modelica.Constants.pi,Blocks,0.331,,,,,,,,,,,,,,false,0,
Modelica.Blocks.Continuous.PI,Component,success,,Blocks,0.243,2,1,0,0,5,ok,,2,0,0,0,0,0,false,0,0
Modelica.Blocks.Continuous.PID,Component,success,,Blocks,0.252,15,2,7,1,24,ok,,15,0,0,8,0,0,false,1,0
Modelica.Blocks.Continuous.SecondOrder,Component,success,,Blocks,0.258,2,2,0,0,6,ok,,2,0,0,0,0,0,false,0,0
Modelica.Blocks.Continuous.StateSpace,Component,success,,Blocks,0.639,2,1,0,0,11,singular,singular,,,,0,0,0,false,0,0
Modelica.Blocks.Continuous.TransferFunction,Component,failed:Typecheck,subscript 1 for `x_scaled` is out of bounds for dimension of size 0 (MLS §10.5.1),Blocks,0.487,,,,,,,,,,,,,,false,0,
Modelica.Blocks.Discrete.FirstOrderHold,Component,success,,Blocks,0.233,1,0,0,7,10,ok,,1,0,0,0,0,0,false,1,0
Modelica.Blocks.Discrete.Sampler,Component,success,,Blocks,0.235,0,0,0,4,7,error:empty system: no equations or unknowns,,,,,0,0,0,false,1,0
Modelica.Blocks.Discrete.StateSpace,Component,success,,Blocks,0.488,0,0,0,5,14,error:empty system: no equations or unknowns,,,,,0,0,0,false,1,0
Modelica.Blocks.Discrete.TransferFunction,Component,success,,Blocks,0.361,0,0,0,7,14,error:empty system: no equations or unknowns,,,,,0,0,0,false,1,0
Modelica.Blocks.Discrete.TriggeredMax,Component,success,,Blocks,0.239,0,0,0,1,2,error:empty system: no equations or unknowns,,,,,0,0,0,false,1,0
Modelica.Blocks.Discrete.TriggeredSampler,Component,success,,Blocks,0.249,0,0,0,1,3,error:empty system: no equations or unknowns,,,,,0,0,0,false,1,0
Modelica.Blocks.Discrete.UnitDelay,Component,success,,Blocks,0.247,0,0,0,4,9,error:empty system: no equations or unknowns,,,,,0,0,0,false,1,0
Modelica.Blocks.Discrete.ZeroOrderHold,Component,success,,Blocks,0.274,1,0,0,4,7,ok,,1,0,0,0,0,0,false,1,0
Modelica.Blocks.Examples.BooleanNetwork1,Examples,success,,Blocks,0.535,3,0,2,78,92,ok,,3,0,0,1,0,0,false,3,14
Modelica.Blocks.Examples.BusUsage,Examples,success,,Blocks,0.272,7,0,4,9,13,ok,,7,0,0,4,0,0,false,2,1
Modelica.Blocks.Examples.BusUsage_Utilities.Part,Examples,success,,Blocks,0.245,2,0,1,3,1,ok,,2,0,0,1,0,0,false,1,0
Modelica.Blocks.Examples.CompareSincExpSine,Examples,success,,Blocks,0.254,4,0,1,1,18,ok,,4,0,0,0,0,0,false,1,2
Modelica.Blocks.Examples.DemoSignalCharacteristic,Examples,success,,Blocks,0.585,46,5,18,8,100,ok,,46,0,0,23,0,0,false,3,3
Modelica.Blocks.Examples.DemonstrateContinuousSignalExtrema,Examples,success,,Blocks,0.266,25,3,12,19,70,ok,,25,0,0,11,0,0,false,2,1
Modelica.Blocks.Examples.DemonstrateSignalExtrema,Examples,success,,Blocks,0.263,10,1,6,9,34,ok,,10,0,0,6,0,0,false,2,2
Modelica.Blocks.Examples.Filter,Examples,success,,Blocks,0.498,34,4,8,1,105,ok,,31,3,2,4,0,0,false,1,16
Modelica.Blocks.Examples.FilterWithDifferentiation,Examples,success,,Blocks,0.335,15,4,2,1,29,singular,singular,,,,4,0,0,false,1,6
Modelica.Blocks.Examples.FilterWithRiseTime,Examples,success,,Blocks,0.378,22,3,6,1,78,ok,,22,0,0,3,0,0,false,1,4
Modelica.Blocks.Examples.IntegerNetwork1,Examples,success,,Blocks,0.284,2,0,1,32,42,ok,,2,0,0,1,0,0,false,2,2
Modelica.Blocks.Examples.Interaction1,Examples,success,,Blocks,1.097,17,0,11,34,159,ok,,17,0,0,6,0,0,false,4,11
Modelica.Blocks.Examples.InverseModel,Examples,success,,Blocks,0.285,15,3,7,1,23,singular,ok,11,0,0,7,0,0,false,1,1
Modelica.Blocks.Examples.LogicalNetwork1,Examples,success,,Blocks,0.628,6,0,4,19,69,ok,,6,0,0,2,0,0,false,3,9
Modelica.Blocks.Examples.Modulation,Examples,success,,Blocks,0.265,32,5,14,1,44,ok,,32,0,0,14,0,0,false,2,1
Modelica.Blocks.Examples.Noise.ActuatorWithNoise,Examples,success,,Blocks,13.745,737,31,591,11,388,singular,singular,,,,235,149,0,true,5,28
Modelica.Blocks.Examples.Noise.AutomaticSeed,Examples,success,,Blocks,0.312,9,0,0,19,116,ok,,9,0,0,0,0,0,false,2,11
Modelica.Blocks.Examples.Noise.Densities,Examples,success,,Blocks,0.264,14,0,5,1,12,ok,,14,0,0,5,0,0,false,1,4
Modelica.Blocks.Examples.Noise.Distributions,Examples,success,,Blocks,0.360,4,0,0,8,47,ok,,4,0,0,0,0,0,false,2,21
Modelica.Blocks.Examples.Noise.DrydenContinuousTurbulence,Examples,failed:ToDae,"unbalanced model: 16 equations, 15 unknowns (balance = 1)",Blocks,0.645,,,,,,,,,,,,,,false,0,
Modelica.Blocks.Examples.Noise.ImpureGenerator,Examples,success,,Blocks,0.286,1,0,0,2,9,ok,,1,0,0,0,0,0,false,2,7
Modelica.Blocks.Examples.Noise.NormalNoiseProperties,Examples,success,,Blocks,0.347,32,5,12,4,42,ok,,32,0,0,14,0,0,false,2,15
Modelica.Blocks.Examples.Noise.UniformNoise,Examples,success,,Blocks,0.302,3,0,0,7,42,ok,,3,0,0,0,0,0,false,2,11
Modelica.Blocks.Examples.Noise.UniformNoiseProperties,Examples,success,,Blocks,0.453,32,5,12,4,42,ok,,32,0,0,14,0,0,false,2,11
Modelica.Blocks.Examples.Noise.Utilities.ImpureRandom,Examples,success,,Blocks,0.315,0,0,0,2,9,error:empty system: no equations or unknowns,,,,,0,0,0,false,1,7
Modelica.Blocks.Examples.Noise.Utilities.NormalDensity,Examples,success,,Blocks,0.401,1,0,0,0,2,ok,,1,0,0,0,0,0,false,0,2
Modelica.Blocks.Examples.Noise.Utilities.Parts.Controller,Examples,success,,Blocks,0.280,18,4,8,0,20,ok,,18,0,0,9,0,0,false,1,0
Modelica.Blocks.Examples.Noise.Utilities.Parts.MotorWithCurrentControl,Examples,success,,Blocks,6.304,598,15,478,4,313,singular,singular,,,,206,135,0,true,4,22
Modelica.Blocks.Examples.Noise.Utilities.UniformDensity,Examples,success,,Blocks,0.243,1,0,0,0,2,ok,,1,0,0,0,0,0,false,0,1
Modelica.Blocks.Examples.Noise.Utilities.WeibullDensity,Examples,success,,Blocks,0.362,1,0,0,0,2,ok,,1,0,0,0,0,0,false,0,2
Modelica.Blocks.Examples.PID_Controller,Examples,success,,Blocks,0.809,86,10,59,4,71,singular,ok,52,0,0,27,4,0,false,2,0
Modelica.Blocks.Examples.RealNetwork1,Examples,success,,Blocks,0.413,26,0,11,7,44,singular,singular,,,,12,0,0,false,2,2
Modelica.Blocks.Examples.Rectifier12pulseFFT,Examples,success,,Blocks,8.155,1019,14,884,20,426,singular,skipped:too-large,,,,290,250,0,true,4,18
Modelica.Blocks.Examples.Rectifier6pulseFFT,Examples,success,,Blocks,62.170,566,8,491,14,251,singular,singular,,,,162,141,0,true,4,18
Modelica.Blocks.Examples.ShowLogicalSources,Examples,success,,Blocks,0.595,3,0,2,11,47,ok,,3,0,0,1,0,0,false,3,9
Modelica.Blocks.Examples.SinCosEncoder,Examples,success,,Blocks,0.375,48,6,23,2,37,singular,singular,,,,24,0,0,false,2,2
Modelica.Blocks.Examples.SlewRateLimiter,Examples,success,,Blocks,0.354,18,5,9,2,23,singular,ok,13,0,0,5,0,0,false,1,0
Modelica.Blocks.Examples.TotalHarmonicDistortion,Examples,success,,Blocks,1.122,119,6,64,23,156,ok,,119,0,0,60,3,0,false,4,3
Modelica.Blocks.Icons.Block,Icons,success,,Blocks,0.296,0,0,0,0,0,error:empty system: no equations or unknowns,,,,,0,0,0,false,0,0
Modelica.Blocks.Icons.BooleanBlock,Icons,success,,Blocks,0.235,0,0,0,0,0,error:empty system: no equations or unknowns,,,,,0,0,0,false,0,0
Modelica.Blocks.Icons.DiscreteBlock,Icons,success,,Blocks,0.347,0,0,0,0,0,error:empty system: no equations or unknowns,,,,,0,0,0,false,0,0
Modelica.Blocks.Icons.IntegerBlock,Icons,success,,Blocks,0.317,0,0,0,0,0,error:empty system: no equations or unknowns,,,,,0,0,0,false,0,0
Modelica.Blocks.Icons.PartialBooleanBlock,Icons,success,,Blocks,0.300,0,0,0,0,0,error:empty system: no equations or unknowns,,,,,0,0,0,false,0,0
Modelica.Blocks.Interaction.Show.BooleanValue,Component,success,,Blocks,0.291,1,0,0,2,1,singular,singular,,,,1,0,0,false,0,0
Modelica.Blocks.Interaction.Show.IntegerValue,Component,success,,Blocks,0.279,1,0,0,2,1,singular,singular,,,,1,0,0,false,0,0
Modelica.Blocks.Interaction.Show.RealValue,Component,success,,Blocks,0.244,2,0,1,0,2,ok,,2,0,0,1,0,0,false,0,0
Modelica.Blocks.Interfaces.Adaptors.FlowToPotentialAdaptor,Interfaces,success,,Blocks,0.328,8,2,3,0,10,singular,singular,,,,4,0,0,false,0,1
Modelica.Blocks.Interfaces.Adaptors.PotentialToFlowAdaptor,Interfaces,success,,Blocks,0.287,8,2,3,0,10,singular,singular,,,,4,0,0,false,0,1
Modelica.Blocks.Interfaces.BooleanMIMOs,Interfaces,success,,Blocks,0.314,0,0,0,1,1,error:empty system: no equations or unknowns,,,,,0,0,0,false,0,0
Modelica.Blocks.Interfaces.BooleanSISO,Interfaces,success,,Blocks,0.354,0,0,0,1,0,error:empty system: no equations or unknowns,,,,,0,0,0,false,0,0
Modelica.Blocks.Interfaces.BooleanSignalSource,Interfaces,success,,Blocks,0.378,0,0,0,1,0,error:empty system: no equations or unknowns,,,,,0,0,0,false,0,0
Modelica.Blocks.Interfaces.DiscreteBlock,Interfaces,success,,Blocks,0.235,0,0,0,3,6,error:empty system: no equations or unknowns,,,,,0,0,0,false,1,0
Modelica.Blocks.Interfaces.DiscreteMIMO,Interfaces,success,,Blocks,0.335,0,0,0,3,8,singular,singular,,,,0,0,0,false,1,0
Modelica.Blocks.Interfaces.DiscreteMIMOs,Interfaces,success,,Blocks,0.279,0,0,0,3,7,singular,singular,,,,0,0,0,false,1,0
Modelica.Blocks.Interfaces.DiscreteSISO,Interfaces,success,,Blocks,0.266,0,0,0,3,6,singular,singular,,,,0,0,0,false,1,0
Modelica.Blocks.Interfaces.IntegerMIBooleanMOs,Interfaces,success,,Blocks,0.268,0,0,0,1,1,error:empty system: no equations or unknowns,,,,,0,0,0,false,0,0
Modelica.Blocks.Interfaces.IntegerMO,Interfaces,success,,Blocks,0.389,0,0,0,1,1,error:empty system: no equations or unknowns,,,,,0,0,0,false,0,0
Modelica.Blocks.Interfaces.IntegerSIBooleanSO,Interfaces,success,,Blocks,0.222,0,0,0,1,0,error:empty system: no equations or unknowns,,,,,0,0,0,false,0,0
Modelica.Blocks.Interfaces.IntegerSO,Interfaces,success,,Blocks,0.299,0,0,0,1,0,error:empty system: no equations or unknowns,,,,,0,0,0,false,0,0
Modelica.Blocks.Interfaces.IntegerSignalSource,Interfaces,success,,Blocks,0.310,0,0,0,1,2,error:empty system: no equations or unknowns,,,,,0,0,0,false,0,0
Modelica.Blocks.Interfaces.MI2BooleanMOs,Interfaces,success,,Blocks,0.290,0,0,0,1,1,error:empty system: no equations or unknowns,,,,,0,0,0,false,0,0
Modelica.Blocks.Interfaces.MI2MO,Interfaces,success,,Blocks,0.287,0,0,0,0,1,singular,singular,,,,0,0,0,false,0,0
Modelica.Blocks.Interfaces.MIMO,Interfaces,success,,Blocks,0.300,0,0,0,0,2,singular,singular,,,,0,0,0,false,0,0
Modelica.Blocks.Interfaces.MIMOs,Interfaces,success,,Blocks,0.240,0,0,0,0,1,singular,singular,,,,0,0,0,false,0,0
Modelica.Blocks.Interfaces.MISO,Interfaces,success,,Blocks,0.282,0,0,0,0,1,singular,singular,,,,0,0,0,false,0,0
Modelica.Blocks.Interfaces.MO,Interfaces,success,,Blocks,0.351,0,0,0,0,1,singular,singular,,,,0,0,0,false,0,0
Modelica.Blocks.Interfaces.MVcontrol,Interfaces,success,,Blocks,0.233,0,0,0,0,3,singular,singular,,,,0,0,0,false,0,0
Modelica.Blocks.Interfaces.MVdiscrete,Interfaces,success,,Blocks,0.331,2,0,2,9,21,singular,singular,,,,2,0,0,true,2,0
Modelica.Blocks.Interfaces.PartialBooleanMISO,Interfaces,success,,Blocks,0.338,0,0,0,1,1,error:empty system: no equations or unknowns,,,,,0,0,0,false,0,0
Modelica.Blocks.Interfaces.PartialBooleanSISO_small,Interfaces,success,,Blocks,0.260,0,0,0,1,0,error:empty system: no equations or unknowns,,,,,0,0,0,false,0,0
Modelica.Blocks.Interfaces.PartialConversionBlock,Interfaces,success,,Blocks,0.271,0,0,0,0,0,singular,singular,,,,0,0,0,false,0,0
Modelica.Blocks.Interfaces.PartialIntegerMISO,Interfaces,success,,Blocks,0.289,0,0,0,1,1,error:empty system: no equations or unknowns,,,,,0,0,0,false,0,0
Modelica.Blocks.Interfaces.PartialIntegerSISO,Interfaces,success,,Blocks,0.314,0,0,0,1,0,error:empty system: no equations or unknowns,,,,,0,0,0,false,0,0
Modelica.Blocks.Interfaces.PartialNoise,Interfaces,success,,Blocks,0.392,1,0,0,4,21,ok,,1,0,0,0,0,0,false,1,10
Modelica.Blocks.Interfaces.PartialRealMISO,Interfaces,success,,Blocks,0.300,0,0,0,0,2,singular,singular,,,,0,0,0,false,0,0
Modelica.Blocks.Interfaces.SI2BooleanSO,Interfaces,success,,Blocks,0.221,0,0,0,1,0,error:empty system: no equations or unknowns,,,,,0,0,0,false,0,0
Modelica.Blocks.Interfaces.SI2SO,Interfaces,success,,Blocks,0.311,0,0,0,0,0,singular,singular,,,,0,0,0,false,0,0
Modelica.Blocks.Interfaces.SIMO,Interfaces,success,,Blocks,0.299,0,0,0,0,1,singular,singular,,,,0,0,0,false,0,0
Modelica.Blocks.Interfaces.SISO,Interfaces,success,,Blocks,0.305,0,0,0,0,0,singular,singular,,,,0,0,0,false,0,0
Modelica.Blocks.Interfaces.SO,Interfaces,success,,Blocks,0.300,0,0,0,0,0,singular,singular,,,,0,0,0,false,0,0
Modelica.Blocks.Interfaces.SVcontrol,Interfaces,success,,Blocks,0.342,0,0,0,0,0,singular,singular,,,,0,0,0,false,0,0
Modelica.Blocks.Interfaces.SVdiscrete,Interfaces,success,,Blocks,0.221,2,0,2,9,18,singular,singular,,,,2,0,0,false,2,0
Modelica.Blocks.Interfaces.SignalSource,Interfaces,success,,Blocks,0.324,0,0,0,0,2,singular,singular,,,,0,0,0,false,0,0
Modelica.Blocks.Interfaces.partialBooleanComparison,Interfaces,success,,Blocks,0.294,0,0,0,1,0,error:empty system: no equations or unknowns,,,,,0,0,0,false,0,0
Modelica.Blocks.Interfaces.partialBooleanSI,Interfaces,success,,Blocks,0.338,0,0,0,0,0,error:empty system: no equations or unknowns,,,,,0,0,0,false,0,0
Modelica.Blocks.Interfaces.partialBooleanSI2SO,Interfaces,success,,Blocks,0.350,0,0,0,1,0,error:empty system: no equations or unknowns,,,,,0,0,0,false,0,0
Modelica.Blocks.Interfaces.partialBooleanSI3SO,Interfaces,success,,Blocks,0.295,0,0,0,1,0,error:empty system: no equations or unknowns,,,,,0,0,0,false,0,0
Modelica.Blocks.Interfaces.partialBooleanSISO,Interfaces,success,,Blocks,0.227,0,0,0,1,0,error:empty system: no equations or unknowns,,,,,0,0,0,false,0,0
Modelica.Blocks.Interfaces.partialBooleanSO,Interfaces,success,,Blocks,0.356,0,0,0,1,0,error:empty system: no equations or unknowns,,,,,0,0,0,false,0,0
Modelica.Blocks.Interfaces.partialBooleanSource,Interfaces,success,,Blocks,0.355,0,0,0,1,0,error:empty system: no equations or unknowns,,,,,0,0,0,false,0,0
Modelica.Blocks.Interfaces.partialBooleanThresholdComparison,Interfaces,success,,Blocks,0.348,0,0,0,1,1,error:empty system: no equations or unknowns,,,,,0,0,0,false,0,0
Modelica.Blocks.Logical.And,Component,success,,Blocks,0.349,0,0,0,1,0,error:empty system: no equations or unknowns,,,,,0,0,0,false,0,0
Modelica.Blocks.Logical.AssertCondition,Component,success,,Blocks,0.267,0,0,0,0,1,error:empty system: no equations or unknowns,,,,,0,0,0,false,0,0
Modelica.Blocks.Logical.Change,Component,success,,Blocks,0.234,0,0,0,1,2,error:empty system: no equations or unknowns,,,,,0,0,0,false,1,0
Modelica.Blocks.Logical.Edge,Component,success,,Blocks,0.307,0,0,0,1,2,error:empty system: no equations or unknowns,,,,,0,0,0,false,1,0
Modelica.Blocks.Logical.FallingEdge,Component,success,,Blocks,0.325,0,0,0,2,2,error:empty system: no equations or unknowns,,,,,0,0,0,false,1,0
Modelica.Blocks.Logical.Greater,Component,success,,Blocks,0.323,0,0,0,2,1,error:empty system: no equations or unknowns,,,,,0,0,0,false,1,0
Modelica.Blocks.Logical.GreaterEqual,Component,success,,Blocks,0.335,0,0,0,2,1,error:empty system: no equations or unknowns,,,,,0,0,0,false,1,0
Modelica.Blocks.Logical.GreaterEqualThreshold,Component,success,,Blocks,0.288,0,0,0,2,2,error:empty system: no equations or unknowns,,,,,0,0,0,false,1,0
Modelica.Blocks.Logical.GreaterThreshold,Component,success,,Blocks,0.240,0,0,0,2,2,error:empty system: no equations or unknowns,,,,,0,0,0,false,1,0
Modelica.Blocks.Logical.Hysteresis,Component,success,,Blocks,0.275,0,0,0,2,5,error:empty system: no equations or unknowns,,,,,0,0,0,false,1,0
Modelica.Blocks.Logical.Less,Component,success,,Blocks,0.355,0,0,0,2,1,error:empty system: no equations or unknowns,,,,,0,0,0,false,1,0
Modelica.Blocks.Logical.LessEqual,Component,success,,Blocks,0.340,0,0,0,2,1,error:empty system: no equations or unknowns,,,,,0,0,0,false,1,0
Modelica.Blocks.Logical.LessEqualThreshold,Component,success,,Blocks,0.225,0,0,0,2,2,error:empty system: no equations or unknowns,,,,,0,0,0,false,1,0
Modelica.Blocks.Logical.LessThreshold,Component,success,,Blocks,0.272,0,0,0,2,2,error:empty system: no equations or unknowns,,,,,0,0,0,false,1,0
Modelica.Blocks.Logical.LogicalDelay,Component,success,,Blocks,0.238,0,0,0,4,4,error:empty system: no equations or unknowns,,,,,0,0,0,false,1,0
Modelica.Blocks.Logical.LogicalSwitch,Component,success,,Blocks,0.307,0,0,0,2,1,error:empty system: no equations or unknowns,,,,,0,0,0,false,1,0
Modelica.Blocks.Logical.Nand,Component,success,,Blocks,0.254,0,0,0,1,0,error:empty system: no equations or unknowns,,,,,0,0,0,false,0,0
Modelica.Blocks.Logical.Nor,Component,success,,Blocks,0.295,0,0,0,1,0,error:empty system: no equations or unknowns,,,,,0,0,0,false,0,0
Modelica.Blocks.Logical.Not,Component,success,,Blocks,0.331,0,0,0,1,0,error:empty system: no equations or unknowns,,,,,0,0,0,false,0,0
Modelica.Blocks.Logical.OnOffController,Component,success,,Blocks,0.280,0,0,0,2,4,error:empty system: no equations or unknowns,,,,,0,0,0,false,1,0
Modelica.Blocks.Logical.Or,Component,success,,Blocks,0.231,0,0,0,1,0,error:empty system: no equations or unknowns,,,,,0,0,0,false,0,0
Modelica.Blocks.Logical.Pre,Component,success,,Blocks,0.373,0,0,0,1,2,error:empty system: no equations or unknowns,,,,,0,0,0,false,1,0
Modelica.Blocks.Logical.RSFlipFlop,Component,success,,Blocks,0.247,2,0,0,10,3,singular,singular,,,,2,0,0,false,2,0
Modelica.Blocks.Logical.Switch,Component,success,,Blocks,0.301,1,0,0,1,1,ok,,1,0,0,0,0,0,false,1,0
Modelica.Blocks.Logical.TerminateSimulation,Component,success,,Blocks,0.258,0,0,0,1,2,error:empty system: no equations or unknowns,,,,,0,0,0,false,1,0
Modelica.Blocks.Logical.Timer,Component,success,,Blocks,0.249,1,0,0,2,3,ok,,1,0,0,0,0,0,false,1,0
Modelica.Blocks.Logical.TriggeredTrapezoid,Component,success,,Blocks,0.234,1,0,0,4,10,ok,,1,0,0,0,0,0,false,1,0
Modelica.Blocks.Logical.Xor,Component,success,,Blocks,0.310,0,0,0,1,0,error:empty system: no equations or unknowns,,,,,0,0,0,false,0,0
Modelica.Blocks.Logical.ZeroCrossing,Component,success,,Blocks,0.231,0,0,0,4,4,error:empty system: no equations or unknowns,,,,,0,0,0,false,1,0
Modelica.Blocks.Math.Abs,Component,success,,Blocks,0.317,1,0,0,1,2,ok,,1,0,0,0,0,0,false,1,0
Modelica.Blocks.Math.Acos,Component,success,,Blocks,0.282,1,0,0,0,0,ok,,1,0,0,0,0,0,false,0,1
Modelica.Blocks.Math.Add,Component,success,,Blocks,0.256,1,0,0,0,2,ok,,1,0,0,0,0,0,false,0,0
Modelica.Blocks.Math.Add3,Component,success,,Blocks,0.241,1,0,0,0,3,ok,,1,0,0,0,0,0,false,0,0
Modelica.Blocks.Math.Asin,Component,success,,Blocks,0.276,1,0,0,0,0,ok,,1,0,0,0,0,0,false,0,1
Modelica.Blocks.Math.Atan,Component,success,,Blocks,0.295,1,0,0,0,0,ok,,1,0,0,0,0,0,false,0,1
Modelica.Blocks.Math.Atan2,Component,success,,Blocks,0.341,1,0,0,0,0,ok,,1,0,0,0,0,0,false,0,1
Modelica.Blocks.Math.BooleanChange,Component,success,,Blocks,0.291,0,0,0,1,1,error:empty system: no equations or unknowns,,,,,0,0,0,false,1,0
Modelica.Blocks.Math.BooleanToInteger,Component,success,,Blocks,0.269,0,0,0,2,3,error:empty system: no equations or unknowns,,,,,0,0,0,false,1,0
Modelica.Blocks.Math.BooleanToReal,Component,success,,Blocks,0.239,1,0,0,1,3,ok,,1,0,0,0,0,0,false,1,0
Modelica.Blocks.Math.ContinuousMean,Component,success,,Blocks,0.286,2,1,0,1,5,ok,,2,0,0,0,0,0,false,1,0
Modelica.Blocks.Math.ContinuousSignalExtrema,Component,success,,Blocks,0.311,1,1,0,5,8,ok,,1,0,0,0,0,0,false,1,0
Modelica.Blocks.Math.Cos,Component,success,,Blocks,0.263,1,0,0,0,0,ok,,1,0,0,0,0,0,false,0,1
Modelica.Blocks.Math.Cosh,Component,success,,Blocks,0.242,1,0,0,0,0,ok,,1,0,0,0,0,0,false,0,1
Modelica.Blocks.Math.Division,Component,success,,Blocks,0.256,1,0,0,0,0,ok,,1,0,0,0,0,0,false,0,0
Modelica.Blocks.Math.Edge,Component,success,,Blocks,0.230,0,0,0,1,1,error:empty system: no equations or unknowns,,,,,0,0,0,false,1,0
Modelica.Blocks.Math.Exp,Component,success,,Blocks,0.325,1,0,0,0,0,ok,,1,0,0,0,0,0,false,0,1
Modelica.Blocks.Math.Exponentiation,Component,success,,Blocks,0.251,1,0,0,0,1,ok,,1,0,0,0,0,0,false,0,0
Modelica.Blocks.Math.Feedback,Component,success,,Blocks,0.239,1,0,0,0,0,ok,,1,0,0,0,0,0,false,0,0
Modelica.Blocks.Math.Gain,Component,success,,Blocks,0.311,1,0,0,0,1,ok,,1,0,0,0,0,0,false,0,0
Modelica.Blocks.Math.Harmonic,Component,success,,Blocks,0.509,22,2,7,3,43,ok,,22,0,0,11,0,0,false,2,3
Modelica.Blocks.Math.IntegerChange,Component,success,,Blocks,0.230,0,0,0,1,1,error:empty system: no equations or unknowns,,,,,0,0,0,false,1,0
Modelica.Blocks.Math.IntegerToBoolean,Component,success,,Blocks,0.312,0,0,0,2,2,error:empty system: no equations or unknowns,,,,,0,0,0,false,1,0
Modelica.Blocks.Math.IntegerToReal,Component,success,,Blocks,0.245,1,0,0,0,0,ok,,1,0,0,0,0,0,false,0,0
Modelica.Blocks.Math.InverseBlockConstraints,Component,success,,Blocks,0.332,2,0,0,0,0,singular,singular,,,,0,0,0,false,0,0
Modelica.Blocks.Math.LinearDependency,Component,success,,Blocks,0.339,1,0,0,0,3,ok,,1,0,0,0,0,0,false,0,0
Modelica.Blocks.Math.Log,Component,success,,Blocks,0.344,1,0,0,0,1,ok,,1,0,0,0,0,0,false,0,1
Modelica.Blocks.Math.Log10,Component,success,,Blocks,0.239,1,0,0,0,0,ok,,1,0,0,0,0,0,false,0,1
Modelica.Blocks.Math.MatrixGain,Component,success,,Blocks,0.437,1,0,0,0,3,singular,singular,,,,0,0,0,false,0,0
Modelica.Blocks.Math.Max,Component,success,,Blocks,0.259,1,0,0,0,0,ok,,1,0,0,0,0,0,false,0,0
Modelica.Blocks.Math.Mean,Component,success,,Blocks,0.272,2,1,0,2,10,ok,,2,0,0,0,0,0,false,1,0
Modelica.Blocks.Math.Min,Component,success,,Blocks,0.228,1,0,0,0,0,ok,,1,0,0,0,0,0,false,0,0
Modelica.Blocks.Math.MinMax,Component,success,,Blocks,0.276,2,0,0,0,2,ok,,2,0,0,0,0,0,false,0,0
Modelica.Blocks.Math.MultiProduct,Component,success,,Blocks,0.218,1,0,0,0,3,ok,,1,0,0,0,0,0,false,0,0
Modelica.Blocks.Math.MultiSum,Component,success,,Blocks,0.301,1,0,0,0,3,ok,,1,0,0,0,0,0,false,0,0
Modelica.Blocks.Math.MultiSwitch,Component,success,,Blocks,0.276,1,0,0,2,6,ok,,1,0,0,0,0,0,false,1,1
Modelica.Blocks.Math.PolarToRectangular,Component,success,,Blocks,0.279,2,0,0,0,0,ok,,2,0,0,0,0,0,false,0,2
Modelica.Blocks.Math.Power,Component,success,,Blocks,0.292,1,0,0,0,2,ok,,1,0,0,0,0,0,false,0,2
Modelica.Blocks.Math.Product,Component,success,,Blocks,0.293,1,0,0,0,0,ok,,1,0,0,0,0,0,false,0,0
Modelica.Blocks.Math.Pythagoras,Component,success,,Blocks,0.229,2,0,1,1,1,ok,,2,0,0,0,0,0,false,0,0
Modelica.Blocks.Math.RealFFT,Component,failed:Typecheck,unevaluable array dimensions for 'abs': dimension expression could not be evaluated: [Expression(nf)]; unevaluable array dimensions for 'arg': dimension expression could not be evaluated: [Expression(,Blocks,0.394,,,,,,,,,,,,,,false,0,
Modelica.Blocks.Math.RealToBoolean,Component,success,,Blocks,0.335,0,0,0,2,2,error:empty system: no equations or unknowns,,,,,0,0,0,false,1,0
Modelica.Blocks.Math.RealToInteger,Component,success,,Blocks,0.341,0,0,0,2,1,error:empty system: no equations or unknowns,,,,,0,0,0,false,1,0
Modelica.Blocks.Math.RectangularToPolar,Component,success,,Blocks,0.316,2,0,0,0,0,ok,,2,0,0,0,0,0,false,0,1
Modelica.Blocks.Math.RectifiedMean,Component,success,,Blocks,0.281,6,1,2,2,14,ok,,6,0,0,3,0,0,false,2,0
Modelica.Blocks.Math.RootMeanSquare,Component,success,,Blocks,0.244,9,1,3,2,15,ok,,9,0,0,5,0,0,false,2,0
Modelica.Blocks.Math.Sign,Component,success,,Blocks,0.298,1,0,0,1,2,ok,,1,0,0,0,0,0,false,1,0
Modelica.Blocks.Math.SignalExtrema,Component,success,,Blocks,0.320,0,0,0,5,9,error:empty system: no equations or unknowns,,,,,0,0,0,false,1,0
Modelica.Blocks.Math.Sin,Component,success,,Blocks,0.356,1,0,0,0,0,ok,,1,0,0,0,0,0,false,0,1
Modelica.Blocks.Math.Sinh,Component,success,,Blocks,0.343,1,0,0,0,0,ok,,1,0,0,0,0,0,false,0,1
Modelica.Blocks.Math.Sqrt,Component,success,,Blocks,0.250,1,0,0,0,0,ok,,1,0,0,0,0,0,false,0,0
Modelica.Blocks.Math.StandardDeviation,Component,success,,Blocks,0.250,7,2,2,0,3,ok,,7,0,0,3,0,0,false,1,0
Modelica.Blocks.Math.Sum,Component,success,,Blocks,0.353,1,0,0,0,2,ok,,1,0,0,0,0,0,false,0,0
Modelica.Blocks.Math.Tan,Component,success,,Blocks,0.245,1,0,0,0,0,ok,,1,0,0,0,0,0,false,0,1
Modelica.Blocks.Math.Tanh,Component,success,,Blocks,0.246,1,0,0,0,0,ok,,1,0,0,0,0,0,false,0,1
Modelica.Blocks.Math.TotalHarmonicDistortion,Component,success,,Blocks,0.653,48,3,22,12,65,ok,,48,0,0,27,0,0,false,3,3
Modelica.Blocks.Math.UnitConversions.From_bar,Component,success,,Blocks,0.271,1,0,0,0,0,ok,,1,0,0,0,0,0,false,0,1
Modelica.Blocks.Math.UnitConversions.From_day,Component,success,,Blocks,0.259,1,0,0,0,0,ok,,1,0,0,0,0,0,false,0,1
Modelica.Blocks.Math.UnitConversions.From_deg,Component,success,,Blocks,0.349,1,0,0,0,0,ok,,1,0,0,0,0,0,false,0,1
Modelica.Blocks.Math.UnitConversions.From_degC,Component,success,,Blocks,0.290,1,0,0,0,0,ok,,1,0,0,0,0,0,false,0,1
Modelica.Blocks.Math.UnitConversions.From_degF,Component,success,,Blocks,0.320,1,0,0,0,0,ok,,1,0,0,0,0,0,false,0,1
Modelica.Blocks.Math.UnitConversions.From_degRk,Component,success,,Blocks,0.314,1,0,0,0,0,ok,,1,0,0,0,0,0,false,0,1
Modelica.Blocks.Math.UnitConversions.From_gps,Component,success,,Blocks,0.273,1,0,0,0,0,ok,,1,0,0,0,0,0,false,0,1
Modelica.Blocks.Math.UnitConversions.From_hour,Component,success,,Blocks,0.246,1,0,0,0,0,ok,,1,0,0,0,0,0,false,0,1
Modelica.Blocks.Math.UnitConversions.From_kWh,Component,success,,Blocks,0.336,1,0,0,0,0,ok,,1,0,0,0,0,0,false,0,1
Modelica.Blocks.Math.UnitConversions.From_kmh,Component,success,,Blocks,0.328,1,0,0,0,0,ok,,1,0,0,0,0,0,false,0,1
Modelica.Blocks.Math.UnitConversions.From_litre,Component,success,,Blocks,0.359,1,0,0,0,0,ok,,1,0,0,0,0,0,false,0,1
Modelica.Blocks.Math.UnitConversions.From_minute,Component,success,,Blocks,0.303,1,0,0,0,0,ok,,1,0,0,0,0,0,false,0,1
Modelica.Blocks.Math.UnitConversions.From_rpm,Component,success,,Blocks,0.284,1,0,0,0,0,ok,,1,0,0,0,0,0,false,0,1
Modelica.Blocks.Math.UnitConversions.To_bar,Component,success,,Blocks,0.227,1,0,0,0,0,ok,,1,0,0,0,0,0,false,0,1
Modelica.Blocks.Math.UnitConversions.To_day,Component,success,,Blocks,0.310,1,0,0,0,0,ok,,1,0,0,0,0,0,false,0,1
Modelica.Blocks.Math.UnitConversions.To_deg,Component,success,,Blocks,0.339,1,0,0,0,0,ok,,1,0,0,0,0,0,false,0,1
Modelica.Blocks.Math.UnitConversions.To_degC,Component,success,,Blocks,0.366,1,0,0,0,0,ok,,1,0,0,0,0,0,false,0,1
Modelica.Blocks.Math.UnitConversions.To_degF,Component,success,,Blocks,0.308,1,0,0,0,0,ok,,1,0,0,0,0,0,false,0,1
Modelica.Blocks.Math.UnitConversions.To_degRk,Component,success,,Blocks,0.269,1,0,0,0,0,ok,,1,0,0,0,0,0,false,0,1
Modelica.Blocks.Math.UnitConversions.To_gps,Component,success,,Blocks,0.241,1,0,0,0,0,ok,,1,0,0,0,0,0,false,0,1
Modelica.Blocks.Math.UnitConversions.To_hour,Component,success,,Blocks,0.423,1,0,0,0,0,ok,,1,0,0,0,0,0,false,0,1
Modelica.Blocks.Math.UnitConversions.To_kWh,Component,success,,Blocks,0.356,1,0,0,0,0,ok,,1,0,0,0,0,0,false,0,1
Modelica.Blocks.Math.UnitConversions.To_kmh,Component,success,,Blocks,0.350,1,0,0,0,0,ok,,1,0,0,0,0,0,false,0,1
Modelica.Blocks.Math.UnitConversions.To_litre,Component,success,,Blocks,0.390,1,0,0,0,0,ok,,1,0,0,0,0,0,false,0,1
Modelica.Blocks.Math.UnitConversions.To_minute,Component,success,,Blocks,0.296,1,0,0,0,0,ok,,1,0,0,0,0,0,false,0,1
Modelica.Blocks.Math.UnitConversions.To_rpm,Component,success,,Blocks,0.241,1,0,0,0,0,ok,,1,0,0,0,0,0,false,0,1
Modelica.Blocks.Math.Variance,Component,success,,Blocks,0.338,3,2,0,0,2,ok,,3,0,0,0,0,0,false,0,0
Modelica.Blocks.Math.WrapAngle,Component,success,,Blocks,0.376,1,0,0,0,1,ok,,1,0,0,0,0,0,false,0,1
Modelica.Blocks.MathBoolean.And,Component,success,,Blocks,0.383,0,0,0,1,2,error:empty system: no equations or unknowns,,,,,0,0,0,false,0,1
Modelica.Blocks.MathBoolean.ChangingEdge,Component,success,,Blocks,0.304,0,0,0,1,2,error:empty system: no equations or unknowns,,,,,0,0,0,false,1,0
Modelica.Blocks.MathBoolean.FallingEdge,Component,success,,Blocks,0.283,0,0,0,2,2,error:empty system: no equations or unknowns,,,,,0,0,0,false,1,0
Modelica.Blocks.MathBoolean.MultiSwitch,Component,success,,Blocks,0.239,0,0,0,3,7,error:empty system: no equations or unknowns,,,,,0,0,0,false,1,1
Modelica.Blocks.MathBoolean.Nand,Component,success,,Blocks,0.311,0,0,0,1,2,error:empty system: no equations or unknowns,,,,,0,0,0,false,0,1
Modelica.Blocks.MathBoolean.Nor,Component,success,,Blocks,0.367,0,0,0,1,2,error:empty system: no equations or unknowns,,,,,0,0,0,false,0,1
Modelica.Blocks.MathBoolean.Not,Component,success,,Blocks,0.293,0,0,0,1,0,error:empty system: no equations or unknowns,,,,,0,0,0,false,0,0
Modelica.Blocks.MathBoolean.OnDelay,Component,success,,Blocks,0.288,0,0,0,4,5,error:empty system: no equations or unknowns,,,,,0,0,0,false,1,0
Modelica.Blocks.MathBoolean.Or,Component,success,,Blocks,0.268,0,0,0,1,2,error:empty system: no equations or unknowns,,,,,0,0,0,false,0,1
Modelica.Blocks.MathBoolean.RisingEdge,Component,success,,Blocks,0.236,0,0,0,1,2,error:empty system: no equations or unknowns,,,,,0,0,0,false,1,0
Modelica.Blocks.MathBoolean.Xor,Component,success,,Blocks,0.328,0,0,0,1,2,error:empty system: no equations or unknowns,,,,,0,0,0,false,0,2
Modelica.Blocks.MathInteger.MultiSwitch,Component,success,,Blocks,0.309,0,0,0,3,7,error:empty system: no equations or unknowns,,,,,0,0,0,false,1,1
Modelica.Blocks.MathInteger.Product,Component,success,,Blocks,0.338,0,0,0,1,2,error:empty system: no equations or unknowns,,,,,0,0,0,false,0,0
Modelica.Blocks.MathInteger.Sum,Component,success,,Blocks,0.319,0,0,0,1,2,error:empty system: no equations or unknowns,,,,,0,0,0,false,0,0
Modelica.Blocks.MathInteger.TriggeredAdd,Component,success,,Blocks,0.313,0,0,0,4,7,error:empty system: no equations or unknowns,,,,,0,0,0,false,1,0
Modelica.Blocks.Noise.BandLimitedWhiteNoise,Component,success,,Blocks,0.408,1,0,0,4,25,ok,,1,0,0,0,0,0,false,1,15
Modelica.Blocks.Noise.GlobalSeed,Component,success,,Blocks,0.369,0,0,0,0,5,error:empty system: no equations or unknowns,,,,,0,0,0,false,0,6
Modelica.Blocks.Noise.NormalNoise,Component,success,,Blocks,0.506,1,0,0,4,24,ok,,1,0,0,0,0,0,false,1,15
Modelica.Blocks.Noise.TruncatedNormalNoise,Component,success,,Blocks,0.477,1,0,0,4,26,ok,,1,0,0,0,0,0,false,1,20
Modelica.Blocks.Noise.UniformNoise,Component,success,,Blocks,0.371,1,0,0,4,24,ok,,1,0,0,0,0,0,false,1,11
Modelica.Blocks.Nonlinear.DeadZone,Component,success,,Blocks,0.340,1,0,0,1,3,ok,,1,0,0,0,0,0,false,1,0
Modelica.Blocks.Nonlinear.FixedDelay,Component,success,,Blocks,0.234,1,0,0,0,1,ok,,1,0,0,0,0,0,false,0,0
Modelica.Blocks.Nonlinear.Limiter,Component,success,,Blocks,0.296,2,0,1,1,5,ok,,2,0,0,0,0,0,false,1,0
Modelica.Blocks.Nonlinear.PadeDelay,Component,success,,Blocks,0.313,2,1,0,0,9,ok,,2,0,0,0,0,0,false,0,2
Modelica.Blocks.Nonlinear.SlewRateLimiter,Component,success,,Blocks,0.295,2,1,1,1,7,ok,,2,0,0,0,0,0,false,1,0
Modelica.Blocks.Nonlinear.VariableDelay,Component,success,,Blocks,0.252,1,0,0,0,1,ok,,1,0,0,0,0,0,false,0,0
Modelica.Blocks.Nonlinear.VariableLimiter,Component,success,,Blocks,0.299,2,0,1,1,4,ok,,2,0,0,0,0,0,false,1,0
Modelica.Blocks.Routing.BooleanPassThrough,Component,success,,Blocks,0.226,0,0,0,1,0,error:empty system: no equations or unknowns,,,,,0,0,0,false,0,0
Modelica.Blocks.Routing.BooleanReplicator,Component,success,,Blocks,0.272,0,0,0,1,1,error:empty system: no equations or unknowns,,,,,0,0,0,false,0,0
Modelica.Blocks.Routing.DeMultiplex,Component,success,,Blocks,0.264,0,0,0,0,1,error:empty system: no equations or unknowns,,,,,0,0,0,false,0,0
Modelica.Blocks.Routing.DeMultiplex2,Component,failed:Typecheck,"array dimension mismatch: expected `[1, 1]`, found `[2, 1]`",Blocks,0.248,,,,,,,,,,,,,,false,0,
Modelica.Blocks.Routing.DeMultiplex3,Component,failed:Typecheck,"array dimension mismatch: expected `[1, 1]`, found `[3, 1]`",Blocks,0.221,,,,,,,,,,,,,,false,0,
Modelica.Blocks.Routing.DeMultiplex4,Component,failed:Typecheck,"array dimension mismatch: expected `[1, 1]`, found `[4, 1]`",Blocks,0.248,,,,,,,,,,,,,,false,0,
Modelica.Blocks.Routing.DeMultiplex5,Component,failed:Typecheck,"array dimension mismatch: expected `[1, 1]`, found `[5, 1]`",Blocks,0.194,,,,,,,,,,,,,,false,0,
Modelica.Blocks.Routing.DeMultiplex6,Component,failed:Typecheck,"array dimension mismatch: expected `[1, 1]`, found `[6, 1]`",Blocks,0.257,,,,,,,,,,,,,,false,0,
Modelica.Blocks.Routing.ExtractSignal,Component,success,,Blocks,0.292,1,0,0,0,3,ok,,1,0,0,0,0,0,false,0,0
Modelica.Blocks.Routing.Extractor,Component,success,,Blocks,0.276,1,0,0,2,6,ok,,1,0,0,0,0,0,false,1,0
Modelica.Blocks.Routing.IntegerPassThrough,Component,success,,Blocks,0.246,0,0,0,1,0,error:empty system: no equations or unknowns,,,,,0,0,0,false,0,0
Modelica.Blocks.Routing.IntegerReplicator,Component,success,,Blocks,0.304,0,0,0,1,1,error:empty system: no equations or unknowns,,,,,0,0,0,false,0,0
Modelica.Blocks.Routing.Multiplex,Component,success,,Blocks,0.234,0,0,0,0,1,error:empty system: no equations or unknowns,,,,,0,0,0,false,0,0
Modelica.Blocks.Routing.Multiplex2,Component,failed:Typecheck,"array dimension mismatch: expected `[1, 1]`, found `[2, 1]`",Blocks,0.239,,,,,,,,,,,,,,false,0,
Modelica.Blocks.Routing.Multiplex3,Component,failed:Typecheck,"array dimension mismatch: expected `[1, 1]`, found `[3, 1]`",Blocks,0.248,,,,,,,,,,,,,,false,0,
Modelica.Blocks.Routing.Multiplex4,Component,failed:Typecheck,"array dimension mismatch: expected `[1, 1]`, found `[4, 1]`",Blocks,0.228,,,,,,,,,,,,,,false,0,
Modelica.Blocks.Routing.Multiplex5,Component,failed:Typecheck,"array dimension mismatch: expected `[1, 1]`, found `[5, 1]`",Blocks,0.215,,,,,,,,,,,,,,false,0,
Modelica.Blocks.Routing.Multiplex6,Component,failed:Typecheck,"array dimension mismatch: expected `[1, 1]`, found `[6, 1]`",Blocks,0.290,,,,,,,,,,,,,,false,0,
Modelica.Blocks.Routing.RealPassThrough,Component,success,,Blocks,0.243,1,0,0,0,0,ok,,1,0,0,0,0,0,false,0,0
Modelica.Blocks.Routing.Replicator,Component,success,,Blocks,0.277,1,0,0,0,1,ok,,1,0,0,0,0,0,false,0,0
Modelica.Blocks.Sources.BooleanConstant,Component,success,,Blocks,0.287,0,0,0,1,1,error:empty system: no equations or unknowns,,,,,0,0,0,false,0,0
Modelica.Blocks.Sources.BooleanExpression,Component,success,,Blocks,0.249,0,0,0,1,0,error:empty system: no equations or unknowns,,,,,0,0,0,false,0,0
Modelica.Blocks.Sources.BooleanPulse,Component,success,,Blocks,0.245,0,0,0,3,8,error:empty system: no equations or unknowns,,,,,0,0,0,false,1,0
Modelica.Blocks.Sources.BooleanStep,Component,success,,Blocks,0.256,0,0,0,2,3,error:empty system: no equations or unknowns,,,,,0,0,0,false,1,0
Modelica.Blocks.Sources.BooleanTable,Component,success,,Blocks,0.468,3,0,2,5,34,ok,,3,0,0,1,0,0,false,2,9
Modelica.Blocks.Sources.CombiTimeTable,Component,success,,Blocks,0.413,2,0,1,3,27,ok,,2,0,0,0,0,0,false,1,8
Modelica.Blocks.Sources.Constant,Component,success,,Blocks,0.269,1,0,0,0,1,ok,,1,0,0,0,0,0,false,0,0
Modelica.Blocks.Sources.ContinuousClock,Component,success,,Blocks,0.263,1,0,0,1,3,ok,,1,0,0,0,0,0,false,1,0
Modelica.Blocks.Sources.Cosine,Component,success,,Blocks,0.309,1,0,0,1,7,ok,,1,0,0,0,0,0,false,1,1
Modelica.Blocks.Sources.CosineVariableFrequencyAndAmplitude,Component,success,,Blocks,0.291,4,1,2,0,5,ok,,4,0,0,2,0,0,false,0,0
Modelica.Blocks.Sources.ExpSine,Component,success,,Blocks,0.241,1,0,0,1,7,ok,,1,0,0,0,0,0,false,1,2
Modelica.Blocks.Sources.Exponentials,Component,success,,Blocks,0.253,2,0,1,1,7,ok,,2,0,0,0,0,0,false,1,1
Modelica.Blocks.Sources.IntegerConstant,Component,success,,Blocks,0.255,0,0,0,1,1,error:empty system: no equations or unknowns,,,,,0,0,0,false,0,0
Modelica.Blocks.Sources.IntegerExpression,Component,success,,Blocks,0.248,0,0,0,1,0,error:empty system: no equations or unknowns,,,,,0,0,0,false,0,0
Modelica.Blocks.Sources.IntegerStep,Component,success,,Blocks,0.349,0,0,0,2,4,error:empty system: no equations or unknowns,,,,,0,0,0,false,1,0
Modelica.Blocks.Sources.IntegerTable,Component,success,,Blocks,0.576,3,0,2,5,32,ok,,3,0,0,1,0,0,false,2,9
Modelica.Blocks.Sources.KinematicPTP,Component,success,,Blocks,0.482,10,0,9,2,9,ok,,10,0,0,0,0,0,false,1,0
Modelica.Blocks.Sources.KinematicPTP2,Component,success,,Blocks,0.633,23,2,17,4,14,singular,singular,,,,0,0,0,false,1,0
Modelica.Blocks.Sources.LogFrequencySweep,Component,success,,Blocks,0.256,1,0,0,1,5,ok,,1,0,0,0,0,0,false,1,0
Modelica.Blocks.Sources.Pulse,Component,success,,Blocks,0.260,2,0,1,3,11,ok,,2,0,0,0,0,0,false,1,0
Modelica.Blocks.Sources.RadioButtonSource,Component,success,,Blocks,0.624,3,0,2,8,41,ok,,3,0,0,1,0,0,false,3,9
Modelica.Blocks.Sources.Ramp,Component,success,,Blocks,0.305,1,0,0,1,5,ok,,1,0,0,0,0,0,false,1,0
Modelica.Blocks.Sources.RealExpression,Component,success,,Blocks,0.241,1,0,0,0,0,ok,,1,0,0,0,0,0,false,0,0
Modelica.Blocks.Sources.SampleTrigger,Component,success,,Blocks,0.382,0,0,0,1,3,error:empty system: no equations or unknowns,,,,,0,0,0,false,1,0
Modelica.Blocks.Sources.SawTooth,Component,success,,Blocks,0.254,1,0,0,3,10,ok,,1,0,0,0,0,0,false,1,0
Modelica.Blocks.Sources.Sinc,Component,success,,Blocks,0.251,2,0,1,1,6,ok,,2,0,0,0,0,0,false,1,0
Modelica.Blocks.Sources.Sine,Component,success,,Blocks,0.325,1,0,0,1,7,ok,,1,0,0,0,0,0,false,1,1
Modelica.Blocks.Sources.SineVariableFrequencyAndAmplitude,Component,success,,Blocks,0.280,4,1,2,0,5,ok,,4,0,0,2,0,0,false,0,0
Modelica.Blocks.Sources.Step,Component,success,,Blocks,0.242,1,0,0,1,4,ok,,1,0,0,0,0,0,false,1,0
Modelica.Blocks.Sources.TimeTable,Component,success,,Blocks,0.394,2,0,1,6,11,ok,,2,0,0,0,0,0,false,1,1
Modelica.Blocks.Sources.Trapezoid,Component,success,,Blocks,0.255,1,0,0,3,16,ok,,1,0,0,0,0,0,false,1,0
Modelica.Blocks.Tables.CombiTable1Ds,Component,success,,Blocks,0.538,1,0,0,0,16,ok,,1,0,0,0,0,0,false,0,7
Modelica.Blocks.Tables.CombiTable1Dv,Component,success,,Blocks,0.466,1,0,0,0,16,ok,,1,0,0,0,0,0,false,0,7
Modelica.Blocks.Tables.CombiTable2Ds,Component,success,,Blocks,0.396,1,0,0,0,14,ok,,1,0,0,0,0,0,false,0,7
Modelica.Blocks.Tables.CombiTable2Dv,Component,success,,Blocks,0.315,1,0,0,0,15,ok,,1,0,0,0,0,0,false,0,7
Modelica.Blocks.Tables.Internal.CombiTable2DBase,Internal,success,,Blocks,0.329,0,0,0,0,14,error:empty system: no equations or unknowns,,,,,0,0,0,false,0,6
Modelica.Blocks.Types.ExternalCombiTable1D,Types,success,,Blocks,0.357,0,0,0,0,0,error:empty system: no equations or unknowns,,,,,0,0,0,false,0,0
Modelica.Blocks.Types.ExternalCombiTable2D,Types,success,,Blocks,0.289,0,0,0,0,0,error:empty system: no equations or unknowns,,,,,0,0,0,false,0,0
Modelica.Blocks.Types.ExternalCombiTimeTable,Types,success,,Blocks,0.296,0,0,0,0,0,error:empty system: no equations or unknowns,,,,,0,0,0,false,0,0
Modelica.Clocked.BooleanSignals.Interfaces.PartialClockedSISO,Interfaces,success,,Clocked,0.321,0,0,0,1,0,error:empty system: no equations or unknowns,,,,,0,0,0,false,0,0
Modelica.Clocked.BooleanSignals.Interfaces.PartialClockedSO,Interfaces,success,,Clocked,0.236,0,0,0,1,0,error:empty system: no equations or unknowns,,,,,0,0,0,false,0,0
Modelica.Clocked.BooleanSignals.Interfaces.PartialSISOSampler,Interfaces,success,,Clocked,0.287,0,0,0,1,0,error:empty system: no equations or unknowns,,,,,0,0,0,false,0,0
Modelica.Clocked.BooleanSignals.Interfaces.SamplerIcon,Interfaces,success,,Clocked,0.305,0,0,0,0,0,error:empty system: no equations or unknowns,,,,,0,0,0,false,0,0
Modelica.Clocked.BooleanSignals.NonPeriodic.BooleanChange,Component,success,,Clocked,0.269,0,0,0,2,2,error:empty system: no equations or unknowns,,,,,0,0,0,false,1,0
Modelica.Clocked.BooleanSignals.NonPeriodic.ClockToBoolean,Component,success,,Clocked,0.273,1,0,1,9,4,ok,,1,0,0,1,0,0,false,2,0
Modelica.Clocked.BooleanSignals.NonPeriodic.FractionalDelay,Component,success,,Clocked,0.283,0,0,0,4,6,error:empty system: no equations or unknowns,,,,,0,0,0,false,1,0
Modelica.Clocked.BooleanSignals.NonPeriodic.UnitDelay,Component,success,,Clocked,0.236,0,0,0,1,2,error:empty system: no equations or unknowns,,,,,0,0,0,false,1,0
Modelica.Clocked.BooleanSignals.Sampler.AssignClock,Component,success,,Clocked,0.282,0,0,0,1,2,error:empty system: no equations or unknowns,,,,,0,0,0,false,1,0
Modelica.Clocked.BooleanSignals.Sampler.AssignClockVectorized,Component,success,,Clocked,0.287,0,0,0,1,3,error:empty system: no equations or unknowns,,,,,0,0,0,false,1,0
Modelica.Clocked.BooleanSignals.Sampler.BackSample,Component,success,,Clocked,0.278,0,0,0,1,3,error:empty system: no equations or unknowns,,,,,0,0,0,false,0,0
Modelica.Clocked.BooleanSignals.Sampler.Hold,Component,success,,Clocked,0.251,0,0,0,1,1,error:empty system: no equations or unknowns,,,,,0,0,0,false,0,0
Modelica.Clocked.BooleanSignals.Sampler.Sample,Component,success,,Clocked,0.274,0,0,0,1,1,error:empty system: no equations or unknowns,,,,,0,0,0,false,1,0
Modelica.Clocked.BooleanSignals.Sampler.SampleClocked,Component,success,,Clocked,0.244,0,0,0,1,1,error:empty system: no equations or unknowns,,,,,0,0,0,false,1,0
Modelica.Clocked.BooleanSignals.Sampler.SampleVectorizedAndClocked,Component,success,,Clocked,0.266,0,0,0,1,2,error:empty system: no equations or unknowns,,,,,0,0,0,false,1,0
Modelica.Clocked.BooleanSignals.Sampler.ShiftSample,Component,success,,Clocked,0.283,0,0,0,1,2,error:empty system: no equations or unknowns,,,,,0,0,0,false,0,0
Modelica.Clocked.BooleanSignals.Sampler.SubSample,Component,success,,Clocked,0.301,0,0,0,1,2,error:empty system: no equations or unknowns,,,,,0,0,0,false,0,0
Modelica.Clocked.BooleanSignals.Sampler.SuperSample,Component,success,,Clocked,0.299,0,0,0,1,2,error:empty system: no equations or unknowns,,,,,0,0,0,false,0,0
Modelica.Clocked.BooleanSignals.Sampler.Utilities.AssignClockToSquareWaveHold,Component,success,,Clocked,0.255,0,0,0,3,3,error:empty system: no equations or unknowns,,,,,0,0,0,false,1,0
Modelica.Clocked.BooleanSignals.Sampler.Utilities.AssignClockToTriggerHold,Component,success,,Clocked,0.249,0,0,0,4,4,error:empty system: no equations or unknowns,,,,,0,0,0,false,1,0
Modelica.Clocked.BooleanSignals.Sampler.Utilities.UpSample,Component,success,,Clocked,0.313,0,0,0,6,8,error:empty system: no equations or unknowns,,,,,0,0,0,false,1,0
Modelica.Clocked.BooleanSignals.TickBasedSources.Pulse,Component,success,,Clocked,0.276,0,0,0,4,6,error:empty system: no equations or unknowns,,,,,0,0,0,false,1,0
Modelica.Clocked.BooleanSignals.TickBasedSources.Step,Component,success,,Clocked,0.260,0,0,0,3,4,error:empty system: no equations or unknowns,,,,,0,0,0,false,1,0
Modelica.Clocked.BooleanSignals.TimeBasedSources.Pulse,Component,success,,Clocked,0.340,0,0,0,5,6,error:empty system: no equations or unknowns,,,,,0,0,0,false,1,0
Modelica.Clocked.BooleanSignals.TimeBasedSources.Step,Component,success,,Clocked,0.333,0,0,0,3,3,error:empty system: no equations or unknowns,,,,,0,0,0,false,1,0
Modelica.Clocked.ClockSignals.Clocks.EventClock,Component,failed:ToDae,"unresolved clock schedule: 1/1 constructor(s) could not be lowered (FunctionCall { name: Reference { name: VarName(""Clock""), component_ref: Some(ComponentReference { local: false, span: Span { source:",Clocked,0.236,,,,,,,,,,,,,,false,0,
Modelica.Clocked.ClockSignals.Clocks.Logical.ConjunctiveClock,Component,success,,Clocked,0.341,4,0,4,77,28,ok,,4,0,0,4,0,0,true,3,1
Modelica.Clocked.ClockSignals.Clocks.Logical.DisjunctiveClock,Component,success,,Clocked,0.320,4,0,4,77,28,ok,,4,0,0,4,0,0,true,3,1
Modelica.Clocked.ClockSignals.Clocks.Logical.PartialLogicalClock,Component,failed:Typecheck,unknown modifier `__constrainedby__.nu` for component `combinator` of type `Modelica.Blocks.Interfaces.PartialBooleanMISO`,Clocked,0.284,,,,,,,,,,,,,,false,0,
Modelica.Clocked.ClockSignals.Clocks.PeriodicExactClock,Component,failed:ToDae,"unresolved clock schedule: 2/3 constructor(s) could not be lowered (FunctionCall { name: Reference { name: VarName(""Clock""), component_ref: Some(ComponentReference { local: false, span: Span { source:",Clocked,0.281,,,,,,,,,,,,,,false,0,
Modelica.Clocked.ClockSignals.Clocks.PeriodicRealClock,Component,failed:ToDae,"unresolved clock schedule: 1/1 constructor(s) could not be lowered (FunctionCall { name: Reference { name: VarName(""Clock""), component_ref: Some(ComponentReference { local: false, span: Span { source:",Clocked,0.353,,,,,,,,,,,,,,false,0,
Modelica.Clocked.ClockSignals.Clocks.Rotational.FixedRotationalClock,Component,success,,Clocked,0.266,15,0,10,21,18,ok,,15,0,0,10,0,0,false,3,0
Modelica.Clocked.ClockSignals.Clocks.Rotational.PartialRotationalClock,Component,success,,Clocked,0.250,0,0,0,2,2,singular,singular,,,,0,0,0,false,0,0
Modelica.Clocked.ClockSignals.Clocks.Rotational.RotationalClock,Component,success,,Clocked,0.319,12,0,8,18,14,ok,,12,0,0,8,0,0,false,2,0
Modelica.Clocked.ClockSignals.Interfaces.ClockedBlockIcon,Interfaces,success,,Clocked,0.336,0,0,0,0,0,error:empty system: no equations or unknowns,,,,,0,0,0,false,0,0
Modelica.Clocked.ClockSignals.Interfaces.PartialClock,Interfaces,success,,Clocked,0.286,0,0,0,0,2,singular,singular,,,,0,0,0,false,0,0
Modelica.Clocked.ClockSignals.Interfaces.PartialPeriodicClock,Interfaces,success,,Clocked,0.244,0,0,0,0,2,singular,singular,,,,0,0,0,false,0,0
Modelica.Clocked.ClockSignals.Sampler.ShiftSample,Component,success,,Clocked,0.239,0,0,0,1,2,error:empty system: no equations or unknowns,,,,,0,0,0,false,0,0
Modelica.Clocked.ClockSignals.Sampler.SubSample,Component,success,,Clocked,0.328,0,0,0,1,1,error:empty system: no equations or unknowns,,,,,0,0,0,false,0,0
Modelica.Clocked.ClockSignals.Sampler.SuperSample,Component,success,,Clocked,0.251,0,0,0,1,1,error:empty system: no equations or unknowns,,,,,0,0,0,false,0,0
Modelica.Clocked.Examples.CascadeControlledDrive.AbsoluteClocks,Examples,success,,Clocked,0.786,54,5,38,20,35,singular,singular,,,,11,2,0,false,2,0
Modelica.Clocked.Examples.CascadeControlledDrive.Continuous,Examples,success,,Clocked,0.845,53,6,37,4,20,singular,singular,,,,10,2,0,false,2,0
Modelica.Clocked.Examples.CascadeControlledDrive.SubClocked,Examples,success,,Clocked,0.797,50,5,36,23,29,singular,singular,,,,9,2,0,false,2,0
Modelica.Clocked.Examples.CascadeControlledDrive.SuperSampled,Examples,success,,Clocked,0.666,50,5,36,20,28,singular,singular,,,,9,2,0,false,2,0
Modelica.Clocked.Examples.Elementary.BooleanSignals.AssignClock,Examples,success,,Clocked,0.329,2,0,1,9,10,ok,,2,0,0,1,0,0,false,2,0
Modelica.Clocked.Examples.Elementary.BooleanSignals.AssignClockVectorized,Examples,success,,Clocked,0.289,2,0,1,15,14,ok,,2,0,0,1,0,0,false,2,0
Modelica.Clocked.Examples.Elementary.BooleanSignals.BackSample,Examples,success,,Clocked,0.509,5,0,3,12,45,ok,,5,0,0,2,0,0,false,3,9
Modelica.Clocked.Examples.Elementary.BooleanSignals.Hold,Examples,success,,Clocked,0.535,5,0,3,12,43,ok,,5,0,0,2,0,0,false,3,9
Modelica.Clocked.Examples.Elementary.BooleanSignals.Sample1,Examples,success,,Clocked,0.286,2,0,1,7,11,ok,,2,0,0,1,0,0,false,2,0
Modelica.Clocked.Examples.Elementary.BooleanSignals.Sample2,Examples,success,,Clocked,0.253,2,0,1,16,12,ok,,2,0,0,1,0,0,false,2,0
Modelica.Clocked.Examples.Elementary.BooleanSignals.SampleClocked,Examples,success,,Clocked,0.334,2,0,1,5,9,ok,,2,0,0,1,0,0,false,2,0
Modelica.Clocked.Examples.Elementary.BooleanSignals.SampleVectorizedAndClocked,Examples,success,,Clocked,0.265,2,0,1,6,12,ok,,2,0,0,1,0,0,false,2,0
Modelica.Clocked.Examples.Elementary.BooleanSignals.ShiftSample,Examples,success,,Clocked,0.588,5,0,3,10,42,ok,,5,0,0,2,0,0,false,3,9
Modelica.Clocked.Examples.Elementary.BooleanSignals.SubSample,Examples,success,,Clocked,0.560,5,0,3,10,42,ok,,5,0,0,2,0,0,false,3,9
Modelica.Clocked.Examples.Elementary.BooleanSignals.SuperSample,Examples,success,,Clocked,0.483,5,0,3,10,42,ok,,5,0,0,2,0,0,false,3,9
Modelica.Clocked.Examples.Elementary.BooleanSignals.TickBasedPulse,Examples,success,,Clocked,0.244,0,0,0,8,11,error:empty system: no equations or unknowns,,,,,0,0,0,false,2,0
Modelica.Clocked.Examples.Elementary.BooleanSignals.TickBasedStep,Examples,success,,Clocked,0.317,0,0,0,7,9,error:empty system: no equations or unknowns,,,,,0,0,0,false,2,0
Modelica.Clocked.Examples.Elementary.BooleanSignals.TimeBasedPulse,Examples,success,,Clocked,0.315,0,0,0,9,11,error:empty system: no equations or unknowns,,,,,0,0,0,false,2,0
Modelica.Clocked.Examples.Elementary.BooleanSignals.TimeBasedStep,Examples,success,,Clocked,0.289,0,0,0,7,8,error:empty system: no equations or unknowns,,,,,0,0,0,false,2,0
Modelica.Clocked.Examples.Elementary.BooleanSignals.UpSample,Examples,success,,Clocked,0.602,5,0,3,23,54,ok,,5,0,0,2,0,0,false,3,9
Modelica.Clocked.Examples.Elementary.ClockSignals.LogicalSample,Examples,success,,Clocked,0.391,34,0,23,203,105,ok,,34,0,0,22,0,0,true,4,4
Modelica.Clocked.Examples.Elementary.ClockSignals.RotationalSample,Examples,success,,Clocked,0.275,18,0,12,22,31,ok,,18,0,0,11,0,0,false,3,1
Modelica.Clocked.Examples.Elementary.ClockSignals.ShiftSample,Examples,success,,Clocked,0.326,4,0,2,5,15,ok,,4,0,0,2,0,0,false,2,1
Modelica.Clocked.Examples.Elementary.ClockSignals.SubSample,Examples,success,,Clocked,0.292,4,0,2,5,14,ok,,4,0,0,2,0,0,false,2,1
Modelica.Clocked.Examples.Elementary.ClockSignals.SuperSample,Examples,success,,Clocked,0.323,4,0,2,5,14,ok,,4,0,0,2,0,0,false,2,1
Modelica.Clocked.Examples.Elementary.IntegerSignals.AssignClock,Examples,success,,Clocked,0.299,2,0,1,9,13,ok,,2,0,0,1,0,0,false,2,0
Modelica.Clocked.Examples.Elementary.IntegerSignals.AssignClockVectorized,Examples,success,,Clocked,0.362,2,0,1,14,19,ok,,2,0,0,1,0,0,false,2,0
Modelica.Clocked.Examples.Elementary.IntegerSignals.BackSample,Examples,success,,Clocked,0.445,5,0,3,12,43,ok,,5,0,0,2,0,0,false,3,9
Modelica.Clocked.Examples.Elementary.IntegerSignals.Hold,Examples,success,,Clocked,0.552,5,0,3,12,41,ok,,5,0,0,2,0,0,false,3,9
Modelica.Clocked.Examples.Elementary.IntegerSignals.Sample1,Examples,success,,Clocked,0.337,2,0,1,7,12,ok,,2,0,0,1,0,0,false,2,0
Modelica.Clocked.Examples.Elementary.IntegerSignals.Sample2,Examples,success,,Clocked,0.369,2,0,1,14,17,ok,,2,0,0,1,0,0,false,2,0
Modelica.Clocked.Examples.Elementary.IntegerSignals.SampleClocked,Examples,success,,Clocked,0.313,2,0,1,5,10,ok,,2,0,0,1,0,0,false,2,0
Modelica.Clocked.Examples.Elementary.IntegerSignals.SampleVectorizedAndClocked,Examples,success,,Clocked,0.297,2,0,1,6,14,ok,,2,0,0,1,0,0,false,2,0
Modelica.Clocked.Examples.Elementary.IntegerSignals.ShiftSample,Examples,success,,Clocked,0.450,5,0,3,10,40,ok,,5,0,0,2,0,0,false,3,9
Modelica.Clocked.Examples.Elementary.IntegerSignals.SubSample,Examples,success,,Clocked,0.491,5,0,3,10,40,ok,,5,0,0,2,0,0,false,3,9
Modelica.Clocked.Examples.Elementary.IntegerSignals.SuperSample,Examples,success,,Clocked,0.577,5,0,3,10,40,ok,,5,0,0,2,0,0,false,3,9
Modelica.Clocked.Examples.Elementary.IntegerSignals.TickBasedStep,Examples,success,,Clocked,0.254,0,0,0,7,10,error:empty system: no equations or unknowns,,,,,0,0,0,false,2,0
Modelica.Clocked.Examples.Elementary.IntegerSignals.TimeBasedStep,Examples,success,,Clocked,0.382,0,0,0,7,9,error:empty system: no equations or unknowns,,,,,0,0,0,false,2,0
Modelica.Clocked.Examples.Elementary.IntegerSignals.UpSample,Examples,success,,Clocked,0.678,5,0,3,22,54,ok,,5,0,0,2,0,0,false,3,9
Modelica.Clocked.Examples.Elementary.RealSignals.AssignClock,Examples,success,,Clocked,0.243,6,0,3,5,12,ok,,6,0,0,3,0,0,false,2,0
Modelica.Clocked.Examples.Elementary.RealSignals.AssignClockToSquareWaveHold,Examples,success,,Clocked,0.261,4,0,2,7,16,ok,,4,0,0,2,0,0,false,2,1
Modelica.Clocked.Examples.Elementary.RealSignals.AssignClockToTriggerHold,Examples,success,,Clocked,0.337,5,0,3,10,20,ok,,5,0,0,3,0,0,false,2,1
Modelica.Clocked.Examples.Elementary.RealSignals.AssignClockVectorized,Examples,success,,Clocked,0.392,10,0,4,8,18,ok,,10,0,0,5,0,0,false,2,0
Modelica.Clocked.Examples.Elementary.RealSignals.BackSample,Examples,success,,Clocked,0.288,4,0,2,7,18,ok,,4,0,0,2,0,0,false,2,1
Modelica.Clocked.Examples.Elementary.RealSignals.FractionalDelay,Examples,success,,Clocked,0.332,4,0,2,7,18,ok,,4,0,0,2,0,0,false,2,1
Modelica.Clocked.Examples.Elementary.RealSignals.Hold,Examples,success,,Clocked,0.253,4,0,2,7,16,ok,,4,0,0,2,0,0,false,2,1
Modelica.Clocked.Examples.Elementary.RealSignals.HoldWithDAeffects1,Examples,success,,Clocked,0.332,10,0,5,13,29,ok,,10,0,0,6,0,0,false,2,1
Modelica.Clocked.Examples.Elementary.RealSignals.HoldWithDAeffects2,Examples,success,,Clocked,0.330,10,0,5,13,30,ok,,10,0,0,6,0,0,false,3,1
Modelica.Clocked.Examples.Elementary.RealSignals.Sample1,Examples,success,,Clocked,0.327,4,0,2,5,15,ok,,4,0,0,2,0,0,false,2,1
Modelica.Clocked.Examples.Elementary.RealSignals.Sample2,Examples,success,,Clocked,0.272,4,0,2,5,12,ok,,4,0,0,2,0,0,false,2,0
Modelica.Clocked.Examples.Elementary.RealSignals.Sample3,Examples,success,,Clocked,0.383,8,0,4,8,13,ok,,8,0,0,4,0,0,false,2,0
Modelica.Clocked.Examples.Elementary.RealSignals.SampleClocked,Examples,success,,Clocked,0.254,4,0,2,3,13,ok,,4,0,0,2,0,0,false,2,1
Modelica.Clocked.Examples.Elementary.RealSignals.SampleVectorizedAndClocked,Examples,success,,Clocked,0.271,6,0,2,3,20,ok,,6,0,0,3,0,0,false,2,1
Modelica.Clocked.Examples.Elementary.RealSignals.SampleWithADeffects,Examples,success,,Clocked,0.301,15,0,6,8,32,ok,,15,0,0,10,0,0,false,3,2
Modelica.Clocked.Examples.Elementary.RealSignals.ShiftSample,Examples,success,,Clocked,0.313,4,0,2,5,15,ok,,4,0,0,2,0,0,false,2,1
Modelica.Clocked.Examples.Elementary.RealSignals.SubSample,Examples,success,,Clocked,0.281,4,0,2,5,15,ok,,4,0,0,2,0,0,false,2,1
Modelica.Clocked.Examples.Elementary.RealSignals.SuperSample,Examples,success,,Clocked,0.303,4,0,2,5,15,ok,,4,0,0,2,0,0,false,2,1
Modelica.Clocked.Examples.Elementary.RealSignals.SuperSampleInterpolated,Examples,success,,Clocked,0.262,4,0,2,12,22,ok,,4,0,0,2,0,0,false,2,1
Modelica.Clocked.Examples.Elementary.RealSignals.TickBasedRamp,Examples,success,,Clocked,0.312,2,0,1,5,11,ok,,2,0,0,1,0,0,false,2,0
Modelica.Clocked.Examples.Elementary.RealSignals.TickBasedSine,Examples,success,,Clocked,0.267,3,0,1,7,19,ok,,3,0,0,1,0,0,false,2,1
Modelica.Clocked.Examples.Elementary.RealSignals.TickBasedStep,Examples,success,,Clocked,0.277,2,0,1,5,10,ok,,2,0,0,1,0,0,false,2,0
Modelica.Clocked.Examples.Elementary.RealSignals.TimeBasedRamp,Examples,success,,Clocked,0.276,2,0,1,5,10,ok,,2,0,0,1,0,0,false,2,0
Modelica.Clocked.Examples.Elementary.RealSignals.TimeBasedSine,Examples,success,,Clocked,0.300,2,0,1,5,11,ok,,2,0,0,1,0,0,false,2,1
Modelica.Clocked.Examples.Elementary.RealSignals.TimeBasedStep,Examples,success,,Clocked,0.233,2,0,1,5,9,ok,,2,0,0,1,0,0,false,2,0
Modelica.Clocked.Examples.Elementary.RealSignals.UniformNoise,Examples,success,,Clocked,0.335,5,0,2,5,11,ok,,5,0,0,2,0,0,false,2,1
Modelica.Clocked.Examples.Elementary.RealSignals.UniformNoiseXorshift64star,Examples,success,,Clocked,0.315,5,0,2,5,12,ok,,5,0,0,2,0,0,false,2,2
Modelica.Clocked.Examples.Elementary.RealSignals.UpSample1,Examples,success,,Clocked,0.325,5,0,2,17,29,ok,,5,0,0,2,0,0,false,2,1
Modelica.Clocked.Examples.Elementary.RealSignals.UpSample2,Examples,success,,Clocked,0.646,6,0,4,26,39,singular,singular,,,,2,0,0,false,2,1
Modelica.Clocked.Examples.SimpleControlledDrive.ClockedWithDiscreteController,Examples,success,,Clocked,0.312,18,3,12,13,17,singular,ok,10,0,0,5,2,0,false,2,0
Modelica.Clocked.Examples.SimpleControlledDrive.ClockedWithDiscreteTextbookController,Examples,success,,Clocked,0.267,18,3,12,12,17,singular,ok,10,0,0,5,2,0,false,2,0
Modelica.Clocked.Examples.SimpleControlledDrive.ClockedWithDiscretizedContinuousController,Examples,success,,Clocked,0.337,21,4,13,9,18,singular,ok,13,0,0,6,2,0,false,2,0
Modelica.Clocked.Examples.SimpleControlledDrive.ClockedWith_AD_DA_Effects,Examples,success,,Clocked,0.400,42,3,22,27,60,singular,ok,31,0,0,23,2,0,false,3,1
Modelica.Clocked.Examples.SimpleControlledDrive.Continuous,Examples,success,,Clocked,0.291,21,4,13,1,12,singular,ok,13,0,0,6,2,0,false,2,0
Modelica.Clocked.Examples.SimpleControlledDrive.ExactlyClockedWithDiscreteController,Examples,success,,Clocked,0.325,20,3,13,12,19,singular,ok,11,0,0,6,2,0,false,2,0
Modelica.Clocked.Examples.Systems.ControlledMixingUnit,Examples,success,,Clocked,0.328,26,5,12,9,76,singular,singular,,,,10,0,0,false,2,0
Modelica.Clocked.Examples.Systems.EngineThrottleControl,Examples,success,,Clocked,0.402,77,7,51,51,62,singular,ok,48,0,0,35,3,0,false,5,0
Modelica.Clocked.Examples.Systems.Utilities.ComponentsMixingUnit.CriticalDamping,Examples,success,,Clocked,0.257,3,1,0,0,5,ok,,3,0,0,0,0,0,false,0,0
Modelica.Clocked.Examples.Systems.Utilities.ComponentsMixingUnit.FilterOrder,Examples,failed:ToDae,"unbalanced model: 7 equations, 8 unknowns (balance = -1)",Clocked,0.272,,,,,,,,,,,,,,false,0,
Modelica.Clocked.Examples.Systems.Utilities.ComponentsMixingUnit.MixingUnit,Examples,success,,Clocked,0.240,3,2,1,0,18,ok,,3,0,0,0,0,0,false,0,0
Modelica.Clocked.Examples.Systems.Utilities.ComponentsMixingUnit.MixingUnitWithContinuousControl,Examples,success,,Clocked,0.331,26,5,12,1,73,singular,singular,,,,10,0,0,false,1,0
Modelica.Clocked.Examples.Systems.Utilities.ComponentsThrottleControl.CylinderAirCharge,Examples,success,,Clocked,0.314,8,1,4,5,9,ok,,8,0,0,5,0,0,false,2,0
Modelica.Clocked.Examples.Systems.Utilities.ComponentsThrottleControl.Engine,Examples,success,,Clocked,0.348,61,6,42,40,41,singular,ok,40,0,0,28,3,0,false,4,0
Modelica.Clocked.Examples.Systems.Utilities.ComponentsThrottleControl.InductionToPowerDelay,Examples,success,,Clocked,0.310,2,0,2,9,8,ok,,2,0,0,2,0,0,false,2,0
Modelica.Clocked.Examples.Systems.Utilities.ComponentsThrottleControl.IntakeManifold,Examples,success,,Clocked,0.311,2,1,0,0,2,ok,,2,0,0,0,0,0,false,0,0
Modelica.Clocked.Examples.Systems.Utilities.ComponentsThrottleControl.SpeedControl,Examples,success,,Clocked,0.264,0,0,0,2,6,error:empty system: no equations or unknowns,,,,,0,0,0,false,1,0
Modelica.Clocked.Examples.Systems.Utilities.ComponentsThrottleControl.ThrottleBody,Examples,success,,Clocked,0.244,8,1,6,1,2,singular,ok,3,0,0,0,0,0,false,1,0
Modelica.Clocked.Examples.Systems.Utilities.ComponentsThrottleControl.TorqueGeneration,Examples,success,,Clocked,0.329,1,0,0,0,2,ok,,1,0,0,0,0,0,false,0,0
Modelica.Clocked.IntegerSignals.Interfaces.PartialClockedSISO,Interfaces,success,,Clocked,0.237,0,0,0,1,0,error:empty system: no equations or unknowns,,,,,0,0,0,false,0,0
Modelica.Clocked.IntegerSignals.Interfaces.PartialClockedSO,Interfaces,success,,Clocked,0.251,0,0,0,1,0,error:empty system: no equations or unknowns,,,,,0,0,0,false,0,0
Modelica.Clocked.IntegerSignals.Interfaces.PartialSISOHold,Interfaces,success,,Clocked,0.327,0,0,0,1,1,error:empty system: no equations or unknowns,,,,,0,0,0,false,0,0
Modelica.Clocked.IntegerSignals.Interfaces.PartialSISOSampler,Interfaces,success,,Clocked,0.283,0,0,0,1,0,error:empty system: no equations or unknowns,,,,,0,0,0,false,0,0
Modelica.Clocked.IntegerSignals.Interfaces.SamplerIcon,Interfaces,success,,Clocked,0.252,0,0,0,0,0,error:empty system: no equations or unknowns,,,,,0,0,0,false,0,0
Modelica.Clocked.IntegerSignals.NonPeriodic.FractionalDelay,Component,success,,Clocked,0.279,0,0,0,4,6,error:empty system: no equations or unknowns,,,,,0,0,0,false,1,0
Modelica.Clocked.IntegerSignals.NonPeriodic.IntegerChange,Component,success,,Clocked,0.237,0,0,0,2,2,error:empty system: no equations or unknowns,,,,,0,0,0,false,1,0
Modelica.Clocked.IntegerSignals.NonPeriodic.UnitDelay,Component,success,,Clocked,0.315,0,0,0,1,2,error:empty system: no equations or unknowns,,,,,0,0,0,false,1,0
Modelica.Clocked.IntegerSignals.Sampler.AssignClock,Component,success,,Clocked,0.255,0,0,0,1,2,error:empty system: no equations or unknowns,,,,,0,0,0,false,1,0
Modelica.Clocked.IntegerSignals.Sampler.AssignClockVectorized,Component,success,,Clocked,0.250,0,0,0,1,3,error:empty system: no equations or unknowns,,,,,0,0,0,false,1,0
Modelica.Clocked.IntegerSignals.Sampler.BackSample,Component,success,,Clocked,0.259,0,0,0,1,3,error:empty system: no equations or unknowns,,,,,0,0,0,false,0,0
Modelica.Clocked.IntegerSignals.Sampler.Hold,Component,success,,Clocked,0.231,0,0,0,1,1,error:empty system: no equations or unknowns,,,,,0,0,0,false,0,0
Modelica.Clocked.IntegerSignals.Sampler.Sample,Component,success,,Clocked,0.238,0,0,0,1,1,error:empty system: no equations or unknowns,,,,,0,0,0,false,1,0
Modelica.Clocked.IntegerSignals.Sampler.SampleClocked,Component,success,,Clocked,0.301,0,0,0,1,1,error:empty system: no equations or unknowns,,,,,0,0,0,false,1,0
Modelica.Clocked.IntegerSignals.Sampler.SampleVectorizedAndClocked,Component,success,,Clocked,0.310,0,0,0,1,2,error:empty system: no equations or unknowns,,,,,0,0,0,false,1,0
Modelica.Clocked.IntegerSignals.Sampler.ShiftSample,Component,success,,Clocked,0.267,0,0,0,1,2,error:empty system: no equations or unknowns,,,,,0,0,0,false,0,0
Modelica.Clocked.IntegerSignals.Sampler.SubSample,Component,success,,Clocked,0.293,0,0,0,1,2,error:empty system: no equations or unknowns,,,,,0,0,0,false,0,0
Modelica.Clocked.IntegerSignals.Sampler.SuperSample,Component,success,,Clocked,0.224,0,0,0,1,2,error:empty system: no equations or unknowns,,,,,0,0,0,false,0,0
Modelica.Clocked.IntegerSignals.Sampler.Utilities.AssignClockToSquareWaveHold,Component,success,,Clocked,0.232,0,0,0,3,3,error:empty system: no equations or unknowns,,,,,0,0,0,false,1,0
Modelica.Clocked.IntegerSignals.Sampler.Utilities.AssignClockToTriggerHold,Component,success,,Clocked,0.321,0,0,0,4,4,error:empty system: no equations or unknowns,,,,,0,0,0,false,1,0
Modelica.Clocked.IntegerSignals.Sampler.Utilities.UpSample,Component,success,,Clocked,0.263,0,0,0,6,8,error:empty system: no equations or unknowns,,,,,0,0,0,false,1,0
Modelica.Clocked.IntegerSignals.TickBasedSources.Step,Component,success,,Clocked,0.251,0,0,0,3,5,error:empty system: no equations or unknowns,,,,,0,0,0,false,1,0
Modelica.Clocked.IntegerSignals.TimeBasedSources.Step,Component,success,,Clocked,0.314,0,0,0,3,4,error:empty system: no equations or unknowns,,,,,0,0,0,false,1,0
Modelica.Clocked.RealSignals.Interfaces.PartialClockedMIMO,Interfaces,success,,Clocked,0.270,0,0,0,0,2,singular,singular,,,,0,0,0,false,0,0
Modelica.Clocked.RealSignals.Interfaces.PartialClockedSISO,Interfaces,success,,Clocked,0.228,0,0,0,0,0,singular,singular,,,,0,0,0,false,0,0
Modelica.Clocked.RealSignals.Interfaces.PartialClockedSO,Interfaces,success,,Clocked,0.341,0,0,0,0,0,singular,singular,,,,0,0,0,false,0,0
Modelica.Clocked.RealSignals.Interfaces.PartialNoise,Interfaces,success,,Clocked,0.265,0,0,0,0,2,singular,singular,,,,0,0,0,false,0,0
Modelica.Clocked.RealSignals.Interfaces.PartialSISOHold,Interfaces,success,,Clocked,0.299,0,0,0,0,1,singular,singular,,,,0,0,0,false,0,0
Modelica.Clocked.RealSignals.Interfaces.PartialSISOSampler,Interfaces,success,,Clocked,0.320,0,0,0,0,0,singular,singular,,,,0,0,0,false,0,0
Modelica.Clocked.RealSignals.Interfaces.SamplerIcon,Interfaces,success,,Clocked,0.283,0,0,0,0,0,error:empty system: no equations or unknowns,,,,,0,0,0,false,0,0
Modelica.Clocked.RealSignals.NonPeriodic.FractionalDelay,Component,success,,Clocked,0.225,0,0,0,4,6,error:empty system: no equations or unknowns,,,,,0,0,0,false,1,0
Modelica.Clocked.RealSignals.NonPeriodic.PI,Component,success,,Clocked,0.270,0,0,0,3,4,error:empty system: no equations or unknowns,,,,,0,0,0,false,1,0
Modelica.Clocked.RealSignals.NonPeriodic.UnitDelay,Component,success,,Clocked,0.279,0,0,0,1,2,error:empty system: no equations or unknowns,,,,,0,0,0,false,1,0
Modelica.Clocked.RealSignals.Periodic.FIRbyCoefficients,Component,success,,Clocked,0.364,1,0,1,4,6,singular,singular,,,,0,0,0,false,1,0
Modelica.Clocked.RealSignals.Periodic.MovingAverage,Component,success,,Clocked,0.322,0,0,0,6,7,error:empty system: no equations or unknowns,,,,,0,0,0,false,1,0
Modelica.Clocked.RealSignals.Periodic.PI,Component,success,,Clocked,0.249,0,0,0,2,4,error:empty system: no equations or unknowns,,,,,0,0,0,false,1,0
Modelica.Clocked.RealSignals.Periodic.StateSpace,Component,failed:Typecheck,unevaluable array dimensions for 'u': dimension expression could not be evaluated: [Expression(nin)]; unevaluable array dimensions for 'y': dimension expression could not be evaluated: [Expression(nou,Clocked,0.453,,,,,,,,,,,,,,false,0,
Modelica.Clocked.RealSignals.Periodic.TransferFunction,Component,failed:Typecheck,"unevaluable array dimensions for 'x': dimension expression could not be evaluated: [Expression(Sub { lhs: FunctionCall { comp: size, args: [a, UnsignedInteger(""1"")] }, rhs: UnsignedInteger(""1"") })]; u",Clocked,0.393,,,,,,,,,,,,,,false,0,
Modelica.Clocked.RealSignals.Sampler.AssignClock,Component,success,,Clocked,0.354,0,0,0,1,2,error:empty system: no equations or unknowns,,,,,0,0,0,false,1,0
Modelica.Clocked.RealSignals.Sampler.AssignClockVectorized,Component,success,,Clocked,0.233,0,0,0,1,3,error:empty system: no equations or unknowns,,,,,0,0,0,false,1,0
Modelica.Clocked.RealSignals.Sampler.BackSample,Component,success,,Clocked,0.275,0,0,0,1,3,error:empty system: no equations or unknowns,,,,,0,0,0,false,0,0
Modelica.Clocked.RealSignals.Sampler.Hold,Component,success,,Clocked,0.371,0,0,0,1,1,error:empty system: no equations or unknowns,,,,,0,0,0,false,0,0
Modelica.Clocked.RealSignals.Sampler.HoldWithDAeffects,Component,success,,Clocked,0.250,8,0,4,2,10,ok,,8,0,0,8,0,0,false,1,0
Modelica.Clocked.RealSignals.Sampler.Sample,Component,success,,Clocked,0.305,0,0,0,1,1,error:empty system: no equations or unknowns,,,,,0,0,0,false,1,0
Modelica.Clocked.RealSignals.Sampler.SampleClocked,Component,success,,Clocked,0.342,0,0,0,1,1,error:empty system: no equations or unknowns,,,,,0,0,0,false,1,0
Modelica.Clocked.RealSignals.Sampler.SampleVectorizedAndClocked,Component,success,,Clocked,0.272,0,0,0,1,2,error:empty system: no equations or unknowns,,,,,0,0,0,false,1,0
Modelica.Clocked.RealSignals.Sampler.SampleWithADeffects,Component,success,,Clocked,0.358,1,0,1,9,7,ok,,1,0,0,1,0,0,false,2,0
Modelica.Clocked.RealSignals.Sampler.ShiftSample,Component,success,,Clocked,0.254,0,0,0,1,2,error:empty system: no equations or unknowns,,,,,0,0,0,false,0,0
Modelica.Clocked.RealSignals.Sampler.SubSample,Component,success,,Clocked,0.245,0,0,0,1,2,error:empty system: no equations or unknowns,,,,,0,0,0,false,0,0
Modelica.Clocked.RealSignals.Sampler.SuperSample,Component,success,,Clocked,0.265,0,0,0,1,2,error:empty system: no equations or unknowns,,,,,0,0,0,false,0,0
Modelica.Clocked.RealSignals.Sampler.SuperSampleInterpolated,Component,success,,Clocked,0.286,0,0,0,9,10,error:empty system: no equations or unknowns,,,,,0,0,0,false,1,0
Modelica.Clocked.RealSignals.Sampler.Utilities.AssignClockToSquareWaveHold,Component,success,,Clocked,0.281,0,0,0,3,3,error:empty system: no equations or unknowns,,,,,0,0,0,false,1,0
Modelica.Clocked.RealSignals.Sampler.Utilities.AssignClockToTriggerHold,Component,success,,Clocked,0.253,0,0,0,4,4,error:empty system: no equations or unknowns,,,,,0,0,0,false,1,0
Modelica.Clocked.RealSignals.Sampler.Utilities.Internal.ComputationalDelay,Internal,success,,Clocked,0.253,1,0,1,1,2,ok,,1,0,0,0,0,0,false,0,0
Modelica.Clocked.RealSignals.Sampler.Utilities.Internal.Limiter,Internal,success,,Clocked,0.246,1,0,0,1,3,ok,,1,0,0,0,0,0,false,1,0
Modelica.Clocked.RealSignals.Sampler.Utilities.Internal.Quantization,Internal,success,,Clocked,0.267,1,0,0,0,5,ok,,1,0,0,0,0,0,false,0,0
Modelica.Clocked.RealSignals.Sampler.Utilities.Internal.UniformNoise,Internal,success,,Clocked,0.259,1,0,0,2,4,ok,,1,0,0,0,0,0,false,1,1
Modelica.Clocked.RealSignals.Sampler.Utilities.Internal.UniformNoiseXorshift64star,Internal,success,,Clocked,0.354,1,0,0,2,5,ok,,1,0,0,0,0,0,false,1,2
Modelica.Clocked.RealSignals.Sampler.Utilities.UpSample,Component,success,,Clocked,0.223,0,0,0,6,8,error:empty system: no equations or unknowns,,,,,0,0,0,false,1,0
Modelica.Clocked.RealSignals.TickBasedSources.Ramp,Component,success,,Clocked,0.232,1,0,0,2,6,ok,,1,0,0,0,0,0,false,1,0
Modelica.Clocked.RealSignals.TickBasedSources.Sine,Component,success,,Clocked,0.245,1,0,0,4,8,ok,,1,0,0,0,0,0,false,1,1
Modelica.Clocked.RealSignals.TickBasedSources.Step,Component,success,,Clocked,0.279,1,0,0,2,5,ok,,1,0,0,0,0,0,false,1,0
Modelica.Clocked.RealSignals.TimeBasedSources.Ramp,Component,success,,Clocked,0.281,1,0,0,2,5,ok,,1,0,0,0,0,0,false,1,0
Modelica.Clocked.RealSignals.TimeBasedSources.Sine,Component,success,,Clocked,0.383,1,0,0,2,6,ok,,1,0,0,0,0,0,false,1,1
Modelica.Clocked.RealSignals.TimeBasedSources.Step,Component,success,,Clocked,0.341,1,0,0,2,4,ok,,1,0,0,0,0,0,false,1,0
Modelica.Clocked.UsersGuide.Clocks,Component,success,,Clocked,0.211,0,0,0,0,0,error:empty system: no equations or unknowns,,,,,0,0,0,false,0,0
Modelica.Clocked.UsersGuide.Contact,Component,success,,Clocked,0.228,0,0,0,0,0,error:empty system: no equations or unknowns,,,,,0,0,0,false,0,0
Modelica.Clocked.UsersGuide.GettingStarted,Component,success,,Clocked,0.256,0,0,0,0,0,error:empty system: no equations or unknowns,,,,,0,0,0,false,0,0
Modelica.Clocked.UsersGuide.Literature,Component,success,,Clocked,0.260,0,0,0,0,0,error:empty system: no equations or unknowns,,,,,0,0,0,false,0,0
Modelica.Clocked.UsersGuide.ReleaseNotes.Version_0_9,Component,success,,Clocked,0.261,0,0,0,0,0,error:empty system: no equations or unknowns,,,,,0,0,0,false,0,0
Modelica.Clocked.UsersGuide.ReleaseNotes.Version_0_91,Component,success,,Clocked,0.340,0,0,0,0,0,error:empty system: no equations or unknowns,,,,,0,0,0,false,0,0
Modelica.Clocked.UsersGuide.ReleaseNotes.Version_0_92,Component,success,,Clocked,0.260,0,0,0,0,0,error:empty system: no equations or unknowns,,,,,0,0,0,false,0,0
Modelica.Clocked.UsersGuide.ReleaseNotes.Version_0_92_1,Component,success,,Clocked,0.244,0,0,0,0,0,error:empty system: no equations or unknowns,,,,,0,0,0,false,0,0
Modelica.Clocked.UsersGuide.ReleaseNotes.Version_0_93_0,Component,success,,Clocked,0.308,0,0,0,0,0,error:empty system: no equations or unknowns,,,,,0,0,0,false,0,0
Modelica.Clocked.UsersGuide.Requirements,Component,success,,Clocked,0.325,0,0,0,0,0,error:empty system: no equations or unknowns,,,,,0,0,0,false,0,0
Modelica.ComplexBlocks.ComplexMath.Acos,Component,success,,ComplexBlocks,0.349,4,0,2,0,1,ok,,4,0,0,0,0,0,false,1,12
Modelica.ComplexBlocks.ComplexMath.Add,Component,success,,ComplexBlocks,0.367,5,0,4,0,6,singular,singular,,,,0,0,0,false,1,2
Modelica.ComplexBlocks.ComplexMath.Add3,Component,success,,ComplexBlocks,0.451,1,0,0,0,9,singular,singular,,,,0,0,0,false,1,2
Modelica.ComplexBlocks.ComplexMath.Asin,Component,success,,ComplexBlocks,0.287,4,0,2,0,1,ok,,4,0,0,0,0,0,false,1,12
Modelica.ComplexBlocks.ComplexMath.Atan,Component,success,,ComplexBlocks,0.287,4,0,2,0,1,ok,,4,0,0,0,0,0,false,1,9
Modelica.ComplexBlocks.ComplexMath.Bode,Component,success,,ComplexBlocks,0.349,25,0,14,1,10,singular,singular,,,,14,0,0,false,2,4
Modelica.ComplexBlocks.ComplexMath.ComplexToPolar,Component,success,,ComplexBlocks,0.243,2,0,0,0,1,ok,,2,0,0,0,0,0,false,0,1
Modelica.ComplexBlocks.ComplexMath.ComplexToReal,Component,success,,ComplexBlocks,0.287,2,0,0,0,1,ok,,2,0,0,0,0,0,false,0,0
Modelica.ComplexBlocks.ComplexMath.Conj,Component,success,,ComplexBlocks,0.297,3,0,2,0,1,singular,singular,,,,0,0,0,false,1,2
Modelica.ComplexBlocks.ComplexMath.Cos,Component,success,,ComplexBlocks,0.268,4,0,2,0,1,ok,,4,0,0,0,0,0,false,1,7
Modelica.ComplexBlocks.ComplexMath.Cosh,Component,success,,ComplexBlocks,0.257,4,0,2,0,1,ok,,4,0,0,0,0,0,false,1,7
Modelica.ComplexBlocks.ComplexMath.Division,Component,success,,ComplexBlocks,0.293,5,0,4,0,2,singular,singular,,,,0,0,0,false,1,2
Modelica.ComplexBlocks.ComplexMath.Exp,Component,success,,ComplexBlocks,0.319,4,0,2,0,1,ok,,4,0,0,0,0,0,false,1,6
Modelica.ComplexBlocks.ComplexMath.Feedback,Component,success,,ComplexBlocks,0.290,1,0,0,0,2,singular,singular,,,,0,0,0,false,0,2
Modelica.ComplexBlocks.ComplexMath.Gain,Component,success,,ComplexBlocks,0.354,1,0,0,0,3,singular,singular,,,,0,0,0,false,1,2
Modelica.ComplexBlocks.ComplexMath.Log,Component,success,,ComplexBlocks,0.280,4,0,2,0,1,ok,,4,0,0,0,0,0,false,1,8
Modelica.ComplexBlocks.ComplexMath.PolarToComplex,Component,success,,ComplexBlocks,0.360,2,0,0,0,0,ok,,2,0,0,0,0,0,false,0,1
Modelica.ComplexBlocks.ComplexMath.Product,Component,success,,ComplexBlocks,0.356,5,0,4,0,2,singular,singular,,,,0,0,0,false,1,2
Modelica.ComplexBlocks.ComplexMath.RealToComplex,Component,success,,ComplexBlocks,0.235,2,0,0,0,0,ok,,2,0,0,0,0,0,false,0,1
Modelica.ComplexBlocks.ComplexMath.Sin,Component,success,,ComplexBlocks,0.367,4,0,2,0,1,ok,,4,0,0,0,0,0,false,1,7
Modelica.ComplexBlocks.ComplexMath.Sinh,Component,success,,ComplexBlocks,0.249,4,0,2,0,1,ok,,4,0,0,0,0,0,false,1,7
Modelica.ComplexBlocks.ComplexMath.Sqrt,Component,success,,ComplexBlocks,0.286,4,0,2,0,1,ok,,4,0,0,0,0,0,false,1,9
Modelica.ComplexBlocks.ComplexMath.Sum,Component,success,,ComplexBlocks,0.372,3,0,2,0,4,singular,singular,,,,0,0,0,true,1,2
Modelica.ComplexBlocks.ComplexMath.Tan,Component,success,,ComplexBlocks,0.347,4,0,2,0,1,ok,,4,0,0,0,0,0,false,1,9
Modelica.ComplexBlocks.ComplexMath.Tanh,Component,success,,ComplexBlocks,0.402,4,0,2,0,1,ok,,4,0,0,0,0,0,false,1,9
Modelica.ComplexBlocks.ComplexMath.TransferFunction,Component,success,,ComplexBlocks,0.481,9,0,10,0,3,singular,singular,,,,0,0,0,false,1,3
Modelica.ComplexBlocks.Examples.ShowTransferFunction,Examples,success,,ComplexBlocks,0.412,21,0,18,1,18,singular,singular,,,,5,0,0,false,2,4
Modelica.ComplexBlocks.Examples.TestConversionBlock,Examples,success,,ComplexBlocks,0.251,10,0,4,1,10,ok,,10,0,0,4,0,0,false,2,1
Modelica.ComplexBlocks.Icons.ComplexBlock,Icons,success,,ComplexBlocks,0.261,0,0,0,0,0,error:empty system: no equations or unknowns,,,,,0,0,0,false,0,0
Modelica.ComplexBlocks.Interfaces.ComplexMI2MO,Interfaces,success,,ComplexBlocks,0.382,4,0,4,0,3,singular,singular,,,,0,0,0,true,1,2
Modelica.ComplexBlocks.Interfaces.ComplexMIMO,Interfaces,success,,ComplexBlocks,0.298,2,0,2,0,3,singular,singular,,,,0,0,0,true,1,2
Modelica.ComplexBlocks.Interfaces.ComplexMIMOs,Interfaces,success,,ComplexBlocks,0.367,2,0,2,0,2,singular,singular,,,,0,0,0,true,1,2
Modelica.ComplexBlocks.Interfaces.ComplexMISO,Interfaces,success,,ComplexBlocks,0.380,2,0,2,0,2,singular,singular,,,,0,0,0,true,1,2
Modelica.ComplexBlocks.Interfaces.ComplexMO,Interfaces,success,,ComplexBlocks,0.231,0,0,0,0,1,singular,singular,,,,0,0,0,false,0,0
Modelica.ComplexBlocks.Interfaces.ComplexSI2SO,Interfaces,success,,ComplexBlocks,0.300,4,0,4,0,2,singular,singular,,,,0,0,0,false,1,2
Modelica.ComplexBlocks.Interfaces.ComplexSIMO,Interfaces,success,,ComplexBlocks,0.253,2,0,2,0,2,singular,singular,,,,0,0,0,false,1,2
Modelica.ComplexBlocks.Interfaces.ComplexSISO,Interfaces,success,,ComplexBlocks,0.392,2,0,2,0,1,singular,singular,,,,0,0,0,false,1,2
Modelica.ComplexBlocks.Interfaces.ComplexSO,Interfaces,success,,ComplexBlocks,0.288,0,0,0,0,0,singular,singular,,,,0,0,0,false,0,0
Modelica.ComplexBlocks.Interfaces.ComplexSignalSource,Interfaces,success,,ComplexBlocks,0.389,0,0,0,0,3,singular,singular,,,,0,0,0,false,1,1
Modelica.ComplexBlocks.Routing.ComplexPassThrough,Component,success,,ComplexBlocks,0.244,3,0,2,0,1,singular,singular,,,,0,0,0,false,1,2
Modelica.ComplexBlocks.Routing.ExtractSignal,Component,success,,ComplexBlocks,0.322,3,0,2,0,4,singular,singular,,,,0,0,0,true,1,2
Modelica.ComplexBlocks.Routing.Extractor,Component,success,,ComplexBlocks,0.481,3,0,2,3,6,singular,singular,,,,0,0,0,true,1,2
Modelica.ComplexBlocks.Routing.Replicator,Component,success,,ComplexBlocks,0.287,3,0,2,0,2,singular,singular,,,,0,0,0,false,1,2
Modelica.ComplexBlocks.Sources.ComplexConstant,Component,success,,ComplexBlocks,0.252,1,0,0,0,2,singular,singular,,,,0,0,0,false,1,0
Modelica.ComplexBlocks.Sources.ComplexExpression,Component,failed:ToDae,"unbalanced model: 0 equations, 2 unknowns (balance = -2)",ComplexBlocks,0.258,,,,,,,,,,,,,,false,0,
Modelica.ComplexBlocks.Sources.ComplexRampPhasor,Component,success,,ComplexBlocks,0.261,2,0,1,1,7,singular,singular,,,,0,0,0,false,1,5
Modelica.ComplexBlocks.Sources.ComplexRotatingPhasor,Component,success,,ComplexBlocks,0.343,2,0,1,0,3,singular,singular,,,,0,0,0,false,0,5
Modelica.ComplexBlocks.Sources.ComplexStep,Component,success,,ComplexBlocks,0.321,1,0,0,1,6,singular,singular,,,,0,0,0,false,1,1
Modelica.ComplexBlocks.UsersGuide.Contact,Component,success,,ComplexBlocks,0.288,0,0,0,0,0,error:empty system: no equations or unknowns,,,,,0,0,0,false,0,0
Modelica.ComplexBlocks.UsersGuide.ReleaseNotes,Component,success,,ComplexBlocks,0.279,0,0,0,0,0,error:empty system: no equations or unknowns,,,,,0,0,0,false,0,0
Modelica.Electrical.Analog.Basic.CCC,Component,success,,Electrical,0.233,12,0,12,0,1,singular,singular,,,,0,4,0,false,1,0
Modelica.Electrical.Analog.Basic.CCV,Component,success,,Electrical,0.254,12,0,12,0,1,singular,singular,,,,0,4,0,false,1,0
Modelica.Electrical.Analog.Basic.Capacitor,Component,success,,Electrical,0.276,6,1,5,0,1,singular,singular,,,,0,2,0,false,1,0
Modelica.Electrical.Analog.Basic.Conductor,Component,success,,Electrical,0.238,9,0,9,0,5,singular,singular,,,,0,2,0,false,1,0
Modelica.Electrical.Analog.Basic.GeneralCurrentToVoltageAdaptor,Component,success,,Electrical,0.256,14,2,9,0,10,singular,singular,,,,2,2,0,false,1,1
Modelica.Electrical.Analog.Basic.GeneralVoltageToCurrentAdaptor,Component,success,,Electrical,0.253,14,2,9,0,10,singular,singular,,,,2,2,0,false,1,1
Modelica.Electrical.Analog.Basic.Ground,Component,success,,Electrical,0.288,2,0,2,0,0,ok,,2,0,0,0,1,0,false,1,0
Modelica.Electrical.Analog.Basic.Gyrator,Component,success,,Electrical,0.249,12,0,12,0,2,singular,singular,,,,0,4,0,false,1,0
Modelica.Electrical.Analog.Basic.Inductor,Component,success,,Electrical,0.349,6,1,5,0,1,singular,singular,,,,0,2,0,false,1,0
Modelica.Electrical.Analog.Basic.M_Transformer,Component,success,,Electrical,0.253,16,1,13,0,4,singular,singular,,,,0,6,0,true,1,0
Modelica.Electrical.Analog.Basic.OpAmp,Component,success,,Electrical,0.323,13,0,13,1,2,singular,singular,,,,0,5,0,false,1,0
Modelica.Electrical.Analog.Basic.OpAmpDetailed,Component,success,,Electrical,0.319,31,7,24,0,31,singular,singular,,,,0,5,0,false,1,2
Modelica.Electrical.Analog.Basic.Potentiometer,Component,success,,Electrical,0.378,12,0,11,0,8,singular,singular,,,,1,3,0,false,1,0
Modelica.Electrical.Analog.Basic.Resistor,Component,success,,Electrical,0.244,9,0,9,0,5,singular,singular,,,,0,2,0,false,1,0
Modelica.Electrical.Analog.Basic.RotationalEMF,Component,success,,Electrical,0.360,18,1,17,0,3,singular,singular,,,,1,4,0,false,2,0
Modelica.Electrical.Analog.Basic.SaturatingInductor,Component,success,,Electrical,0.274,8,1,7,0,5,singular,singular,,,,0,2,0,false,1,1
Modelica.Electrical.Analog.Basic.Transformer,Component,success,,Electrical,0.340,13,2,11,0,3,singular,singular,,,,0,4,0,false,1,0
Modelica.Electrical.Analog.Basic.TranslationalEMF,Component,success,,Electrical,0.340,18,1,17,0,3,singular,singular,,,,1,4,0,false,2,0
Modelica.Electrical.Analog.Basic.VCC,Component,success,,Electrical,0.334,12,0,12,0,1,singular,singular,,,,0,4,0,false,1,0
Modelica.Electrical.Analog.Basic.VCV,Component,success,,Electrical,0.245,12,0,12,0,1,singular,singular,,,,0,4,0,false,1,0
Modelica.Electrical.Analog.Basic.VariableCapacitor,Component,success,,Electrical,0.334,7,1,6,0,3,singular,singular,,,,0,2,0,false,1,0
Modelica.Electrical.Analog.Basic.VariableConductor,Component,success,,Electrical,0.366,9,0,9,0,4,singular,singular,,,,0,2,0,false,1,0
Modelica.Electrical.Analog.Basic.VariableInductor,Component,success,,Electrical,0.372,7,1,6,0,3,singular,singular,,,,0,2,0,false,1,0
Modelica.Electrical.Analog.Basic.VariableResistor,Component,success,,Electrical,0.269,9,0,9,0,4,singular,singular,,,,0,2,0,false,1,0
Modelica.Electrical.Analog.Examples.AD_DA_conversion,Examples,success,,Electrical,0.277,27,0,26,12,41,ok,,27,0,0,6,3,0,false,2,1
Modelica.Electrical.Analog.Examples.AmplifierWithOpAmpDetailed,Examples,success,,Electrical,0.281,78,7,70,1,61,ok,,66,1,13,12,6,0,false,2,3
Modelica.Electrical.Analog.Examples.CauerLowPassAnalog,Examples,success,,Electrical,0.483,69,7,61,1,31,singular,ok,13,1,5,16,5,0,false,2,0
Modelica.Electrical.Analog.Examples.CauerLowPassOPV,Examples,success,,Electrical,1.054,240,9,230,1,78,singular,ok,27,1,7,65,36,0,false,2,0
Modelica.Electrical.Analog.Examples.CauerLowPassSC,Examples,success,,Electrical,6.903,537,20,505,122,232,singular,ok,115,12,10,142,102,0,false,3,0
Modelica.Electrical.Analog.Examples.CharacteristicIdealDiodes,Examples,success,,Electrical,0.409,77,0,74,4,64,ok,,50,3,10,12,7,0,false,2,1
Modelica.Electrical.Analog.Examples.CharacteristicThyristors,Examples,success,,Electrical,0.636,84,0,82,15,94,ok,,48,4,10,14,6,0,false,3,10
Modelica.Electrical.Analog.Examples.ChuaCircuit,Examples,success,,Electrical,0.256,44,3,41,1,17,ok,,44,0,0,9,4,0,false,2,0
Modelica.Electrical.Analog.Examples.CompareTransformers,Examples,success,,Electrical,0.651,123,4,109,1,75,singular,ok,13,1,2,18,14,0,false,2,1
Modelica.Electrical.Analog.Examples.ControlledSwitchWithArc,Examples,success,,Electrical,0.359,76,2,73,5,43,ok,,76,0,0,13,10,0,false,3,1
Modelica.Electrical.Analog.Examples.DemoPowerSupply,Examples,success,,Electrical,0.388,22,0,20,3,20,ok,,15,1,8,5,2,0,false,2,2
Modelica.Electrical.Analog.Examples.DemoPowerSupplyWithBuffer,Examples,success,,Electrical,0.303,45,1,41,6,40,ok,,31,1,15,10,4,0,false,2,0
Modelica.Electrical.Analog.Examples.DemonstrateLightning,Examples,success,,Electrical,0.432,56,4,44,3,63,singular,singular,,,,12,6,0,false,2,0
Modelica.Electrical.Analog.Examples.DifferenceAmplifier,Examples,success,,Electrical,1.083,207,13,191,1,150,singular,ok,54,1,7,37,28,0,false,3,6
Modelica.Electrical.Analog.Examples.GenerationOfFMUs,Examples,success,,Electrical,8.881,306,32,236,1,157,singular,singular,,,,83,23,0,false,3,2
Modelica.Electrical.Analog.Examples.HeatingMOSInverter,Examples,success,,Electrical,0.555,92,2,88,1,56,singular,ok,30,2,5,17,8,0,false,2,2
Modelica.Electrical.Analog.Examples.HeatingNPN_NORGate,Examples,success,,Electrical,1.182,154,10,141,5,138,singular,singular,,,,22,17,0,false,3,4
Modelica.Electrical.Analog.Examples.HeatingPNP_NORGate,Examples,success,,Electrical,1.167,154,10,141,5,138,singular,singular,,,,22,17,0,false,3,4
Modelica.Electrical.Analog.Examples.HeatingRectifier,Examples,success,,Electrical,0.330,49,2,46,1,31,singular,ok,8,0,0,8,5,0,false,2,3
Modelica.Electrical.Analog.Examples.IdealTriacCircuit,Examples,success,,Electrical,0.295,55,1,53,8,47,ok,,34,1,22,11,6,0,false,3,1
Modelica.Electrical.Analog.Examples.InvertingAmp,Examples,success,,Electrical,0.350,58,0,56,3,43,ok,,45,1,14,12,7,0,false,3,0
Modelica.Electrical.Analog.Examples.Lines.CompareLineTrunks,Examples,success,,Electrical,1.344,1091,60,970,1,457,singular,skipped:too-large,,,,208,84,0,true,3,0
Modelica.Electrical.Analog.Examples.Lines.CompareLosslessLines,Examples,success,,Electrical,0.803,116,0,115,3,52,ok,,77,3,19,24,12,0,false,2,0
Modelica.Electrical.Analog.Examples.Lines.LightningLosslessTransmissionLine,Examples,success,,Electrical,0.385,53,0,51,1,56,ok,,33,1,21,11,4,0,false,2,1
Modelica.Electrical.Analog.Examples.Lines.LightningSegmentedTransmissionLine,Examples,success,,Electrical,7.992,6477,402,5671,1,2482,singular,skipped:too-large,,,,1215,412,0,true,3,1
Modelica.Electrical.Analog.Examples.Lines.SmoothStep,Examples,success,,Electrical,1.655,1934,116,1702,1,775,ok,,1925,1,10,365,132,0,true,3,0
Modelica.Electrical.Analog.Examples.NandGate,Examples,success,,Electrical,0.450,143,2,138,5,117,ok,,143,0,0,25,18,0,false,3,1
Modelica.Electrical.Analog.Examples.OpAmps.Adder,Examples,success,,Electrical,0.350,78,0,76,1,44,ok,,59,1,20,16,10,0,false,3,1
Modelica.Electrical.Analog.Examples.OpAmps.Comparator,Examples,success,,Electrical,0.389,59,0,56,3,49,ok,,57,1,3,13,9,0,false,3,0
Modelica.Electrical.Analog.Examples.OpAmps.ControlCircuit,Examples,success,,Electrical,0.357,311,6,298,1,174,ok,,236,6,20,66,37,0,false,3,0
Modelica.Electrical.Analog.Examples.OpAmps.DifferentialAmplifier,Examples,success,,Electrical,0.559,136,1,125,2,93,ok,,77,1,60,32,11,0,false,3,1
Modelica.Electrical.Analog.Examples.OpAmps.Differentiator,Examples,success,,Electrical,0.279,57,1,54,3,45,ok,,57,0,0,12,8,0,false,3,0
Modelica.Electrical.Analog.Examples.OpAmps.HighPass,Examples,success,,Electrical,0.369,66,1,63,3,52,ok,,51,1,16,13,9,0,false,3,0
Modelica.Electrical.Analog.Examples.OpAmps.Integrator,Examples,success,,Electrical,0.311,57,1,54,3,45,ok,,51,1,7,12,8,0,false,3,0
Modelica.Electrical.Analog.Examples.OpAmps.InvertingAmplifier,Examples,success,,Electrical,0.266,59,0,57,3,48,ok,,45,1,15,12,8,0,false,3,0
Modelica.Electrical.Analog.Examples.OpAmps.InvertingSchmittTrigger,Examples,success,,Electrical,0.251,47,0,45,3,48,ok,,34,1,14,8,4,0,false,3,0
Modelica.Electrical.Analog.Examples.OpAmps.LCOscillator,Examples,success,,Electrical,0.254,61,2,58,0,32,ok,,47,1,15,12,4,0,false,2,0
Modelica.Electrical.Analog.Examples.OpAmps.LowPass,Examples,success,,Electrical,0.277,66,1,63,3,52,ok,,58,1,9,14,8,0,false,3,0
Modelica.Electrical.Analog.Examples.OpAmps.Multivibrator,Examples,success,,Electrical,0.365,55,1,53,0,29,ok,,39,1,17,10,4,0,false,2,0
Modelica.Electrical.Analog.Examples.OpAmps.NonInvertingAmplifier,Examples,success,,Electrical,0.253,59,0,57,3,48,ok,,45,1,15,12,8,0,false,3,0
Modelica.Electrical.Analog.Examples.OpAmps.OpAmpCircuits.Add,Examples,success,,Electrical,0.287,58,0,58,0,29,singular,singular,,,,9,10,0,false,2,0
Modelica.Electrical.Analog.Examples.OpAmps.OpAmpCircuits.Buffer,Examples,success,,Electrical,0.376,45,0,45,0,22,singular,singular,,,,7,8,0,false,2,0
Modelica.Electrical.Analog.Examples.OpAmps.OpAmpCircuits.Der,Examples,success,,Electrical,0.406,43,1,42,0,19,singular,singular,,,,7,8,0,false,2,0
Modelica.Electrical.Analog.Examples.OpAmps.OpAmpCircuits.Derivative,Examples,success,,Electrical,0.285,52,1,51,0,25,singular,singular,,,,8,9,0,false,2,0
Modelica.Electrical.Analog.Examples.OpAmps.OpAmpCircuits.Feedback,Examples,success,,Electrical,0.405,67,0,67,0,32,singular,singular,,,,10,11,0,false,2,0
Modelica.Electrical.Analog.Examples.OpAmps.OpAmpCircuits.FirstOrder,Examples,success,,Electrical,0.351,52,1,51,0,25,singular,singular,,,,9,8,0,false,2,0
Modelica.Electrical.Analog.Examples.OpAmps.OpAmpCircuits.Gain,Examples,success,,Electrical,0.375,45,0,45,0,22,singular,singular,,,,7,8,0,false,2,0
Modelica.Electrical.Analog.Examples.OpAmps.OpAmpCircuits.Integrator,Examples,success,,Electrical,0.343,43,1,42,0,19,singular,singular,,,,7,8,0,false,2,0
Modelica.Electrical.Analog.Examples.OpAmps.OpAmpCircuits.PI,Examples,success,,Electrical,0.410,51,1,50,0,25,singular,singular,,,,8,9,0,false,2,0
Modelica.Electrical.Analog.Examples.OpAmps.OpAmpCircuits.PartialOpAmp,Examples,success,,Electrical,0.265,23,0,27,0,9,singular,singular,,,,0,7,0,false,2,0
Modelica.Electrical.Analog.Examples.OpAmps.SchmittTrigger,Examples,success,,Electrical,0.387,47,0,45,3,48,ok,,33,1,15,8,4,0,false,3,0
Modelica.Electrical.Analog.Examples.OpAmps.SignalGenerator,Examples,success,,Electrical,0.319,75,1,72,1,37,ok,,57,2,14,14,5,0,false,2,0
Modelica.Electrical.Analog.Examples.OpAmps.Subtracter,Examples,success,,Electrical,0.387,87,0,85,1,47,ok,,64,2,15,17,11,0,false,3,1
Modelica.Electrical.Analog.Examples.OpAmps.VoltageFollower,Examples,success,,Electrical,0.278,47,0,45,3,46,ok,,43,1,5,8,4,0,false,3,0
Modelica.Electrical.Analog.Examples.OvervoltageProtection,Examples,success,,Electrical,0.406,49,1,47,1,41,ok,,40,1,10,9,4,0,false,2,1
Modelica.Electrical.Analog.Examples.ParallelResonance,Examples,success,,Electrical,0.282,79,6,68,1,31,ok,,79,0,0,22,6,0,false,2,0
Modelica.Electrical.Analog.Examples.Rectifier,Examples,success,,Electrical,0.691,120,5,105,7,78,singular,singular,,,,22,10,0,false,2,1
Modelica.Electrical.Analog.Examples.Resistor,Examples,success,,Electrical,0.366,28,0,27,1,19,ok,,19,1,10,5,4,0,false,2,2
Modelica.Electrical.Analog.Examples.ResonanceCircuits,Examples,success,,Electrical,4.553,251,28,191,1,163,singular,singular,,,,60,18,0,false,2,2
Modelica.Electrical.Analog.Examples.SeriesResonance,Examples,success,,Electrical,0.290,79,6,68,1,31,ok,,79,0,0,18,10,0,false,2,0
Modelica.Electrical.Analog.Examples.ShowSaturatingInductor,Examples,success,,Electrical,0.273,23,2,20,1,25,ok,,23,0,0,5,2,0,false,2,2
Modelica.Electrical.Analog.Examples.ShowVariableResistor,Examples,success,,Electrical,0.280,67,0,65,1,45,ok,,39,2,15,10,7,0,false,2,1
Modelica.Electrical.Analog.Examples.SimpleTriacCircuit,Examples,success,,Electrical,0.389,85,3,80,5,103,ok,,55,1,31,15,10,0,false,3,1
Modelica.Electrical.Analog.Examples.SwitchWithArc,Examples,success,,Electrical,0.388,63,2,61,9,36,ok,,63,0,0,10,8,0,false,2,0
Modelica.Electrical.Analog.Examples.ThyristorBehaviourTest,Examples,success,,Electrical,0.333,46,2,42,3,52,ok,,46,0,0,7,5,0,false,3,1
Modelica.Electrical.Analog.Examples.Utilities.Conductor,Examples,success,,Electrical,0.399,41,4,31,0,26,singular,singular,,,,9,2,0,false,2,0
Modelica.Electrical.Analog.Examples.Utilities.DirectCapacitor,Examples,failed:ToDae,"unbalanced model: 30 equations, 31 unknowns (balance = -1)",Electrical,0.365,,,,,,,,,,,,,,false,0,
Modelica.Electrical.Analog.Examples.Utilities.DirectInductor,Examples,failed:ToDae,"unbalanced model: 30 equations, 31 unknowns (balance = -1)",Electrical,0.269,,,,,,,,,,,,,,false,0,
Modelica.Electrical.Analog.Examples.Utilities.InverseCapacitor,Examples,success,,Electrical,0.269,24,3,18,0,12,singular,singular,,,,7,2,0,false,2,1
Modelica.Electrical.Analog.Examples.Utilities.InverseInductor,Examples,success,,Electrical,0.407,24,3,18,0,12,singular,singular,,,,7,2,0,false,2,1
Modelica.Electrical.Analog.Examples.Utilities.Nand,Examples,success,,Electrical,0.409,116,2,114,1,63,singular,singular,,,,19,15,0,false,2,1
Modelica.Electrical.Analog.Examples.Utilities.NonlinearResistor,Examples,success,,Electrical,0.324,6,0,6,1,4,singular,singular,,,,0,2,0,false,1,0
Modelica.Electrical.Analog.Examples.Utilities.RealSwitch,Examples,success,,Electrical,0.289,29,0,29,1,11,singular,singular,,,,5,9,0,false,2,0
Modelica.Electrical.Analog.Examples.Utilities.Resistor,Examples,success,,Electrical,0.304,41,4,31,0,26,singular,singular,,,,8,3,0,false,2,0
Modelica.Electrical.Analog.Examples.Utilities.SwitchedCapacitor,Examples,success,,Electrical,0.316,36,1,34,12,20,ok,,25,1,12,7,8,0,false,2,0
Modelica.Electrical.Analog.Examples.Utilities.Transistor,Examples,success,,Electrical,0.453,51,4,47,0,48,singular,ok,13,0,0,7,9,0,false,2,4
Modelica.Electrical.Analog.Icons.CurrentSource,Icons,success,,Electrical,0.305,0,0,0,0,0,error:empty system: no equations or unknowns,,,,,0,0,0,false,0,0
Modelica.Electrical.Analog.Icons.VoltageSource,Icons,success,,Electrical,0.257,0,0,0,0,0,error:empty system: no equations or unknowns,,,,,0,0,0,false,0,0
Modelica.Electrical.Analog.Ideal.AD_Converter,Component,failed:Flatten,unresolved component dimension for y: N,Electrical,0.229,,,,,,,,,,,,,,false,0,
Modelica.Electrical.Analog.Ideal.CloserWithArc,Component,success,,Electrical,0.258,8,0,8,4,11,singular,singular,,,,0,2,0,false,1,0
Modelica.Electrical.Analog.Ideal.ControlledCloserWithArc,Component,success,,Electrical,0.343,10,0,10,4,13,singular,singular,,,,0,3,0,false,2,0
Modelica.Electrical.Analog.Ideal.ControlledIdealClosingSwitch,Component,success,,Electrical,0.277,11,0,11,2,6,singular,singular,,,,0,3,0,false,1,0
Modelica.Electrical.Analog.Ideal.ControlledIdealIntermediateSwitch,Component,success,,Electrical,0.381,16,0,16,1,6,singular,singular,,,,0,5,0,false,1,0
Modelica.Electrical.Analog.Ideal.ControlledIdealOpeningSwitch,Component,success,,Electrical,0.293,11,0,11,2,6,singular,singular,,,,0,3,0,false,1,0
Modelica.Electrical.Analog.Ideal.ControlledIdealTwoWaySwitch,Component,success,,Electrical,0.247,12,0,12,1,6,singular,singular,,,,0,4,0,false,1,0
Modelica.Electrical.Analog.Ideal.ControlledOpenerWithArc,Component,success,,Electrical,0.255,10,0,10,4,13,singular,singular,,,,0,3,0,false,2,0
Modelica.Electrical.Analog.Ideal.DA_Converter,Component,failed:Flatten,unresolved component dimension for x: N,Electrical,0.225,,,,,,,,,,,,,,false,0,
Modelica.Electrical.Analog.Ideal.IdealClosingSwitch,Component,success,,Electrical,0.252,9,0,9,2,5,singular,singular,,,,0,2,0,false,1,0
Modelica.Electrical.Analog.Ideal.IdealDiode,Component,success,,Electrical,0.268,9,0,9,2,6,singular,singular,,,,0,2,0,false,1,0
Modelica.Electrical.Analog.Ideal.IdealGTOThyristor,Component,success,,Electrical,0.333,9,0,9,2,6,singular,singular,,,,0,2,0,false,1,0
Modelica.Electrical.Analog.Ideal.IdealIntermediateSwitch,Component,success,,Electrical,0.298,14,0,14,1,5,ok,,8,2,4,0,4,0,false,1,0
Modelica.Electrical.Analog.Ideal.IdealOpAmp,Component,success,,Electrical,0.236,12,0,12,0,0,singular,singular,,,,0,4,0,false,1,0
Modelica.Electrical.Analog.Ideal.IdealOpAmp3Pin,Component,success,,Electrical,0.290,6,0,6,0,0,singular,singular,,,,0,3,0,false,1,0
Modelica.Electrical.Analog.Ideal.IdealOpAmpLimited,Component,success,,Electrical,0.267,12,0,12,1,1,singular,singular,,,,0,5,0,false,1,0
Modelica.Electrical.Analog.Ideal.IdealOpeningSwitch,Component,success,,Electrical,0.242,9,0,9,2,5,singular,singular,,,,0,2,0,false,1,0
Modelica.Electrical.Analog.Ideal.IdealThyristor,Component,success,,Electrical,0.338,9,0,9,2,7,singular,singular,,,,0,2,0,false,1,0
Modelica.Electrical.Analog.Ideal.IdealTransformer,Component,success,,Electrical,0.344,14,0,14,0,3,singular,singular,,,,0,4,0,false,1,0
Modelica.Electrical.Analog.Ideal.IdealTriac,Component,success,,Electrical,0.286,38,1,36,5,24,singular,singular,,,,8,5,0,false,2,0
Modelica.Electrical.Analog.Ideal.IdealTwoWaySwitch,Component,success,,Electrical,0.333,10,0,10,1,5,singular,singular,,,,0,3,0,false,1,0
Modelica.Electrical.Analog.Ideal.IdealizedOpAmpLimited,Component,success,,Electrical,0.253,15,0,15,0,6,singular,singular,,,,0,3,0,false,1,0
Modelica.Electrical.Analog.Ideal.Idle,Component,success,,Electrical,0.246,6,0,6,0,0,singular,singular,,,,0,2,0,false,1,0
Modelica.Electrical.Analog.Ideal.OpenerWithArc,Component,success,,Electrical,0.295,8,0,8,4,11,singular,singular,,,,0,2,0,false,1,0
Modelica.Electrical.Analog.Ideal.Short,Component,success,,Electrical,0.312,6,0,6,0,0,singular,singular,,,,0,2,0,false,1,0
Modelica.Electrical.Analog.Interfaces.AbsoluteSensor,Interfaces,success,,Electrical,0.239,1,0,2,0,0,singular,singular,,,,0,1,0,false,1,0
Modelica.Electrical.Analog.Interfaces.ConditionalHeatPort,Interfaces,success,,Electrical,0.238,1,0,2,0,2,singular,singular,,,,0,0,0,false,0,0
Modelica.Electrical.Analog.Interfaces.CurrentSource,Interfaces,success,,Electrical,0.258,6,0,6,0,4,singular,singular,,,,0,2,0,false,1,0
Modelica.Electrical.Analog.Interfaces.FourPin,Interfaces,success,,Electrical,0.259,8,0,12,0,0,singular,singular,,,,0,4,0,false,1,0
Modelica.Electrical.Analog.Interfaces.IdealSemiconductor,Interfaces,success,,Electrical,0.242,9,0,9,2,6,singular,singular,,,,0,2,0,false,1,0
Modelica.Electrical.Analog.Interfaces.IdealSwitch,Interfaces,success,,Electrical,0.262,9,0,9,2,5,singular,singular,,,,0,2,0,false,1,0
Modelica.Electrical.Analog.Interfaces.IdealSwitchWithArc,Interfaces,success,,Electrical,0.250,8,0,8,4,11,singular,singular,,,,0,2,0,false,1,0
Modelica.Electrical.Analog.Interfaces.OnePort,Interfaces,success,,Electrical,0.258,5,0,6,0,0,singular,singular,,,,0,2,0,false,1,0
Modelica.Electrical.Analog.Interfaces.PartialConditionalHeatPort,Interfaces,success,,Electrical,0.291,4,0,4,0,3,ok,,4,0,0,1,2,0,false,2,0
Modelica.Electrical.Analog.Interfaces.RelativeSensor,Interfaces,success,,Electrical,0.307,2,0,4,0,0,singular,singular,,,,0,2,0,false,1,0
Modelica.Electrical.Analog.Interfaces.TwoPin,Interfaces,success,,Electrical,0.273,3,0,5,0,0,singular,singular,,,,0,2,0,false,1,0
Modelica.Electrical.Analog.Interfaces.TwoPort,Interfaces,success,,Electrical,0.286,10,0,12,0,0,singular,singular,,,,0,4,0,false,1,0
Modelica.Electrical.Analog.Interfaces.VoltageSource,Interfaces,success,,Electrical,0.262,6,0,6,0,4,singular,singular,,,,0,2,0,false,1,0
Modelica.Electrical.Analog.Lines.M_OLine,Component,failed:ToDae,"unbalanced model: 1259 equations, 1263 unknowns (balance = -4)",Electrical,2.008,,,,,,,,,,,,,,false,0,
Modelica.Electrical.Analog.Lines.M_OLine.segment,Component,success,,Electrical,1.076,153,7,144,0,66,singular,singular,,,,34,18,0,true,2,0
Modelica.Electrical.Analog.Lines.M_OLine.segment_last,Component,success,,Electrical,0.596,55,1,52,0,27,singular,singular,,,,9,15,0,true,2,0
Modelica.Electrical.Analog.Lines.OLine,Component,failed:Instantiate,cannot evaluate structural parameter `i`: cannot evaluate connection for-equation range `1:N` in ``,Electrical,0.571,,,,,,,,,,,,,,false,0,
Modelica.Electrical.Analog.Lines.TLine,Component,success,,Electrical,0.251,14,0,14,0,5,singular,singular,,,,0,4,0,false,1,0
Modelica.Electrical.Analog.Lines.TLine1,Component,success,,Electrical,0.258,14,0,14,0,2,singular,singular,,,,0,4,0,false,1,0
Modelica.Electrical.Analog.Lines.TLine2,Component,success,,Electrical,0.315,14,0,14,0,4,singular,singular,,,,0,4,0,false,1,0
Modelica.Electrical.Analog.Lines.TLine3,Component,success,,Electrical,0.313,14,0,14,0,3,singular,singular,,,,0,4,0,false,1,0
Modelica.Electrical.Analog.Lines.ULine,Component,failed:Instantiate,cannot evaluate structural parameter `i`: cannot evaluate connection for-equation range `1:N` in ``,Electrical,0.201,,,,,,,,,,,,,,false,0,
Modelica.Electrical.Analog.Semiconductors.Diode,Component,success,,Electrical,0.380,13,0,13,0,11,singular,singular,,,,0,2,0,false,1,1
Modelica.Electrical.Analog.Semiconductors.Diode2,Component,success,,Electrical,0.293,14,0,14,1,10,singular,singular,,,,0,2,0,false,1,0
Modelica.Electrical.Analog.Semiconductors.NMOS,Component,success,,Electrical,0.264,21,0,21,1,16,singular,singular,,,,0,4,0,false,1,1
Modelica.Electrical.Analog.Semiconductors.NPN,Component,success,,Electrical,0.391,26,3,23,0,30,ok,,26,0,0,0,3,0,false,1,4
Modelica.Electrical.Analog.Semiconductors.PMOS,Component,success,,Electrical,0.263,21,0,21,1,16,singular,singular,,,,0,4,0,false,1,1
Modelica.Electrical.Analog.Semiconductors.PNP,Component,success,,Electrical,0.327,26,3,23,0,30,ok,,26,0,0,0,3,0,false,1,4
Modelica.Electrical.Analog.Semiconductors.SimpleTriac,Component,success,,Electrical,0.389,54,2,52,3,63,ok,,20,1,35,8,8,0,false,2,0
Modelica.Electrical.Analog.Semiconductors.Thyristor,Component,success,,Electrical,0.232,14,1,13,1,20,singular,singular,,,,0,3,0,false,1,0
Modelica.Electrical.Analog.Semiconductors.ZDiode,Component,success,,Electrical,0.261,8,0,8,1,10,singular,singular,,,,0,2,0,false,1,0
Modelica.Electrical.Analog.Sensors.CurrentSensor,Component,success,,Electrical,0.345,5,0,4,0,0,singular,singular,,,,0,2,0,false,1,0
Modelica.Electrical.Analog.Sensors.MultiSensor,Component,success,,Electrical,0.223,11,0,8,0,0,singular,singular,,,,0,4,0,false,1,0
Modelica.Electrical.Analog.Sensors.PotentialSensor,Component,success,,Electrical,0.242,3,0,2,0,0,singular,singular,,,,0,1,0,false,1,0
Modelica.Electrical.Analog.Sensors.PowerSensor,Component,success,,Electrical,0.328,22,0,18,0,0,singular,singular,,,,7,8,0,false,2,0
Modelica.Electrical.Analog.Sensors.VoltageSensor,Component,success,,Electrical,0.313,5,0,4,0,0,singular,singular,,,,0,2,0,false,1,0
Modelica.Electrical.Analog.Sources.ConstantCurrent,Component,success,,Electrical,0.244,6,0,6,0,1,singular,singular,,,,0,2,0,false,1,0
Modelica.Electrical.Analog.Sources.ConstantVoltage,Component,success,,Electrical,0.367,6,0,6,0,1,singular,singular,,,,0,2,0,false,1,0
Modelica.Electrical.Analog.Sources.CosineCurrent,Component,success,,Electrical,0.341,7,0,6,1,12,singular,singular,,,,0,2,0,false,1,1
Modelica.Electrical.Analog.Sources.CosineCurrentVariableFrequencyAndAmplitude,Component,success,,Electrical,0.289,9,1,8,0,5,singular,singular,,,,2,2,0,false,1,0
Modelica.Electrical.Analog.Sources.CosineVoltage,Component,success,,Electrical,0.339,7,0,6,1,12,singular,singular,,,,0,2,0,false,1,1
Modelica.Electrical.Analog.Sources.CosineVoltageVariableFrequencyAndAmplitude,Component,success,,Electrical,0.302,9,1,8,0,5,singular,singular,,,,2,2,0,false,1,0
Modelica.Electrical.Analog.Sources.DCPowerSupply,Component,success,,Electrical,0.258,7,0,7,3,10,singular,singular,,,,0,2,0,false,1,0
Modelica.Electrical.Analog.Sources.ExpSineCurrent,Component,success,,Electrical,0.307,7,0,6,1,13,singular,singular,,,,0,2,0,false,1,2
Modelica.Electrical.Analog.Sources.ExpSineVoltage,Component,success,,Electrical,0.342,7,0,6,1,13,singular,singular,,,,0,2,0,false,1,2
Modelica.Electrical.Analog.Sources.ExponentialsCurrent,Component,success,,Electrical,0.358,8,0,7,1,13,singular,singular,,,,0,2,0,false,1,1
Modelica.Electrical.Analog.Sources.ExponentialsVoltage,Component,success,,Electrical,0.304,8,0,7,1,13,singular,singular,,,,0,2,0,false,1,1
Modelica.Electrical.Analog.Sources.LightningImpulse,Component,success,,Electrical,0.319,1,0,0,1,14,ok,,1,0,0,0,0,0,false,1,0
Modelica.Electrical.Analog.Sources.LightningImpulseCurrent,Component,success,,Electrical,0.254,7,0,6,1,21,singular,singular,,,,0,2,0,false,1,0
Modelica.Electrical.Analog.Sources.LightningImpulseVoltage,Component,success,,Electrical,0.290,7,0,6,1,21,singular,singular,,,,0,2,0,false,1,0
Modelica.Electrical.Analog.Sources.PulseCurrent,Component,success,,Electrical,0.235,8,0,7,3,16,singular,singular,,,,0,2,0,false,2,0
Modelica.Electrical.Analog.Sources.PulseVoltage,Component,success,,Electrical,0.312,8,0,7,3,16,singular,singular,,,,0,2,0,false,2,0
Modelica.Electrical.Analog.Sources.RampCurrent,Component,success,,Electrical,0.344,7,0,6,1,9,singular,singular,,,,0,2,0,false,1,0
Modelica.Electrical.Analog.Sources.RampVoltage,Component,success,,Electrical,0.325,7,0,6,1,9,singular,singular,,,,0,2,0,false,1,0
Modelica.Electrical.Analog.Sources.SawToothCurrent,Component,success,,Electrical,0.249,7,0,6,3,14,singular,singular,,,,0,2,0,false,2,0
Modelica.Electrical.Analog.Sources.SawToothVoltage,Component,success,,Electrical,0.275,7,0,6,3,14,singular,singular,,,,0,2,0,false,2,0
Modelica.Electrical.Analog.Sources.SignalCurrent,Component,success,,Electrical,0.238,5,0,5,0,0,singular,singular,,,,0,2,0,false,1,0
Modelica.Electrical.Analog.Sources.SignalVoltage,Component,success,,Electrical,0.253,5,0,5,0,0,singular,singular,,,,0,2,0,false,1,0
Modelica.Electrical.Analog.Sources.SineCurrent,Component,success,,Electrical,0.249,7,0,6,1,12,singular,singular,,,,0,2,0,false,1,1
Modelica.Electrical.Analog.Sources.SineCurrentVariableFrequencyAndAmplitude,Component,success,,Electrical,0.292,9,1,8,0,5,singular,singular,,,,2,2,0,false,1,0
Modelica.Electrical.Analog.Sources.SineVoltage,Component,success,,Electrical,0.253,7,0,6,1,12,singular,singular,,,,0,2,0,false,1,1
Modelica.Electrical.Analog.Sources.SineVoltageVariableFrequencyAndAmplitude,Component,success,,Electrical,0.324,9,1,8,0,5,singular,singular,,,,2,2,0,false,1,0
Modelica.Electrical.Analog.Sources.StepCurrent,Component,success,,Electrical,0.341,7,0,6,1,7,singular,singular,,,,0,2,0,false,1,0
Modelica.Electrical.Analog.Sources.StepVoltage,Component,success,,Electrical,0.341,7,0,6,1,7,singular,singular,,,,0,2,0,false,1,0
Modelica.Electrical.Analog.Sources.SupplyVoltage,Component,success,,Electrical,0.261,18,0,18,0,4,singular,singular,,,,4,6,0,false,2,0
Modelica.Electrical.Analog.Sources.TableCurrent,Component,success,,Electrical,0.394,8,0,7,6,14,singular,singular,,,,0,2,0,false,2,1
Modelica.Electrical.Analog.Sources.TableVoltage,Component,success,,Electrical,0.281,8,0,7,6,14,singular,singular,,,,0,2,0,false,2,1
Modelica.Electrical.Analog.Sources.TrapezoidCurrent,Component,success,,Electrical,0.320,7,0,6,3,24,singular,singular,,,,0,2,0,false,2,0
Modelica.Electrical.Analog.Sources.TrapezoidVoltage,Component,success,,Electrical,0.381,7,0,6,3,24,singular,singular,,,,0,2,0,false,2,0
Modelica.Electrical.Analog.UsersGuide.Contact,Component,success,,Electrical,0.350,0,0,0,0,0,error:empty system: no equations or unknowns,,,,,0,0,0,false,0,0
Modelica.Electrical.Analog.UsersGuide.References,Component,success,,Electrical,0.285,0,0,0,0,0,error:empty system: no equations or unknowns,,,,,0,0,0,false,0,0
Modelica.Electrical.Analog.UsersGuide.ReleaseNotes,Component,success,,Electrical,0.272,0,0,0,0,0,error:empty system: no equations or unknowns,,,,,0,0,0,false,0,0
Modelica.Electrical.Batteries.BaseClasses.BaseCellStack,BaseClasses,success,,Electrical,0.449,52,1,47,2,57,singular,singular,,,,12,8,0,false,2,7
Modelica.Electrical.Batteries.BaseClasses.BaseCellWithSensors,BaseClasses,success,,Electrical,0.651,94,2,78,3,84,singular,singular,,,,29,14,0,false,3,7
Modelica.Electrical.Batteries.BaseClasses.BaseStackWithSensors,BaseClasses,failed:ToDae,unresolved reference: stackBus.cellBus.soc,Electrical,0.443,,,,,,,,,,,,,,false,0,
Modelica.Electrical.Batteries.BatteryStacks.CellRCStack,Component,success,,Electrical,0.707,70,2,63,2,68,singular,singular,,,,17,9,0,true,2,8
Modelica.Electrical.Batteries.BatteryStacks.CellStack,Component,success,,Electrical,0.606,53,1,47,2,57,singular,singular,,,,13,8,0,false,2,7
Modelica.Electrical.Batteries.BatteryStacks.SuperCap,Component,success,,Electrical,0.300,38,1,37,0,22,singular,singular,,,,8,7,0,false,2,0
Modelica.Electrical.Batteries.BatteryStacksWithSensors.Cell,Component,success,,Electrical,0.529,94,2,78,3,84,singular,singular,,,,29,14,0,false,3,7
Modelica.Electrical.Batteries.BatteryStacksWithSensors.CellRC,Component,success,,Electrical,0.708,111,3,94,3,100,singular,singular,,,,33,15,0,true,3,8
Modelica.Electrical.Batteries.BatteryStacksWithSensors.Stack,Component,failed:ToDae,unresolved reference: stackBus.cellBus.soc,Electrical,0.376,,,,,,,,,,,,,,false,0,
Modelica.Electrical.Batteries.BatteryStacksWithSensors.StackRC,Component,failed:Typecheck,unevaluable array dimensions for 'cell.cell.ocv_soc.y': dimension expression could not be evaluated: [Expression(nout)],Electrical,0.653,,,,,,,,,,,,,,false,0,
Modelica.Electrical.Batteries.Examples.BatteryDischargeCharge,Examples,success,,Electrical,0.675,209,6,181,7,196,ok,,173,2,19,65,28,0,true,3,10
Modelica.Electrical.Batteries.Examples.CCCV_Cell,Examples,success,,Electrical,0.626,116,3,95,5,108,ok,,83,1,34,36,15,0,false,4,7
Modelica.Electrical.Batteries.Examples.CCCV_CellRC,Examples,failed:ToDae,"unbalanced model: 149 equations, 154 unknowns (balance = -5)",Electrical,0.483,,,,,,,,,,,,,,false,0,
Modelica.Electrical.Batteries.Examples.CCCV_Stack,Examples,failed:ToDae,"unbalanced model: 789 equations, 825 unknowns (balance = -36)",Electrical,2.561,,,,,,,,,,,,,,false,0,
Modelica.Electrical.Batteries.Examples.CCCV_StackRC,Examples,failed:ToDae,"unbalanced model: 767 equations, 797 unknowns (balance = -30)",Electrical,2.673,,,,,,,,,,,,,,false,0,
Modelica.Electrical.Batteries.Examples.CCCVcharging,Examples,failed:ToDae,"unbalanced model: 118 equations, 123 unknowns (balance = -5)",Electrical,0.674,,,,,,,,,,,,,,false,0,
Modelica.Electrical.Batteries.Examples.ShowImpedance,Examples,success,,Electrical,0.398,3,0,1,1,47,singular,singular,,,,1,0,0,true,3,2
Modelica.Electrical.Batteries.Examples.SuperCapDischargeCharge,Examples,success,,Electrical,0.278,74,2,65,4,42,ok,,74,0,0,24,12,0,false,3,2
Modelica.Electrical.Batteries.Icons.BatteryIcon,Icons,success,,Electrical,0.234,0,0,0,0,0,error:empty system: no equations or unknowns,,,,,0,0,0,false,0,0
Modelica.Electrical.Batteries.Icons.TransientModel,Icons,success,,Electrical,0.294,0,0,0,0,0,error:empty system: no equations or unknowns,,,,,0,0,0,false,0,0
Modelica.Electrical.Batteries.UsersGuide.Concept,Component,success,,Electrical,0.302,0,0,0,0,0,error:empty system: no equations or unknowns,,,,,0,0,0,false,0,0
Modelica.Electrical.Batteries.UsersGuide.Contact,Component,success,,Electrical,0.351,0,0,0,0,0,error:empty system: no equations or unknowns,,,,,0,0,0,false,0,0
Modelica.Electrical.Batteries.UsersGuide.Parameterization,Component,success,,Electrical,0.296,0,0,0,0,0,error:empty system: no equations or unknowns,,,,,0,0,0,false,0,0
Modelica.Electrical.Batteries.UsersGuide.References,Component,success,,Electrical,0.354,0,0,0,0,0,error:empty system: no equations or unknowns,,,,,0,0,0,false,0,0
Modelica.Electrical.Batteries.UsersGuide.ReleaseNotes,Component,success,,Electrical,0.238,0,0,0,0,0,error:empty system: no equations or unknowns,,,,,0,0,0,false,0,0
Modelica.Electrical.Batteries.Utilities.BusTranscription,Component,success,,Electrical,0.279,12,0,6,6,12,ok,,12,0,0,6,0,0,true,1,0
Modelica.Electrical.Batteries.Utilities.CCCVcharger,Component,success,,Electrical,0.307,6,0,6,2,5,singular,singular,,,,0,2,0,false,1,0
Modelica.Electrical.Batteries.Utilities.Impedance,Component,success,,Electrical,0.276,1,0,0,0,19,singular,singular,,,,0,0,0,true,2,3
Modelica.Electrical.Batteries.Utilities.PulseSeries,Component,success,,Electrical,0.300,1,0,0,3,14,ok,,1,0,0,0,0,0,false,1,2
Modelica.Electrical.Digital.Basic.And,Component,success,,Electrical,0.504,0,0,0,3,2,error:empty system: no equations or unknowns,,,,,0,0,0,false,1,0
Modelica.Electrical.Digital.Basic.Nand,Component,success,,Electrical,0.450,0,0,0,3,2,error:empty system: no equations or unknowns,,,,,0,0,0,false,1,0
Modelica.Electrical.Digital.Basic.Nor,Component,success,,Electrical,0.696,0,0,0,3,2,error:empty system: no equations or unknowns,,,,,0,0,0,false,1,0
Modelica.Electrical.Digital.Basic.Not,Component,success,,Electrical,0.464,0,0,0,2,1,error:empty system: no equations or unknowns,,,,,0,0,0,false,1,0
Modelica.Electrical.Digital.Basic.Or,Component,success,,Electrical,0.616,0,0,0,3,2,error:empty system: no equations or unknowns,,,,,0,0,0,false,1,0
Modelica.Electrical.Digital.Basic.Xnor,Component,success,,Electrical,0.502,0,0,0,3,2,error:empty system: no equations or unknowns,,,,,0,0,0,false,1,0
Modelica.Electrical.Digital.Basic.Xor,Component,success,,Electrical,0.426,0,0,0,3,2,error:empty system: no equations or unknowns,,,,,0,0,0,false,1,0
Modelica.Electrical.Digital.Converters.BooleanToLogic,Component,failed:Flatten,unresolved component dimension for x: n,Electrical,0.220,,,,,,,,,,,,,,false,0,
Modelica.Electrical.Digital.Converters.LogicToBoolean,Component,failed:Flatten,unresolved component dimension for x: n,Electrical,0.321,,,,,,,,,,,,,,false,0,
Modelica.Electrical.Digital.Converters.LogicToReal,Component,failed:Flatten,unresolved component dimension for x: n,Electrical,0.214,,,,,,,,,,,,,,false,0,
Modelica.Electrical.Digital.Converters.LogicToUX01,Component,failed:Flatten,unresolved component dimension for x: n,Electrical,0.223,,,,,,,,,,,,,,false,0,
Modelica.Electrical.Digital.Converters.LogicToX01,Component,failed:Flatten,unresolved component dimension for x: n,Electrical,0.294,,,,,,,,,,,,,,false,0,
Modelica.Electrical.Digital.Converters.LogicToX01Z,Component,failed:Flatten,unresolved component dimension for x: n,Electrical,0.263,,,,,,,,,,,,,,false,0,
Modelica.Electrical.Digital.Converters.RealToLogic,Component,failed:Flatten,unresolved component dimension for x: n,Electrical,0.221,,,,,,,,,,,,,,false,0,
Modelica.Electrical.Digital.Delay.DelayParams,Component,success,,Electrical,0.321,0,0,0,0,3,error:empty system: no equations or unknowns,,,,,0,0,0,false,0,0
Modelica.Electrical.Digital.Delay.InertialDelay,Component,success,,Electrical,0.281,0,0,0,5,8,error:empty system: no equations or unknowns,,,,,0,0,0,false,1,0
Modelica.Electrical.Digital.Delay.InertialDelaySensitive,Component,success,,Electrical,0.902,0,0,0,7,13,error:empty system: no equations or unknowns,,,,,0,0,0,false,1,0
Modelica.Electrical.Digital.Delay.InertialDelaySensitiveVector,Component,success,,Electrical,0.666,1,0,0,9,16,singular,singular,,,,1,0,0,true,2,0
Modelica.Electrical.Digital.Delay.TransportDelay,Component,success,,Electrical,0.246,1,0,1,3,4,ok,,1,0,0,0,0,0,false,1,0
Modelica.Electrical.Digital.Examples.Adder4,Examples,success,,Electrical,1.543,0,0,0,286,338,error:empty system: no equations or unknowns,,,,,0,0,0,false,5,0
Modelica.Electrical.Digital.Examples.BUF3S,Examples,success,,Electrical,1.443,0,0,0,15,24,error:empty system: no equations or unknowns,,,,,0,0,0,false,3,0
Modelica.Electrical.Digital.Examples.Counter,Examples,success,,Electrical,1.113,13,0,9,227,169,ok,,13,0,0,0,0,0,true,5,0
Modelica.Electrical.Digital.Examples.Counter3,Examples,success,,Electrical,0.815,7,0,7,171,97,ok,,7,0,0,0,0,0,false,5,0
Modelica.Electrical.Digital.Examples.DFFREG,Examples,success,,Electrical,1.453,0,0,0,33,56,error:empty system: no equations or unknowns,,,,,0,0,0,true,4,0
Modelica.Electrical.Digital.Examples.DFFREGL,Examples,success,,Electrical,1.352,0,0,0,33,56,error:empty system: no equations or unknowns,,,,,0,0,0,true,4,0
Modelica.Electrical.Digital.Examples.DFFREGSRH,Examples,success,,Electrical,1.213,0,0,0,36,61,error:empty system: no equations or unknowns,,,,,0,0,0,true,4,0
Modelica.Electrical.Digital.Examples.DFFREGSRL,Examples,success,,Electrical,1.287,0,0,0,36,61,error:empty system: no equations or unknowns,,,,,0,0,0,true,4,0
Modelica.Electrical.Digital.Examples.DLATREG,Examples,success,,Electrical,1.525,0,0,0,33,52,error:empty system: no equations or unknowns,,,,,0,0,0,true,4,0
Modelica.Electrical.Digital.Examples.DLATREGL,Examples,success,,Electrical,1.216,0,0,0,33,52,error:empty system: no equations or unknowns,,,,,0,0,0,true,4,0
Modelica.Electrical.Digital.Examples.DLATREGSRH,Examples,success,,Electrical,1.600,0,0,0,36,56,error:empty system: no equations or unknowns,,,,,0,0,0,true,4,0
Modelica.Electrical.Digital.Examples.DLATREGSRL,Examples,success,,Electrical,1.661,0,0,0,36,56,error:empty system: no equations or unknowns,,,,,0,0,0,true,4,0
Modelica.Electrical.Digital.Examples.FlipFlop,Examples,success,,Electrical,0.654,3,0,3,59,44,ok,,3,0,0,0,0,0,false,4,0
Modelica.Electrical.Digital.Examples.FullAdder,Examples,success,,Electrical,1.253,9,0,7,242,191,ok,,9,0,0,0,0,0,false,5,0
Modelica.Electrical.Digital.Examples.HalfAdder,Examples,success,,Electrical,1.207,2,0,0,35,66,ok,,2,0,0,0,0,0,false,4,0
Modelica.Electrical.Digital.Examples.INV3S,Examples,success,,Electrical,0.990,0,0,0,15,24,error:empty system: no equations or unknowns,,,,,0,0,0,false,3,0
Modelica.Electrical.Digital.Examples.MUX2x1,Examples,success,,Electrical,1.216,0,0,0,17,27,error:empty system: no equations or unknowns,,,,,0,0,0,false,3,0
Modelica.Electrical.Digital.Examples.Multiplexer,Examples,success,,Electrical,1.215,3,0,3,95,67,ok,,3,0,0,0,0,0,false,4,0
Modelica.Electrical.Digital.Examples.NRXFER,Examples,success,,Electrical,0.902,0,0,0,15,23,error:empty system: no equations or unknowns,,,,,0,0,0,false,3,0
Modelica.Electrical.Digital.Examples.NXFER,Examples,success,,Electrical,1.108,0,0,0,15,23,error:empty system: no equations or unknowns,,,,,0,0,0,false,3,0
Modelica.Electrical.Digital.Examples.RAM,Examples,success,,Electrical,1.419,0,0,0,31,47,error:empty system: no equations or unknowns,,,,,0,0,0,true,3,13
Modelica.Electrical.Digital.Examples.Utilities.Adder,Examples,success,,Electrical,1.008,2,0,0,141,154,singular,singular,,,,2,0,0,true,5,0
Modelica.Electrical.Digital.Examples.Utilities.Counter,Examples,success,,Electrical,0.908,6,0,6,164,91,ok,,6,0,0,0,0,0,true,4,0
Modelica.Electrical.Digital.Examples.Utilities.Counter3,Examples,success,,Electrical,0.756,6,0,6,166,88,ok,,6,0,0,0,0,0,false,4,0
Modelica.Electrical.Digital.Examples.Utilities.DFF,Examples,success,,Electrical,0.502,2,0,1,34,19,singular,singular,,,,1,0,0,false,4,0
Modelica.Electrical.Digital.Examples.Utilities.FullAdder,Examples,success,,Electrical,0.991,0,0,0,67,77,error:empty system: no equations or unknowns,,,,,0,0,0,false,4,0
Modelica.Electrical.Digital.Examples.Utilities.HalfAdder,Examples,failed:ToDae,"unbalanced model: 32 equations, 34 unknowns (balance = -2)",Electrical,1.035,,,,,,,,,,,,,,false,0,
Modelica.Electrical.Digital.Examples.Utilities.JKFF,Examples,failed:ToDae,"unbalanced model: 70 equations, 71 unknowns (balance = -1)",Electrical,0.698,,,,,,,,,,,,,,false,0,
Modelica.Electrical.Digital.Examples.Utilities.MUX4,Examples,success,,Electrical,0.698,6,0,0,27,14,singular,singular,,,,6,0,0,false,2,0
Modelica.Electrical.Digital.Examples.Utilities.RS,Examples,success,,Electrical,0.666,3,0,1,14,10,singular,singular,,,,2,0,0,false,2,0
Modelica.Electrical.Digital.Examples.Utilities.RSFF,Examples,success,,Electrical,0.473,4,0,1,26,16,singular,singular,,,,3,0,0,false,3,0
Modelica.Electrical.Digital.Examples.VectorDelay,Examples,success,,Electrical,1.091,0,0,0,27,52,error:empty system: no equations or unknowns,,,,,0,0,0,true,3,0
Modelica.Electrical.Digital.Examples.WiredX,Examples,success,,Electrical,1.376,0,0,0,32,49,error:empty system: no equations or unknowns,,,,,0,0,0,false,3,0
Modelica.Electrical.Digital.Gates.AndGate,Component,success,,Electrical,1.054,1,0,0,13,19,singular,singular,,,,1,0,0,false,2,0
Modelica.Electrical.Digital.Gates.BufGate,Component,success,,Electrical,0.741,0,0,0,9,16,error:empty system: no equations or unknowns,,,,,0,0,0,false,2,0
Modelica.Electrical.Digital.Gates.InvGate,Component,success,,Electrical,0.806,0,0,0,12,17,error:empty system: no equations or unknowns,,,,,0,0,0,false,2,0
Modelica.Electrical.Digital.Gates.NandGate,Component,success,,Electrical,0.794,1,0,0,13,19,singular,singular,,,,1,0,0,false,2,0
Modelica.Electrical.Digital.Gates.NorGate,Component,success,,Electrical,0.954,1,0,0,13,19,singular,singular,,,,1,0,0,false,2,0
Modelica.Electrical.Digital.Gates.OrGate,Component,success,,Electrical,1.068,1,0,0,13,19,singular,singular,,,,1,0,0,false,2,0
Modelica.Electrical.Digital.Gates.XnorGate,Component,success,,Electrical,1.123,1,0,0,13,19,singular,singular,,,,1,0,0,false,2,0
Modelica.Electrical.Digital.Gates.XorGate,Component,success,,Electrical,0.883,1,0,0,13,19,singular,singular,,,,1,0,0,false,2,0
Modelica.Electrical.Digital.Interfaces.MIMO,Interfaces,success,,Electrical,0.241,0,0,0,1,1,error:empty system: no equations or unknowns,,,,,0,0,0,false,0,0
Modelica.Electrical.Digital.Interfaces.MISO,Interfaces,success,,Electrical,0.247,0,0,0,1,1,error:empty system: no equations or unknowns,,,,,0,0,0,false,0,0
Modelica.Electrical.Digital.Interfaces.MemoryBase,Interfaces,success,,Electrical,1.000,0,0,0,20,31,error:empty system: no equations or unknowns,,,,,0,0,0,true,2,2
Modelica.Electrical.Digital.Interfaces.SISO,Interfaces,success,,Electrical,0.305,0,0,0,1,0,error:empty system: no equations or unknowns,,,,,0,0,0,false,0,0
Modelica.Electrical.Digital.Memories.DLATRAM,Component,success,,Electrical,1.085,0,0,0,21,35,error:empty system: no equations or unknowns,,,,,0,0,0,true,2,13
Modelica.Electrical.Digital.Memories.DLATROM,Component,success,,Electrical,1.022,0,0,0,21,35,error:empty system: no equations or unknowns,,,,,0,0,0,true,2,13
Modelica.Electrical.Digital.Multiplexers.MUX2x1,Component,success,,Electrical,0.683,0,0,0,11,16,error:empty system: no equations or unknowns,,,,,0,0,0,false,2,0
Modelica.Electrical.Digital.Registers.DFFR,Component,success,,Electrical,0.463,0,0,0,6,9,error:empty system: no equations or unknowns,,,,,0,0,0,false,1,0
Modelica.Electrical.Digital.Registers.DFFREG,Component,success,,Electrical,0.883,3,0,0,19,28,singular,singular,,,,3,0,0,true,3,0
Modelica.Electrical.Digital.Registers.DFFREGL,Component,success,,Electrical,0.958,3,0,0,19,28,singular,singular,,,,3,0,0,true,3,0
Modelica.Electrical.Digital.Registers.DFFREGSRH,Component,success,,Electrical,0.816,4,0,0,20,29,singular,singular,,,,4,0,0,true,3,0
Modelica.Electrical.Digital.Registers.DFFREGSRL,Component,success,,Electrical,1.009,4,0,0,20,29,singular,singular,,,,4,0,0,true,3,0
Modelica.Electrical.Digital.Registers.DFFSR,Component,success,,Electrical,0.578,0,0,0,6,10,error:empty system: no equations or unknowns,,,,,0,0,0,false,1,0
Modelica.Electrical.Digital.Registers.DLATR,Component,success,,Electrical,0.489,0,0,0,6,5,error:empty system: no equations or unknowns,,,,,0,0,0,false,1,0
Modelica.Electrical.Digital.Registers.DLATREG,Component,success,,Electrical,0.774,3,0,0,19,24,singular,singular,,,,3,0,0,true,3,0
Modelica.Electrical.Digital.Registers.DLATREGL,Component,success,,Electrical,0.931,3,0,0,19,24,singular,singular,,,,3,0,0,true,3,0
Modelica.Electrical.Digital.Registers.DLATREGSRH,Component,success,,Electrical,0.972,4,0,0,20,24,singular,singular,,,,4,0,0,true,3,0
Modelica.Electrical.Digital.Registers.DLATREGSRL,Component,success,,Electrical,0.924,4,0,0,20,24,singular,singular,,,,4,0,0,true,3,0
Modelica.Electrical.Digital.Registers.DLATSR,Component,success,,Electrical,0.707,0,0,0,6,5,error:empty system: no equations or unknowns,,,,,0,0,0,false,1,0
Modelica.Electrical.Digital.Sources.DigitalClock,Component,success,,Electrical,0.246,1,0,1,3,7,ok,,1,0,0,0,0,0,false,1,0
Modelica.Electrical.Digital.Sources.Pulse,Component,success,,Electrical,0.304,0,0,0,5,12,error:empty system: no equations or unknowns,,,,,0,0,0,false,1,0
Modelica.Electrical.Digital.Sources.Set,Component,success,,Electrical,0.256,0,0,0,1,1,error:empty system: no equations or unknowns,,,,,0,0,0,false,0,0
Modelica.Electrical.Digital.Sources.Step,Component,success,,Electrical,0.332,0,0,0,2,4,error:empty system: no equations or unknowns,,,,,0,0,0,false,1,0
Modelica.Electrical.Digital.Sources.Table,Component,success,,Electrical,0.316,0,0,0,2,5,error:empty system: no equations or unknowns,,,,,0,0,0,false,1,0
Modelica.Electrical.Digital.Tristates.BUF3S,Component,success,,Electrical,0.876,0,0,0,11,16,error:empty system: no equations or unknowns,,,,,0,0,0,false,2,0
Modelica.Electrical.Digital.Tristates.BUF3SL,Component,success,,Electrical,0.673,0,0,0,11,16,error:empty system: no equations or unknowns,,,,,0,0,0,false,2,0
Modelica.Electrical.Digital.Tristates.INV3S,Component,success,,Electrical,0.992,0,0,0,11,16,error:empty system: no equations or unknowns,,,,,0,0,0,false,2,0
Modelica.Electrical.Digital.Tristates.INV3SL,Component,success,,Electrical,0.718,0,0,0,11,16,error:empty system: no equations or unknowns,,,,,0,0,0,false,2,0
Modelica.Electrical.Digital.Tristates.NRXFERGATE,Component,success,,Electrical,0.921,0,0,0,11,15,error:empty system: no equations or unknowns,,,,,0,0,0,false,2,0
Modelica.Electrical.Digital.Tristates.NXFERGATE,Component,success,,Electrical,0.966,0,0,0,11,15,error:empty system: no equations or unknowns,,,,,0,0,0,false,2,0
Modelica.Electrical.Digital.Tristates.PRXFERGATE,Component,success,,Electrical,0.885,0,0,0,11,15,error:empty system: no equations or unknowns,,,,,0,0,0,false,2,0
Modelica.Electrical.Digital.Tristates.PXFERGATE,Component,success,,Electrical,0.671,0,0,0,11,15,error:empty system: no equations or unknowns,,,,,0,0,0,false,2,0
Modelica.Electrical.Digital.Tristates.WiredX,Component,success,,Electrical,0.600,0,0,0,2,2,error:empty system: no equations or unknowns,,,,,0,0,0,false,1,0
Modelica.Electrical.Digital.UsersGuide.Contact,Component,success,,Electrical,0.247,0,0,0,0,0,error:empty system: no equations or unknowns,,,,,0,0,0,false,0,0
Modelica.Electrical.Digital.UsersGuide.Literature,Component,success,,Electrical,0.237,0,0,0,0,0,error:empty system: no equations or unknowns,,,,,0,0,0,false,0,0
Modelica.Electrical.Digital.UsersGuide.ReleaseNotes,Component,success,,Electrical,0.317,0,0,0,0,0,error:empty system: no equations or unknowns,,,,,0,0,0,false,0,0
Modelica.Electrical.Machines.BasicMachines.Components.AirGapDC,Component,success,,Electrical,0.262,19,3,14,0,3,singular,singular,,,,0,6,0,false,1,0
Modelica.Electrical.Machines.BasicMachines.Components.AirGapR,Component,success,,Electrical,0.253,18,2,15,0,5,singular,singular,,,,0,4,0,false,1,0
Modelica.Electrical.Machines.BasicMachines.Components.AirGapS,Component,success,,Electrical,0.347,18,2,15,0,4,singular,singular,,,,0,4,0,false,1,0
Modelica.Electrical.Machines.BasicMachines.Components.CompoundDCExcitation,Component,success,,Electrical,0.297,18,0,18,0,1,singular,singular,,,,0,6,0,false,1,0
Modelica.Electrical.Machines.BasicMachines.Components.DamperCage,Component,success,,Electrical,0.341,9,1,5,0,8,singular,singular,,,,0,1,0,false,1,0
Modelica.Electrical.Machines.BasicMachines.Components.ElectricalExcitation,Component,success,,Electrical,0.223,8,0,8,0,1,singular,singular,,,,0,3,0,false,1,0
Modelica.Electrical.Machines.BasicMachines.Components.IdealCore,Component,success,,Electrical,0.318,49,0,43,0,9,singular,singular,,,,0,18,0,true,2,0
Modelica.Electrical.Machines.BasicMachines.Components.Inductor,Component,success,,Electrical,0.244,7,1,5,0,1,singular,singular,,,,0,2,0,false,1,0
Modelica.Electrical.Machines.BasicMachines.Components.InductorDC,Component,success,,Electrical,0.310,6,1,5,0,2,singular,singular,,,,0,2,0,false,1,0
Modelica.Electrical.Machines.BasicMachines.Components.PartialAirGap,Component,success,,Electrical,0.350,15,2,14,0,2,singular,singular,,,,0,4,0,false,1,0
Modelica.Electrical.Machines.BasicMachines.Components.PartialAirGapDC,Component,success,,Electrical,0.357,18,3,14,0,2,singular,singular,,,,0,6,0,false,1,0
Modelica.Electrical.Machines.BasicMachines.Components.PartialCore,Component,success,,Electrical,0.257,46,0,43,0,9,singular,singular,,,,0,18,0,true,2,0
Modelica.Electrical.Machines.BasicMachines.Components.PermanentMagnet,Component,success,,Electrical,0.306,2,0,2,0,1,singular,singular,,,,0,1,0,false,1,0
Modelica.Electrical.Machines.BasicMachines.Components.PermanentMagnetWithLosses,Component,success,,Electrical,0.262,11,1,10,0,10,singular,singular,,,,0,3,0,false,1,1
Modelica.Electrical.Machines.BasicMachines.Components.SquirrelCage,Component,success,,Electrical,0.275,6,1,4,0,6,singular,singular,,,,0,1,0,false,1,0
Modelica.Electrical.Machines.BasicMachines.DCMachines.DC_ElectricalExcited,Component,success,,Electrical,0.973,217,12,175,0,101,singular,singular,,,,45,42,0,false,3,3
Modelica.Electrical.Machines.BasicMachines.DCMachines.DC_PermanentMagnet,Component,success,,Electrical,0.924,179,11,141,0,86,singular,singular,,,,39,34,0,false,3,3
Modelica.Electrical.Machines.BasicMachines.DCMachines.DC_SeriesExcited,Component,success,,Electrical,0.969,216,12,174,0,102,singular,singular,,,,45,42,0,false,3,3
Modelica.Electrical.Machines.BasicMachines.InductionMachines.IM_SlipRing,Component,success,,Electrical,3.646,421,13,349,0,181,singular,singular,,,,94,100,0,true,3,3
Modelica.Electrical.Machines.BasicMachines.InductionMachines.IM_SquirrelCage,Component,success,,Electrical,2.133,285,12,230,0,126,singular,singular,,,,62,63,0,true,3,3
Modelica.Electrical.Machines.BasicMachines.QuasiStaticDCMachines.DC_ElectricalExcited,Component,success,,Electrical,0.846,217,12,175,0,101,singular,singular,,,,45,42,0,false,3,3
Modelica.Electrical.Machines.BasicMachines.QuasiStaticDCMachines.DC_PermanentMagnet,Component,success,,Electrical,0.712,179,11,141,0,86,singular,singular,,,,39,34,0,false,3,3
Modelica.Electrical.Machines.BasicMachines.QuasiStaticDCMachines.DC_SeriesExcited,Component,success,,Electrical,0.847,216,12,174,0,102,singular,singular,,,,45,42,0,false,3,3
Modelica.Electrical.Machines.BasicMachines.SynchronousMachines.SM_ElectricalExcited,Component,failed:ToDae,"unbalanced model: 385 equations, 384 unknowns (balance = 1)",Electrical,1.379,,,,,,,,,,,,,,false,0,
Modelica.Electrical.Machines.BasicMachines.SynchronousMachines.SM_PermanentMagnet,Component,failed:ToDae,"unbalanced model: 353 equations, 352 unknowns (balance = 1)",Electrical,1.095,,,,,,,,,,,,,,false,0,
Modelica.Electrical.Machines.BasicMachines.SynchronousMachines.SM_ReluctanceRotor,Component,failed:ToDae,"unbalanced model: 325 equations, 324 unknowns (balance = 1)",Electrical,0.960,,,,,,,,,,,,,,false,0,
Modelica.Electrical.Machines.BasicMachines.Transformers.Dd.Dd00,Component,success,,Electrical,2.024,343,6,295,0,104,singular,singular,,,,93,92,0,true,3,3
Modelica.Electrical.Machines.BasicMachines.Transformers.Dd.Dd02,Component,success,,Electrical,2.178,355,6,307,0,107,singular,singular,,,,99,98,0,true,3,3
Modelica.Electrical.Machines.BasicMachines.Transformers.Dd.Dd04,Component,success,,Electrical,2.182,343,6,295,0,104,singular,singular,,,,93,92,0,true,3,3
Modelica.Electrical.Machines.BasicMachines.Transformers.Dd.Dd06,Component,success,,Electrical,2.613,343,6,295,0,104,singular,singular,,,,93,92,0,true,3,3
Modelica.Electrical.Machines.BasicMachines.Transformers.Dd.Dd08,Component,success,,Electrical,2.096,355,6,307,0,107,singular,singular,,,,99,98,0,true,3,3
Modelica.Electrical.Machines.BasicMachines.Transformers.Dd.Dd10,Component,success,,Electrical,2.115,343,6,295,0,104,singular,singular,,,,93,92,0,true,3,3
Modelica.Electrical.Machines.BasicMachines.Transformers.Dy.Dy01,Component,success,,Electrical,2.112,353,6,305,0,106,singular,singular,,,,97,98,0,true,3,3
Modelica.Electrical.Machines.BasicMachines.Transformers.Dy.Dy03,Component,success,,Electrical,2.364,353,6,305,0,106,singular,singular,,,,97,98,0,true,3,3
Modelica.Electrical.Machines.BasicMachines.Transformers.Dy.Dy05,Component,success,,Electrical,2.075,341,6,293,0,103,singular,singular,,,,91,92,0,true,3,3
Modelica.Electrical.Machines.BasicMachines.Transformers.Dy.Dy07,Component,success,,Electrical,2.585,353,6,305,0,106,singular,singular,,,,97,98,0,true,3,3
Modelica.Electrical.Machines.BasicMachines.Transformers.Dy.Dy09,Component,success,,Electrical,2.102,353,6,305,0,106,singular,singular,,,,97,98,0,true,3,3
Modelica.Electrical.Machines.BasicMachines.Transformers.Dy.Dy11,Component,success,,Electrical,2.055,341,6,293,0,103,singular,singular,,,,91,92,0,true,3,3
Modelica.Electrical.Machines.BasicMachines.Transformers.Dz.Dz00,Component,success,,Electrical,2.123,365,6,317,0,109,singular,singular,,,,103,104,0,true,3,3
Modelica.Electrical.Machines.BasicMachines.Transformers.Dz.Dz02,Component,success,,Electrical,2.628,365,6,317,0,109,singular,singular,,,,103,104,0,true,3,3
Modelica.Electrical.Machines.BasicMachines.Transformers.Dz.Dz04,Component,success,,Electrical,2.086,353,6,305,0,106,singular,singular,,,,97,98,0,true,3,3
Modelica.Electrical.Machines.BasicMachines.Transformers.Dz.Dz06,Component,success,,Electrical,2.701,353,6,305,0,106,singular,singular,,,,97,98,0,true,3,3
Modelica.Electrical.Machines.BasicMachines.Transformers.Dz.Dz08,Component,success,,Electrical,2.148,365,6,317,0,109,singular,singular,,,,103,104,0,true,3,3
Modelica.Electrical.Machines.BasicMachines.Transformers.Dz.Dz10,Component,success,,Electrical,2.204,365,6,317,0,109,singular,singular,,,,103,104,0,true,3,3
Modelica.Electrical.Machines.BasicMachines.Transformers.Yd.Yd01,Component,success,,Electrical,2.033,341,6,293,0,103,singular,singular,,,,91,92,0,true,3,3
Modelica.Electrical.Machines.BasicMachines.Transformers.Yd.Yd03,Component,success,,Electrical,2.817,353,6,305,0,106,singular,singular,,,,97,98,0,true,3,3
Modelica.Electrical.Machines.BasicMachines.Transformers.Yd.Yd05,Component,success,,Electrical,2.095,341,6,293,0,103,singular,singular,,,,91,92,0,true,3,3
Modelica.Electrical.Machines.BasicMachines.Transformers.Yd.Yd07,Component,success,,Electrical,2.296,341,6,293,0,103,singular,singular,,,,91,92,0,true,3,3
Modelica.Electrical.Machines.BasicMachines.Transformers.Yd.Yd09,Component,success,,Electrical,2.081,353,6,305,0,106,singular,singular,,,,97,98,0,true,3,3
Modelica.Electrical.Machines.BasicMachines.Transformers.Yd.Yd11,Component,success,,Electrical,2.113,341,6,293,0,103,singular,singular,,,,91,92,0,true,3,3
Modelica.Electrical.Machines.BasicMachines.Transformers.Yy.Yy00,Component,success,,Electrical,2.058,339,6,291,0,102,singular,singular,,,,89,92,0,true,3,3
Modelica.Electrical.Machines.BasicMachines.Transformers.Yy.Yy02,Component,success,,Electrical,2.122,351,6,303,0,105,singular,singular,,,,95,98,0,true,3,3
Modelica.Electrical.Machines.BasicMachines.Transformers.Yy.Yy04,Component,success,,Electrical,2.129,351,6,303,0,105,singular,singular,,,,95,98,0,true,3,3
Modelica.Electrical.Machines.BasicMachines.Transformers.Yy.Yy06,Component,success,,Electrical,2.027,339,6,291,0,102,singular,singular,,,,89,92,0,true,3,3
Modelica.Electrical.Machines.BasicMachines.Transformers.Yy.Yy08,Component,success,,Electrical,2.142,351,6,303,0,105,singular,singular,,,,95,98,0,true,3,3
Modelica.Electrical.Machines.BasicMachines.Transformers.Yy.Yy10,Component,success,,Electrical,2.327,351,6,303,0,105,singular,singular,,,,95,98,0,true,3,3
Modelica.Electrical.Machines.BasicMachines.Transformers.Yz.Yz01,Component,success,,Electrical,2.152,363,6,315,0,108,singular,singular,,,,101,104,0,true,3,3
Modelica.Electrical.Machines.BasicMachines.Transformers.Yz.Yz03,Component,success,,Electrical,2.202,363,6,315,0,108,singular,singular,,,,101,104,0,true,3,3
Modelica.Electrical.Machines.BasicMachines.Transformers.Yz.Yz05,Component,success,,Electrical,2.151,351,6,303,0,105,singular,singular,,,,95,98,0,true,3,3
Modelica.Electrical.Machines.BasicMachines.Transformers.Yz.Yz07,Component,success,,Electrical,2.100,351,6,303,0,105,singular,singular,,,,95,98,0,true,3,3
Modelica.Electrical.Machines.BasicMachines.Transformers.Yz.Yz09,Component,success,,Electrical,2.148,363,6,315,0,108,singular,singular,,,,101,104,0,true,3,3
Modelica.Electrical.Machines.BasicMachines.Transformers.Yz.Yz11,Component,success,,Electrical,2.253,363,6,315,0,108,singular,singular,,,,101,104,0,true,3,3
Modelica.Electrical.Machines.Examples.ControlledDCDrives.CurrentControlledDCPM,Examples,success,,Electrical,2.342,373,22,288,3,229,singular,ok,123,1,4,125,58,0,false,5,3
Modelica.Electrical.Machines.Examples.ControlledDCDrives.PositionControlledDCPM,Examples,success,,Electrical,4.175,463,24,346,7,293,singular,singular,,,,163,58,0,false,5,3
Modelica.Electrical.Machines.Examples.ControlledDCDrives.SpeedControlledDCPM,Examples,success,,Electrical,2.923,410,24,310,4,269,singular,singular,,,,146,58,0,false,5,3
Modelica.Electrical.Machines.Examples.ControlledDCDrives.Utilities.DcdcInverter,Examples,success,,Electrical,0.433,124,6,96,2,44,singular,singular,,,,54,24,0,false,4,0
Modelica.Electrical.Machines.Examples.ControlledDCDrives.Utilities.IdealDcDc,Examples,success,,Electrical,0.303,74,2,62,1,11,singular,singular,,,,31,18,0,false,3,0
Modelica.Electrical.Machines.Examples.ControlledDCDrives.Utilities.LimitedPI,Examples,success,,Electrical,0.337,31,1,17,2,31,ok,,31,0,0,17,0,0,false,1,0
Modelica.Electrical.Machines.Examples.ControlledDCDrives.Utilities.PartialControlledDCPM,Examples,success,,Electrical,2.310,365,21,282,3,222,singular,singular,,,,123,58,0,false,5,3
Modelica.Electrical.Machines.Examples.ControlledDCDrives.Utilities.SwitchingDcDc,Examples,success,,Electrical,0.330,137,0,133,63,126,ok,,74,1,64,34,18,0,false,4,0
Modelica.Electrical.Machines.Examples.DCMachines.DCEE_Start,Examples,success,,Electrical,1.114,246,14,201,1,157,singular,singular,,,,54,43,0,false,4,3
Modelica.Electrical.Machines.Examples.DCMachines.DCPM_Cooling,Examples,success,,Electrical,1.542,269,17,223,3,226,singular,ok,62,1,4,59,45,0,false,3,4
Modelica.Electrical.Machines.Examples.DCMachines.DCPM_CurrentControlled,Examples,success,,Electrical,1.205,246,17,186,2,186,singular,ok,70,1,4,69,36,0,false,4,3
Modelica.Electrical.Machines.Examples.DCMachines.DCPM_Drive,Examples,success,,Electrical,8.298,666,37,524,6,313,singular,ok,177,1,9,208,115,0,false,5,3
Modelica.Electrical.Machines.Examples.DCMachines.DCPM_QuasiStatic,Examples,success,,Electrical,2.726,390,26,309,3,225,singular,singular,,,,89,68,0,false,4,4
Modelica.Electrical.Machines.Examples.DCMachines.DCPM_Start,Examples,success,,Electrical,0.847,200,13,159,1,134,singular,ok,35,1,4,45,35,0,false,4,3
Modelica.Electrical.Machines.Examples.DCMachines.DCPM_Temperature,Examples,success,,Electrical,0.911,214,13,174,1,135,singular,ok,39,1,4,52,41,0,false,3,5
Modelica.Electrical.Machines.Examples.DCMachines.DCPM_withLosses,Examples,success,,Electrical,2.762,393,28,310,1,259,singular,ok,77,3,7,88,68,0,false,4,3
Modelica.Electrical.Machines.Examples.DCMachines.DCSE_SinglePhase,Examples,success,,Electrical,1.350,249,15,202,1,171,singular,singular,,,,53,43,0,false,4,4
Modelica.Electrical.Machines.Examples.DCMachines.DCSE_Start,Examples,success,,Electrical,1.160,248,15,202,1,161,singular,singular,,,,53,43,0,false,4,3
Modelica.Electrical.Machines.Examples.DCMachines.DC_CompareCharacteristics,Examples,success,,Electrical,12.188,665,41,535,1,420,singular,singular,,,,150,116,0,false,4,3
Modelica.Electrical.Machines.Examples.InductionMachines.IMC_Conveyor,Examples,success,,Electrical,4.232,445,16,368,3,240,singular,singular,,,,127,105,0,true,4,14
Modelica.Electrical.Machines.Examples.InductionMachines.IMC_DCBraking,Examples,success,,Electrical,3.442,357,16,299,0,189,singular,singular,,,,94,78,0,true,4,3
Modelica.Electrical.Machines.Examples.InductionMachines.IMC_DOL,Examples,success,,Electrical,4.688,473,15,392,11,264,singular,singular,,,,129,111,0,true,4,6
Modelica.Electrical.Machines.Examples.InductionMachines.IMC_Initialize,Examples,success,,Electrical,3.941,427,16,349,1,239,singular,singular,,,,120,102,0,true,4,6
Modelica.Electrical.Machines.Examples.InductionMachines.IMC_Inverter,Examples,success,,Electrical,3.762,425,15,350,1,212,singular,singular,,,,123,102,0,true,4,5
Modelica.Electrical.Machines.Examples.InductionMachines.IMC_InverterDrive,Examples,success,,Electrical,5.511,916,20,785,67,502,singular,skipped:too-large,,,,259,202,0,true,4,12
Modelica.Electrical.Machines.Examples.InductionMachines.IMC_Steinmetz,Examples,success,,Electrical,4.225,446,18,371,7,231,singular,singular,,,,124,96,0,true,4,6
Modelica.Electrical.Machines.Examples.InductionMachines.IMC_Transformer,Examples,success,,Electrical,4.378,866,21,733,18,413,singular,skipped:too-large,,,,237,212,0,true,4,7
Modelica.Electrical.Machines.Examples.InductionMachines.IMC_YD,Examples,success,,Electrical,6.566,571,15,482,41,327,singular,singular,,,,153,131,0,true,4,6
Modelica.Electrical.Machines.Examples.InductionMachines.IMC_YDarc,Examples,success,,Electrical,9.450,646,18,546,53,402,singular,singular,,,,171,149,0,true,4,6
Modelica.Electrical.Machines.Examples.InductionMachines.IMC_withLosses,Examples,success,,Electrical,4.312,485,18,379,1,274,singular,singular,,,,133,106,0,true,4,16
Modelica.Electrical.Machines.Examples.InductionMachines.IMS_Start,Examples,success,,Electrical,8.944,732,16,630,18,394,singular,singular,,,,205,178,0,true,4,6
Modelica.Electrical.Machines.Examples.SynchronousMachines.SMEE_DOL,Examples,success,,Electrical,6.521,636,14,520,11,339,singular,singular,,,,185,141,0,true,4,9
Modelica.Electrical.Machines.Examples.SynchronousMachines.SMEE_Generator,Examples,success,,Electrical,5.888,604,15,490,1,319,singular,singular,,,,183,135,0,true,4,9
Modelica.Electrical.Machines.Examples.SynchronousMachines.SMEE_LoadDump,Examples,success,,Electrical,8.074,667,20,539,17,387,singular,singular,,,,203,144,0,true,4,6
Modelica.Electrical.Machines.Examples.SynchronousMachines.SMEE_Rectifier,Examples,success,,Electrical,6.744,573,20,469,8,357,singular,singular,,,,161,111,0,true,4,8
Modelica.Electrical.Machines.Examples.SynchronousMachines.SMPM_Braking,Examples,success,,Electrical,5.773,598,15,502,7,312,singular,singular,,,,178,135,0,true,4,10
Modelica.Electrical.Machines.Examples.SynchronousMachines.SMPM_CurrentSource,Examples,success,,Electrical,4.442,595,16,477,0,289,singular,singular,,,,202,134,0,true,4,11
Modelica.Electrical.Machines.Examples.SynchronousMachines.SMPM_Inverter,Examples,success,,Electrical,3.928,524,16,424,1,281,singular,singular,,,,166,119,0,true,4,6
Modelica.Electrical.Machines.Examples.SynchronousMachines.SMPM_NoLoad,Examples,success,,Electrical,2.530,365,13,294,1,227,singular,singular,,,,97,79,0,true,4,10
Modelica.Electrical.Machines.Examples.SynchronousMachines.SMPM_ResistiveBraking,Examples,success,,Electrical,6.313,672,14,569,21,345,singular,singular,,,,183,145,0,true,4,8
Modelica.Electrical.Machines.Examples.SynchronousMachines.SMPM_VoltageSource,Examples,success,,Electrical,5.880,687,21,533,1,339,singular,singular,,,,246,144,0,true,4,12
Modelica.Electrical.Machines.Examples.SynchronousMachines.SMR_DOL,Examples,success,,Electrical,4.617,545,14,444,11,303,singular,singular,,,,163,125,0,true,4,7
Modelica.Electrical.Machines.Examples.SynchronousMachines.SMR_Inverter,Examples,success,,Electrical,3.646,500,15,404,1,251,singular,singular,,,,159,116,0,true,4,6
Modelica.Electrical.Machines.Examples.Transformers.AsymmetricalLoad,Examples,success,,Electrical,3.394,466,6,401,1,186,singular,singular,,,,132,121,0,true,4,5
Modelica.Electrical.Machines.Examples.Transformers.IMC_Transformer,Examples,success,,Electrical,4.328,866,21,733,18,413,singular,skipped:too-large,,,,237,212,0,true,4,7
Modelica.Electrical.Machines.Examples.Transformers.Rectifier12pulse,Examples,success,,Electrical,5.072,1018,14,883,13,411,singular,skipped:too-large,,,,289,250,0,true,4,5
Modelica.Electrical.Machines.Examples.Transformers.Rectifier6pulse,Examples,success,,Electrical,5.112,565,8,490,7,236,singular,singular,,,,161,141,0,true,4,5
Modelica.Electrical.Machines.Examples.Transformers.TransformerTestbench,Examples,success,,Electrical,6.199,748,6,629,1,265,singular,singular,,,,248,194,0,true,4,7
Modelica.Electrical.Machines.Icons.Drive,Icons,success,,Electrical,0.239,0,0,0,0,0,error:empty system: no equations or unknowns,,,,,0,0,0,false,0,0
Modelica.Electrical.Machines.Icons.FundamentalWaveMachine,Icons,success,,Electrical,0.225,0,0,0,0,0,error:empty system: no equations or unknowns,,,,,0,0,0,false,0,0
Modelica.Electrical.Machines.Icons.Machine,Icons,success,,Electrical,0.235,0,0,0,0,0,error:empty system: no equations or unknowns,,,,,0,0,0,false,0,0
Modelica.Electrical.Machines.Icons.QuasiStaticFundamentalWaveMachine,Icons,success,,Electrical,0.240,0,0,0,0,0,error:empty system: no equations or unknowns,,,,,0,0,0,false,0,0
Modelica.Electrical.Machines.Icons.QuasiStaticMachine,Icons,success,,Electrical,0.237,0,0,0,0,0,error:empty system: no equations or unknowns,,,,,0,0,0,false,0,0
Modelica.Electrical.Machines.Icons.QuasiStaticTransformer,Icons,success,,Electrical,0.251,0,0,0,0,0,error:empty system: no equations or unknowns,,,,,0,0,0,false,0,0
Modelica.Electrical.Machines.Icons.TransientMachine,Icons,success,,Electrical,0.238,0,0,0,0,0,error:empty system: no equations or unknowns,,,,,0,0,0,false,0,0
Modelica.Electrical.Machines.Icons.TransientTransformer,Icons,success,,Electrical,0.233,0,0,0,0,0,error:empty system: no equations or unknowns,,,,,0,0,0,false,0,0
Modelica.Electrical.Machines.Interfaces.DCMachines.PartialThermalAmbientDCMachines,Interfaces,success,,Electrical,0.239,27,0,21,0,7,ok,,27,0,0,6,10,0,false,2,0
Modelica.Electrical.Machines.Interfaces.FlangeSupport,Interfaces,success,,Electrical,0.252,6,1,6,0,0,singular,singular,,,,0,2,0,false,1,0
Modelica.Electrical.Machines.Interfaces.InductionMachines.PartialThermalAmbientInductionMachines,Interfaces,success,,Electrical,0.255,39,0,33,0,10,ok,,39,0,0,9,15,0,true,2,0
Modelica.Electrical.Machines.Interfaces.PartialBasicDCMachine,Interfaces,success,,Electrical,0.504,140,8,111,0,79,singular,singular,,,,29,29,0,false,3,1
Modelica.Electrical.Machines.Interfaces.PartialBasicInductionMachine,Interfaces,success,,Electrical,1.364,242,9,197,0,108,singular,singular,,,,54,59,0,true,3,3
Modelica.Electrical.Machines.Interfaces.PartialBasicMachine,Interfaces,success,,Electrical,0.297,32,6,23,0,22,singular,ok,7,0,0,5,6,0,false,2,0
Modelica.Electrical.Machines.Interfaces.PartialBasicTransformer,Interfaces,success,,Electrical,2.033,319,6,271,0,98,singular,singular,,,,66,95,0,true,3,3
Modelica.Electrical.Machines.Losses.DCMachines.Brush,Component,success,,Electrical,0.252,7,0,7,0,3,singular,singular,,,,0,2,0,false,1,0
Modelica.Electrical.Machines.Losses.DCMachines.Core,Component,success,,Electrical,0.249,9,0,9,0,8,singular,singular,,,,0,2,0,false,1,0
Modelica.Electrical.Machines.Losses.DCMachines.StrayLoad,Component,success,,Electrical,0.255,14,1,13,0,6,singular,singular,,,,0,4,0,false,1,0
Modelica.Electrical.Machines.Losses.Friction,Component,success,,Electrical,0.257,8,1,7,0,8,singular,singular,,,,0,2,0,false,1,0
Modelica.Electrical.Machines.Losses.InductionMachines.Brush,Component,success,,Electrical,0.283,49,0,45,0,17,singular,singular,,,,10,14,0,true,2,0
Modelica.Electrical.Machines.Losses.InductionMachines.Core,Component,success,,Electrical,0.243,5,0,5,0,10,singular,singular,,,,0,1,0,false,1,0
Modelica.Electrical.Machines.Losses.InductionMachines.PermanentMagnetLosses,Component,success,,Electrical,0.262,9,1,8,0,9,singular,singular,,,,0,2,0,false,1,1
Modelica.Electrical.Machines.Losses.InductionMachines.StrayLoad,Component,success,,Electrical,0.269,25,1,22,0,9,singular,singular,,,,0,8,0,true,2,1
Modelica.Electrical.Machines.Sensors.CurrentQuasiRMSSensor,Component,success,,Electrical,0.364,51,0,39,0,13,singular,singular,,,,19,18,0,true,3,2
Modelica.Electrical.Machines.Sensors.ElectricalPowerSensor,Component,success,,Electrical,0.269,24,0,20,0,3,singular,singular,,,,0,9,0,true,2,2
Modelica.Electrical.Machines.Sensors.HallSensor,Component,success,,Electrical,0.236,4,0,3,0,3,singular,singular,,,,0,1,0,false,1,0
Modelica.Electrical.Machines.Sensors.MechanicalPowerSensor,Component,success,,Electrical,0.255,21,1,16,0,2,singular,singular,,,,7,5,0,false,2,0
Modelica.Electrical.Machines.Sensors.RotorDisplacementAngle,Component,success,,Electrical,0.330,70,0,53,0,25,singular,singular,,,,26,21,0,true,3,3
Modelica.Electrical.Machines.Sensors.SinCosResolver,Component,success,,Electrical,0.246,7,0,3,0,5,singular,singular,,,,0,1,0,false,1,0
Modelica.Electrical.Machines.Sensors.VoltageQuasiRMSSensor,Component,success,,Electrical,0.369,51,0,39,0,13,singular,singular,,,,19,18,0,true,3,2
Modelica.Electrical.Machines.SpacePhasors.Blocks.FromPolar,Component,success,,Electrical,0.244,1,0,0,0,1,singular,singular,,,,0,0,0,false,0,0
Modelica.Electrical.Machines.SpacePhasors.Blocks.FromSpacePhasor,Component,success,,Electrical,0.250,1,0,0,0,6,singular,singular,,,,0,0,0,false,0,1
Modelica.Electrical.Machines.SpacePhasors.Blocks.LessThreshold,Component,success,,Electrical,0.244,1,0,0,0,2,ok,,1,0,0,0,0,0,false,0,0
Modelica.Electrical.Machines.SpacePhasors.Blocks.QuasiRMS,Component,success,,Electrical,0.314,6,0,2,0,3,singular,singular,,,,3,0,0,false,1,1
Modelica.Electrical.Machines.SpacePhasors.Blocks.Rotator,Component,success,,Electrical,0.241,2,0,1,0,1,singular,singular,,,,0,0,0,false,0,0
Modelica.Electrical.Machines.SpacePhasors.Blocks.ToPolar,Component,success,,Electrical,0.258,2,0,0,0,1,ok,,2,0,0,0,0,0,false,0,1
Modelica.Electrical.Machines.SpacePhasors.Blocks.ToSpacePhasor,Component,success,,Electrical,0.302,2,0,0,0,6,singular,singular,,,,0,0,0,false,0,1
Modelica.Electrical.Machines.SpacePhasors.Components.Rotator,Component,success,,Electrical,0.233,5,0,5,0,0,singular,singular,,,,0,2,0,false,1,0
Modelica.Electrical.Machines.SpacePhasors.Components.SpacePhasor,Component,success,,Electrical,0.257,23,0,20,0,5,singular,singular,,,,0,9,0,true,2,0
Modelica.Electrical.Machines.Thermal.DCMachines.ThermalAmbientDCCE,Component,success,,Electrical,0.262,42,0,31,0,11,ok,,42,0,0,10,14,0,false,2,0
Modelica.Electrical.Machines.Thermal.DCMachines.ThermalAmbientDCEE,Component,success,,Electrical,0.254,35,0,26,0,9,ok,,35,0,0,8,12,0,false,2,0
Modelica.Electrical.Machines.Thermal.DCMachines.ThermalAmbientDCPM,Component,success,,Electrical,0.259,35,0,26,0,9,ok,,35,0,0,8,12,0,false,2,0
Modelica.Electrical.Machines.Thermal.DCMachines.ThermalAmbientDCSE,Component,success,,Electrical,0.345,35,0,26,0,9,ok,,35,0,0,8,12,0,false,2,0
Modelica.Electrical.Machines.Thermal.InductionMachines.ThermalAmbientIMC,Component,success,,Electrical,0.275,47,0,38,0,12,ok,,47,0,0,11,17,0,true,2,0
Modelica.Electrical.Machines.Thermal.InductionMachines.ThermalAmbientIMS,Component,success,,Electrical,0.280,64,0,54,0,16,ok,,64,0,0,15,24,0,true,2,0
Modelica.Electrical.Machines.Thermal.SynchronousMachines.ThermalAmbientSMEE,Component,success,,Electrical,0.265,58,0,47,0,17,ok,,58,0,0,14,21,0,true,2,0
Modelica.Electrical.Machines.Thermal.SynchronousMachines.ThermalAmbientSMPM,Component,success,,Electrical,0.287,54,0,43,0,16,ok,,54,0,0,13,19,0,true,2,0
Modelica.Electrical.Machines.Thermal.SynchronousMachines.ThermalAmbientSMR,Component,success,,Electrical,0.265,47,0,38,0,14,ok,,47,0,0,11,17,0,true,2,0
Modelica.Electrical.Machines.Thermal.ThermalAmbientTransformer,Component,success,,Electrical,0.355,44,0,38,0,10,ok,,44,0,0,11,16,0,true,2,0
Modelica.Electrical.Machines.UsersGuide.Concept,Component,success,,Electrical,0.230,0,0,0,0,0,error:empty system: no equations or unknowns,,,,,0,0,0,false,0,0
Modelica.Electrical.Machines.UsersGuide.Contact,Component,success,,Electrical,0.249,0,0,0,0,0,error:empty system: no equations or unknowns,,,,,0,0,0,false,0,0
Modelica.Electrical.Machines.UsersGuide.Discrimination,Component,success,,Electrical,0.245,0,0,0,0,0,error:empty system: no equations or unknowns,,,,,0,0,0,false,0,0
Modelica.Electrical.Machines.UsersGuide.References,Component,success,,Electrical,0.235,0,0,0,0,0,error:empty system: no equations or unknowns,,,,,0,0,0,false,0,0
Modelica.Electrical.Machines.UsersGuide.ReleaseNotes,Component,success,,Electrical,0.239,0,0,0,0,0,error:empty system: no equations or unknowns,,,,,0,0,0,false,0,0
Modelica.Electrical.Machines.Utilities.Coupling,Component,success,,Electrical,0.282,13,1,12,0,2,singular,singular,,,,2,4,0,false,2,0
Modelica.Electrical.Machines.Utilities.DQCurrentController,Component,success,,Electrical,0.439,54,2,30,0,51,singular,singular,,,,29,0,0,true,2,1
Modelica.Electrical.Machines.Utilities.DQToThreePhase,Component,success,,Electrical,0.268,16,0,8,0,15,singular,singular,,,,9,0,0,false,1,1
Modelica.Electrical.Machines.Utilities.FromDQ,Component,success,,Electrical,0.266,11,0,6,0,13,singular,singular,,,,6,0,0,false,1,1
Modelica.Electrical.Machines.Utilities.MultiTerminalBox,Component,success,,Electrical,0.277,40,0,40,0,20,singular,singular,,,,19,21,0,true,3,0
Modelica.Electrical.Machines.Utilities.RampedRheostat,Component,success,,Electrical,0.504,76,0,67,1,41,ok,,76,0,0,25,20,0,true,3,0
Modelica.Electrical.Machines.Utilities.SinCosEvaluation,Component,success,,Electrical,0.263,18,2,8,1,6,singular,singular,,,,11,0,0,false,1,0
Modelica.Electrical.Machines.Utilities.SwitchYD,Component,success,,Electrical,0.959,131,0,120,27,62,singular,singular,,,,39,38,0,true,3,0
Modelica.Electrical.Machines.Utilities.SwitchYDwithArc,Component,success,,Electrical,1.857,125,0,114,39,104,singular,singular,,,,39,38,0,true,3,0
Modelica.Electrical.Machines.Utilities.SwitchedRheostat,Component,success,,Electrical,0.857,123,0,119,8,61,ok,,87,3,13,38,36,0,true,3,0
Modelica.Electrical.Machines.Utilities.TerminalBox,Component,success,,Electrical,0.285,40,0,40,0,10,singular,singular,,,,19,21,0,true,3,0
Modelica.Electrical.Machines.Utilities.ToDQ,Component,success,,Electrical,0.271,10,0,5,0,12,singular,singular,,,,5,0,0,false,1,1
Modelica.Electrical.Machines.Utilities.VfController,Component,success,,Electrical,0.265,3,1,0,1,9,singular,singular,,,,0,0,0,false,1,1
Modelica.Electrical.Polyphase.Basic.Capacitor,Component,success,,Electrical,0.340,36,3,29,0,7,singular,singular,,,,6,12,0,true,2,0
Modelica.Electrical.Polyphase.Basic.Conductor,Component,success,,Electrical,0.556,45,0,41,0,24,singular,singular,,,,6,12,0,true,2,0
Modelica.Electrical.Polyphase.Basic.Delta,Component,success,,Electrical,0.254,12,0,12,0,3,singular,singular,,,,3,9,0,true,2,0
Modelica.Electrical.Polyphase.Basic.Inductor,Component,success,,Electrical,0.331,36,3,29,0,7,singular,singular,,,,6,12,0,true,2,0
Modelica.Electrical.Polyphase.Basic.MultiDelta,Component,success,,Electrical,0.270,12,0,12,0,7,singular,singular,,,,3,9,0,true,2,0
Modelica.Electrical.Polyphase.Basic.MultiStar,Component,success,,Electrical,0.252,8,0,8,0,5,singular,singular,,,,3,5,0,true,2,0
Modelica.Electrical.Polyphase.Basic.MultiStarResistance,Component,success,,Electrical,0.454,35,0,35,0,25,singular,singular,,,,12,14,0,true,3,0
Modelica.Electrical.Polyphase.Basic.MutualInductor,Component,success,,Electrical,0.277,18,1,13,0,5,singular,singular,,,,0,6,0,true,2,0
Modelica.Electrical.Polyphase.Basic.PlugToPin_n,Component,success,,Electrical,0.239,8,0,8,0,3,singular,singular,,,,0,4,0,true,2,0
Modelica.Electrical.Polyphase.Basic.PlugToPin_p,Component,success,,Electrical,0.243,8,0,8,0,3,singular,singular,,,,0,4,0,true,2,0
Modelica.Electrical.Polyphase.Basic.PlugToPins_n,Component,success,,Electrical,0.261,12,0,12,0,2,singular,singular,,,,0,6,0,true,2,0
Modelica.Electrical.Polyphase.Basic.PlugToPins_p,Component,success,,Electrical,0.253,12,0,12,0,2,singular,singular,,,,0,6,0,true,2,0
Modelica.Electrical.Polyphase.Basic.Resistor,Component,success,,Electrical,0.541,45,0,41,0,24,singular,singular,,,,6,12,0,true,2,0
Modelica.Electrical.Polyphase.Basic.SaturatingInductor,Component,success,,Electrical,0.425,42,3,35,0,22,singular,singular,,,,6,12,0,true,2,1
Modelica.Electrical.Polyphase.Basic.SplitToSubsystems,Component,success,,Electrical,0.264,12,0,12,0,5,singular,singular,,,,3,9,0,true,2,0
Modelica.Electrical.Polyphase.Basic.Star,Component,success,,Electrical,0.240,8,0,8,0,2,singular,singular,,,,3,5,0,true,2,0
Modelica.Electrical.Polyphase.Basic.Transformer,Component,success,,Electrical,0.543,75,6,61,0,17,singular,singular,,,,12,24,0,true,2,0
Modelica.Electrical.Polyphase.Basic.VariableCapacitor,Component,success,,Electrical,0.368,42,3,35,0,13,singular,singular,,,,9,12,0,true,2,0
Modelica.Electrical.Polyphase.Basic.VariableConductor,Component,success,,Electrical,0.462,48,0,44,0,20,singular,singular,,,,9,12,0,true,2,0
Modelica.Electrical.Polyphase.Basic.VariableInductor,Component,success,,Electrical,0.361,42,3,35,0,13,singular,singular,,,,9,12,0,true,2,0
Modelica.Electrical.Polyphase.Basic.VariableResistor,Component,success,,Electrical,0.480,48,0,44,0,20,singular,singular,,,,9,12,0,true,2,0
Modelica.Electrical.Polyphase.Basic.ZeroInductor,Component,success,,Electrical,0.252,18,1,15,0,4,singular,singular,,,,0,6,0,true,2,0
Modelica.Electrical.Polyphase.Blocks.QuasiRMS,Component,success,,Electrical,0.262,1,0,0,0,1,ok,,1,0,0,0,0,0,false,0,1
Modelica.Electrical.Polyphase.Examples.PolyphaseRectifier,Examples,success,,Electrical,5.474,1175,50,790,59,1139,singular,skipped:too-large,,,,479,167,0,true,4,4
Modelica.Electrical.Polyphase.Examples.Rectifier,Examples,success,,Electrical,3.990,525,5,454,7,157,singular,singular,,,,193,125,0,true,4,5
Modelica.Electrical.Polyphase.Examples.TestSensors,Examples,success,,Electrical,4.096,574,3,476,1,137,singular,singular,,,,228,140,0,true,4,5
Modelica.Electrical.Polyphase.Examples.TransformerYD,Examples,success,,Electrical,1.609,284,3,254,1,132,ok,,284,0,0,78,69,0,true,3,3
Modelica.Electrical.Polyphase.Examples.TransformerYY,Examples,success,,Electrical,2.085,281,3,251,1,130,singular,singular,,,,75,68,0,true,3,2
Modelica.Electrical.Polyphase.Examples.Utilities.AnalysatorAC,Examples,success,,Electrical,3.776,318,19,153,20,411,singular,singular,,,,152,30,0,true,3,3
Modelica.Electrical.Polyphase.Examples.Utilities.AnalysatorDC,Examples,success,,Electrical,0.284,30,3,18,4,29,singular,singular,,,,10,6,0,false,2,0
Modelica.Electrical.Polyphase.Ideal.CloserWithArc,Component,success,,Electrical,0.644,45,0,38,13,42,singular,singular,,,,9,12,0,true,2,0
Modelica.Electrical.Polyphase.Ideal.IdealClosingSwitch,Component,success,,Electrical,0.445,48,0,41,7,21,singular,singular,,,,9,12,0,true,2,0
Modelica.Electrical.Polyphase.Ideal.IdealCommutingSwitch,Component,success,,Electrical,0.469,51,0,48,4,22,singular,singular,,,,12,18,0,true,2,0
Modelica.Electrical.Polyphase.Ideal.IdealDiode,Component,success,,Electrical,0.533,45,0,41,4,25,singular,singular,,,,6,12,0,true,2,0
Modelica.Electrical.Polyphase.Ideal.IdealGTOThyristor,Component,success,,Electrical,0.562,48,0,41,7,25,singular,singular,,,,9,12,0,true,2,0
Modelica.Electrical.Polyphase.Ideal.IdealIntermediateSwitch,Component,success,,Electrical,0.518,69,0,66,4,23,singular,singular,,,,15,24,0,true,2,0
Modelica.Electrical.Polyphase.Ideal.IdealOpeningSwitch,Component,success,,Electrical,0.456,48,0,41,7,21,singular,singular,,,,9,12,0,true,2,0
Modelica.Electrical.Polyphase.Ideal.IdealThyristor,Component,success,,Electrical,0.526,48,0,41,8,28,singular,singular,,,,9,12,0,true,2,0
Modelica.Electrical.Polyphase.Ideal.IdealTransformer,Component,success,,Electrical,0.376,78,0,70,0,17,singular,singular,,,,12,24,0,true,2,0
Modelica.Electrical.Polyphase.Ideal.Idle,Component,success,,Electrical,0.262,36,0,32,0,3,singular,singular,,,,6,12,0,true,2,0
Modelica.Electrical.Polyphase.Ideal.OpenerWithArc,Component,success,,Electrical,0.655,45,0,38,13,42,singular,singular,,,,9,12,0,true,2,0
Modelica.Electrical.Polyphase.Ideal.Short,Component,success,,Electrical,0.273,36,0,32,0,3,singular,singular,,,,6,12,0,true,2,0
Modelica.Electrical.Polyphase.Interfaces.ConditionalHeatPort,Interfaces,success,,Electrical,0.276,0,0,0,0,3,error:empty system: no equations or unknowns,,,,,0,0,0,false,0,0
Modelica.Electrical.Polyphase.Interfaces.FourPlug,Interfaces,success,,Electrical,0.262,24,0,28,0,5,singular,singular,,,,0,12,0,true,2,0
Modelica.Electrical.Polyphase.Interfaces.OnePort,Interfaces,success,,Electrical,0.266,15,0,14,0,3,singular,singular,,,,0,6,0,true,2,0
Modelica.Electrical.Polyphase.Interfaces.TwoPlug,Interfaces,success,,Electrical,0.244,12,0,14,0,3,singular,singular,,,,0,6,0,true,2,0
Modelica.Electrical.Polyphase.Interfaces.TwoPort,Interfaces,success,,Electrical,0.263,30,0,28,0,5,singular,singular,,,,0,12,0,true,2,0
Modelica.Electrical.Polyphase.Sensors.AronSensor,Component,success,,Electrical,0.325,84,0,74,0,9,singular,singular,,,,32,25,0,true,3,0
Modelica.Electrical.Polyphase.Sensors.CurrentQuasiRMSSensor,Component,success,,Electrical,0.286,51,0,39,0,7,singular,singular,,,,17,18,0,true,3,1
Modelica.Electrical.Polyphase.Sensors.CurrentSensor,Component,success,,Electrical,0.268,30,0,24,0,3,singular,singular,,,,9,12,0,true,2,0
Modelica.Electrical.Polyphase.Sensors.MultiSensor,Component,success,,Electrical,0.255,32,0,24,0,5,singular,singular,,,,0,12,0,true,2,0
Modelica.Electrical.Polyphase.Sensors.PotentialSensor,Component,success,,Electrical,0.257,18,0,12,0,2,singular,singular,,,,6,6,0,true,2,0
Modelica.Electrical.Polyphase.Sensors.PowerSensor,Component,success,,Electrical,0.386,98,0,79,0,13,singular,singular,,,,40,36,0,true,3,0
Modelica.Electrical.Polyphase.Sensors.ReactivePowerSensor,Component,success,,Electrical,0.562,107,0,93,0,10,singular,singular,,,,43,30,0,true,3,0
Modelica.Electrical.Polyphase.Sensors.VoltageQuasiRMSSensor,Component,success,,Electrical,0.282,51,0,39,0,7,singular,singular,,,,17,18,0,true,3,1
Modelica.Electrical.Polyphase.Sensors.VoltageSensor,Component,success,,Electrical,0.278,30,0,24,0,3,singular,singular,,,,9,12,0,true,2,0
Modelica.Electrical.Polyphase.Sources.ConstantCurrent,Component,success,,Electrical,0.328,36,0,32,0,7,singular,singular,,,,6,12,0,true,2,0
Modelica.Electrical.Polyphase.Sources.ConstantVoltage,Component,success,,Electrical,0.337,36,0,32,0,7,singular,singular,,,,6,12,0,true,2,0
Modelica.Electrical.Polyphase.Sources.CosineCurrent,Component,success,,Electrical,0.633,39,0,32,1,42,singular,singular,,,,6,12,0,true,2,2
Modelica.Electrical.Polyphase.Sources.CosineVoltage,Component,success,,Electrical,0.600,39,0,32,1,42,singular,singular,,,,6,12,0,true,2,2
Modelica.Electrical.Polyphase.Sources.SignalCurrent,Component,success,,Electrical,0.254,30,0,31,0,3,singular,singular,,,,6,12,0,true,2,0
Modelica.Electrical.Polyphase.Sources.SignalVoltage,Component,success,,Electrical,0.275,30,0,31,0,3,singular,singular,,,,6,12,0,true,2,0
Modelica.Electrical.Polyphase.Sources.SineCurrent,Component,success,,Electrical,0.609,39,0,32,1,42,singular,singular,,,,6,12,0,true,2,2
Modelica.Electrical.Polyphase.Sources.SineVoltage,Component,success,,Electrical,0.739,39,0,32,1,42,singular,singular,,,,6,12,0,true,2,2
Modelica.Electrical.Polyphase.UsersGuide.Contact,Component,success,,Electrical,0.239,0,0,0,0,0,error:empty system: no equations or unknowns,,,,,0,0,0,false,0,0
Modelica.Electrical.Polyphase.UsersGuide.PhaseOrientation,Component,success,,Electrical,0.223,0,0,0,0,0,error:empty system: no equations or unknowns,,,,,0,0,0,false,0,0
Modelica.Electrical.Polyphase.UsersGuide.References,Component,success,,Electrical,0.234,0,0,0,0,0,error:empty system: no equations or unknowns,,,,,0,0,0,false,0,0
Modelica.Electrical.Polyphase.UsersGuide.ReleaseNotes,Component,success,,Electrical,0.239,0,0,0,0,0,error:empty system: no equations or unknowns,,,,,0,0,0,false,0,0
Modelica.Electrical.PowerConverters.ACAC.Control.SoftStartControl,Component,success,,Electrical,0.241,2,1,1,3,15,ok,,2,0,0,0,0,0,false,1,0
Modelica.Electrical.PowerConverters.ACAC.Control.VoltageToAngle,Component,success,,Electrical,0.481,10,0,5,1,25,ok,,10,0,0,5,0,0,false,1,7
Modelica.Electrical.PowerConverters.ACAC.PolyphaseTriac,Component,success,,Electrical,0.374,114,0,110,19,65,ok,,96,6,4,24,24,0,true,3,0
Modelica.Electrical.PowerConverters.ACAC.SinglePhaseTriac,Component,success,,Electrical,0.268,26,0,24,5,18,singular,singular,,,,6,4,0,false,2,0
Modelica.Electrical.PowerConverters.ACDC.Control.Filter,Component,success,,Electrical,0.806,11,3,3,0,31,ok,,10,1,2,4,0,0,true,1,0
Modelica.Electrical.PowerConverters.ACDC.Control.Signal2mPulse,Component,success,,Electrical,2.290,80,9,40,27,140,singular,singular,,,,42,0,0,true,2,0
Modelica.Electrical.PowerConverters.ACDC.Control.VoltageBridge2Pulse,Component,success,,Electrical,0.991,42,3,25,13,65,singular,singular,,,,19,4,0,true,3,0
Modelica.Electrical.PowerConverters.ACDC.Control.VoltageBridge2mPulse,Component,success,,Electrical,2.626,129,9,83,29,159,singular,singular,,,,64,18,0,true,3,0
Modelica.Electrical.PowerConverters.ACDC.Control.VoltageCenterTap2mPulse,Component,success,,Electrical,2.618,125,9,74,29,161,singular,singular,,,,63,15,0,true,3,0
Modelica.Electrical.PowerConverters.ACDC.DiodeBridge2Pulse,Component,success,,Electrical,0.255,52,0,52,5,26,ok,,38,2,8,8,8,0,false,2,0
Modelica.Electrical.PowerConverters.ACDC.DiodeBridge2mPulse,Component,success,,Electrical,1.077,125,0,117,7,60,singular,singular,,,,32,30,0,true,3,0
Modelica.Electrical.PowerConverters.ACDC.DiodeCenterTap2Pulse,Component,success,,Electrical,0.269,32,0,32,3,16,singular,singular,,,,4,6,0,false,2,0
Modelica.Electrical.PowerConverters.ACDC.DiodeCenterTap2mPulse,Component,success,,Electrical,1.104,129,0,121,7,61,singular,singular,,,,32,34,0,true,3,0
Modelica.Electrical.PowerConverters.ACDC.DiodeCenterTapmPulse,Component,success,,Electrical,0.670,70,0,66,4,34,singular,singular,,,,16,18,0,true,3,0
Modelica.Electrical.PowerConverters.ACDC.HalfControlledBridge2Pulse,Component,success,,Electrical,0.331,53,0,52,17,41,singular,singular,,,,9,8,0,false,2,0
Modelica.Electrical.PowerConverters.ACDC.HalfControlledBridge2mPulse,Component,success,,Electrical,1.314,128,0,117,31,80,singular,singular,,,,35,30,0,true,3,0
Modelica.Electrical.PowerConverters.ACDC.ThyristorBridge2Pulse,Component,success,,Electrical,0.330,53,0,52,19,42,singular,singular,,,,9,8,0,false,2,0
Modelica.Electrical.PowerConverters.ACDC.ThyristorBridge2mPulse,Component,success,,Electrical,1.401,131,0,117,51,87,singular,singular,,,,38,30,0,true,3,0
Modelica.Electrical.PowerConverters.ACDC.ThyristorCenterTap2Pulse,Component,success,,Electrical,0.288,33,0,32,15,28,singular,singular,,,,5,6,0,false,2,0
Modelica.Electrical.PowerConverters.ACDC.ThyristorCenterTap2mPulse,Component,success,,Electrical,1.410,135,0,121,39,76,singular,singular,,,,38,34,0,true,3,0
Modelica.Electrical.PowerConverters.ACDC.ThyristorCenterTapmPulse,Component,success,,Electrical,0.811,73,0,66,22,45,singular,singular,,,,19,18,0,true,3,0
Modelica.Electrical.PowerConverters.DCAC.Control.IntersectivePWM,Component,success,,Electrical,0.414,25,0,14,24,61,singular,singular,,,,14,0,0,true,2,1
Modelica.Electrical.PowerConverters.DCAC.Control.PWM,Component,success,,Electrical,0.253,1,0,1,17,23,singular,singular,,,,1,0,0,false,2,1
Modelica.Electrical.PowerConverters.DCAC.Control.SVPWM,Component,success,,Electrical,0.266,0,0,0,15,18,error:empty system: no equations or unknowns,,,,,0,0,0,false,1,1
Modelica.Electrical.PowerConverters.DCAC.Polyphase2Level,Component,success,,Electrical,2.226,221,0,199,43,118,singular,singular,,,,62,42,0,true,3,0
Modelica.Electrical.PowerConverters.DCAC.SinglePhase2Level,Component,success,,Electrical,0.317,51,0,50,17,37,singular,singular,,,,9,6,0,false,2,0
Modelica.Electrical.PowerConverters.DCDC.ChopperBuckBoost,Component,success,,Electrical,0.340,53,0,52,17,37,singular,singular,,,,10,7,0,false,2,0
Modelica.Electrical.PowerConverters.DCDC.ChopperStepDown,Component,success,,Electrical,0.328,34,0,34,11,27,singular,singular,,,,5,7,0,false,2,0
Modelica.Electrical.PowerConverters.DCDC.ChopperStepUp,Component,success,,Electrical,0.280,34,0,34,11,27,singular,singular,,,,5,7,0,false,2,0
Modelica.Electrical.PowerConverters.DCDC.Control.SignalPWM,Component,success,,Electrical,0.267,9,0,5,11,27,ok,,9,0,0,4,0,0,false,2,0
Modelica.Electrical.PowerConverters.DCDC.Control.Voltage2DutyCycle,Component,success,,Electrical,0.252,3,0,1,0,5,ok,,3,0,0,1,0,0,false,1,0
Modelica.Electrical.PowerConverters.DCDC.HBridge,Component,success,,Electrical,0.589,117,0,116,51,89,singular,singular,,,,23,14,0,false,3,0
Modelica.Electrical.PowerConverters.Enable.EnableLogic,Component,success,,Electrical,0.255,0,0,0,4,5,error:empty system: no equations or unknowns,,,,,0,0,0,false,1,0
Modelica.Electrical.PowerConverters.Examples.ACAC.Dimmer_R,Examples,success,,Electrical,1.571,172,10,102,26,257,ok,,152,2,20,74,6,0,true,3,10
Modelica.Electrical.PowerConverters.Examples.ACAC.Dimmer_RL,Examples,success,,Electrical,1.589,178,11,107,26,258,ok,,167,2,11,75,7,0,true,3,10
Modelica.Electrical.PowerConverters.Examples.ACAC.ExampleTemplates.Dimmer,Examples,success,,Electrical,1.582,163,10,93,26,252,ok,,152,2,11,72,6,0,true,3,10
Modelica.Electrical.PowerConverters.Examples.ACAC.SoftStarter,Examples,success,,Electrical,4.963,1118,30,990,59,605,singular,skipped:too-large,,,,339,219,0,true,6,35
Modelica.Electrical.PowerConverters.Examples.ACDC.ExampleTemplates.Thyristor1Pulse,Examples,success,,Electrical,0.500,76,3,53,18,85,ok,,76,0,0,30,6,0,true,4,1
Modelica.Electrical.PowerConverters.Examples.ACDC.ExampleTemplates.ThyristorBridge2Pulse,Examples,success,,Electrical,0.572,119,3,96,36,120,ok,,99,2,12,39,11,0,true,4,1
Modelica.Electrical.PowerConverters.Examples.ACDC.ExampleTemplates.ThyristorBridge2mPulse,Examples,success,,Electrical,3.337,326,3,274,84,253,singular,singular,,,,123,66,0,true,4,2
Modelica.Electrical.PowerConverters.Examples.ACDC.ExampleTemplates.ThyristorCenterTap2Pulse,Examples,success,,Electrical,0.696,106,3,82,32,117,ok,,94,1,13,36,10,0,true,4,1
Modelica.Electrical.PowerConverters.Examples.ACDC.ExampleTemplates.ThyristorCenterTap2mPulse,Examples,success,,Electrical,3.616,338,3,274,72,262,singular,singular,,,,125,64,0,true,4,2
Modelica.Electrical.PowerConverters.Examples.ACDC.ExampleTemplates.ThyristorCenterTapmPulse,Examples,success,,Electrical,1.952,244,3,196,54,188,singular,singular,,,,98,45,0,true,4,2
Modelica.Electrical.PowerConverters.Examples.ACDC.Rectifier1Pulse.Thyristor1Pulse_R,Examples,success,,Electrical,0.534,85,3,62,18,92,ok,,75,1,11,32,6,0,true,4,1
Modelica.Electrical.PowerConverters.Examples.ACDC.Rectifier1Pulse.Thyristor1Pulse_R_Characteristic,Examples,success,,Electrical,0.537,87,3,64,18,94,ok,,77,1,11,34,6,0,true,4,1
Modelica.Electrical.PowerConverters.Examples.ACDC.RectifierBridge2Pulse.DiodeBridge2Pulse,Examples,success,,Electrical,0.499,96,3,83,8,77,ok,,59,1,38,24,9,0,false,3,1
Modelica.Electrical.PowerConverters.Examples.ACDC.RectifierBridge2Pulse.HalfControlledBridge2Pulse,Examples,success,,Electrical,0.570,128,3,105,34,126,ok,,91,1,38,41,11,0,true,4,1
Modelica.Electrical.PowerConverters.Examples.ACDC.RectifierBridge2Pulse.ThyristorBridge2Pulse_DC_Drive,Examples,success,,Electrical,4.751,338,19,265,36,288,singular,singular,,,,91,46,0,true,4,4
Modelica.Electrical.PowerConverters.Examples.ACDC.RectifierBridge2Pulse.ThyristorBridge2Pulse_R,Examples,success,,Electrical,0.542,128,3,105,36,127,ok,,91,1,38,41,11,0,true,4,1
Modelica.Electrical.PowerConverters.Examples.ACDC.RectifierBridge2Pulse.ThyristorBridge2Pulse_RL,Examples,success,,Electrical,0.575,134,4,110,36,129,ok,,114,2,12,42,12,0,true,4,1
Modelica.Electrical.PowerConverters.Examples.ACDC.RectifierBridge2Pulse.ThyristorBridge2Pulse_RLV,Examples,success,,Electrical,0.584,140,4,116,36,131,ok,,120,2,12,43,13,0,true,4,1
Modelica.Electrical.PowerConverters.Examples.ACDC.RectifierBridge2Pulse.ThyristorBridge2Pulse_RLV_Characteristic,Examples,success,,Electrical,0.580,142,4,118,36,134,ok,,122,2,12,45,13,0,true,4,1
Modelica.Electrical.PowerConverters.Examples.ACDC.RectifierBridge2mPulse.DiodeBridge2mPulse,Examples,success,,Electrical,2.160,236,3,209,10,167,singular,singular,,,,70,51,0,true,4,2
Modelica.Electrical.PowerConverters.Examples.ACDC.RectifierBridge2mPulse.HalfControlledBridge2mPulse,Examples,success,,Electrical,3.087,335,3,283,63,253,singular,singular,,,,125,66,0,true,4,2
Modelica.Electrical.PowerConverters.Examples.ACDC.RectifierBridge2mPulse.ThyristorBridge2mPulse_DC_Drive,Examples,success,,Electrical,26.647,631,27,505,84,508,singular,singular,,,,199,117,0,true,4,7
Modelica.Electrical.PowerConverters.Examples.ACDC.RectifierBridge2mPulse.ThyristorBridge2mPulse_R,Examples,success,,Electrical,3.201,335,3,283,84,260,singular,singular,,,,125,66,0,true,4,2
Modelica.Electrical.PowerConverters.Examples.ACDC.RectifierBridge2mPulse.ThyristorBridge2mPulse_RL,Examples,success,,Electrical,3.357,341,4,288,84,262,singular,singular,,,,126,67,0,true,4,2
Modelica.Electrical.PowerConverters.Examples.ACDC.RectifierBridge2mPulse.ThyristorBridge2mPulse_RLV,Examples,success,,Electrical,3.318,347,4,294,84,264,singular,singular,,,,127,68,0,true,4,2
Modelica.Electrical.PowerConverters.Examples.ACDC.RectifierBridge2mPulse.ThyristorBridge2mPulse_RLV_Characteristic,Examples,success,,Electrical,3.409,349,4,296,84,267,singular,singular,,,,129,68,0,true,4,4
Modelica.Electrical.PowerConverters.Examples.ACDC.RectifierCenterTap2Pulse.DiodeCenterTap2Pulse,Examples,success,,Electrical,0.604,83,3,69,6,78,ok,,65,1,19,21,8,0,false,3,1
Modelica.Electrical.PowerConverters.Examples.ACDC.RectifierCenterTap2Pulse.ThyristorCenterTap2Pulse_R,Examples,success,,Electrical,0.735,115,3,91,32,124,ok,,97,1,19,38,10,0,true,4,1
Modelica.Electrical.PowerConverters.Examples.ACDC.RectifierCenterTap2Pulse.ThyristorCenterTap2Pulse_RL,Examples,success,,Electrical,0.713,121,4,96,32,126,ok,,109,1,13,39,11,0,true,4,1
Modelica.Electrical.PowerConverters.Examples.ACDC.RectifierCenterTap2Pulse.ThyristorCenterTap2Pulse_RLV,Examples,success,,Electrical,0.785,127,4,102,32,128,ok,,115,1,13,40,12,0,true,4,1
Modelica.Electrical.PowerConverters.Examples.ACDC.RectifierCenterTap2Pulse.ThyristorCenterTap2Pulse_RLV_Characteristic,Examples,success,,Electrical,0.735,129,4,104,32,130,ok,,117,1,13,42,12,0,true,4,1
Modelica.Electrical.PowerConverters.Examples.ACDC.RectifierCenterTap2mPulse.DiodeCenterTap2mPulse,Examples,success,,Electrical,2.449,252,3,218,10,186,singular,singular,,,,73,52,0,true,4,2
Modelica.Electrical.PowerConverters.Examples.ACDC.RectifierCenterTap2mPulse.ThyristorCenterTap2mPulse_R,Examples,success,,Electrical,3.555,347,3,283,72,269,singular,singular,,,,127,64,0,true,4,2
Modelica.Electrical.PowerConverters.Examples.ACDC.RectifierCenterTap2mPulse.ThyristorCenterTap2mPulse_RL,Examples,success,,Electrical,3.325,353,4,288,72,271,singular,singular,,,,128,65,0,true,4,2
Modelica.Electrical.PowerConverters.Examples.ACDC.RectifierCenterTap2mPulse.ThyristorCenterTap2mPulse_RLV,Examples,success,,Electrical,4.590,359,4,294,72,273,singular,singular,,,,129,66,0,true,4,2
Modelica.Electrical.PowerConverters.Examples.ACDC.RectifierCenterTap2mPulse.ThyristorCenterTap2mPulse_RLV_Characteristic,Examples,success,,Electrical,4.233,361,4,296,72,275,singular,singular,,,,131,66,0,true,4,2
Modelica.Electrical.PowerConverters.Examples.ACDC.RectifierCenterTapmPulse.DiodeCenterTapmPulse,Examples,success,,Electrical,2.020,154,3,131,7,118,singular,singular,,,,45,30,0,true,4,2
Modelica.Electrical.PowerConverters.Examples.ACDC.RectifierCenterTapmPulse.ThyristorCenterTapmPulse_R,Examples,success,,Electrical,2.710,253,3,205,54,195,singular,singular,,,,100,45,0,true,4,2
Modelica.Electrical.PowerConverters.Examples.ACDC.RectifierCenterTapmPulse.ThyristorCenterTapmPulse_RL,Examples,success,,Electrical,2.812,259,4,210,54,197,singular,singular,,,,101,46,0,true,4,2
Modelica.Electrical.PowerConverters.Examples.ACDC.RectifierCenterTapmPulse.ThyristorCenterTapmPulse_RLV,Examples,success,,Electrical,2.851,265,4,216,54,199,singular,singular,,,,102,47,0,true,4,2
Modelica.Electrical.PowerConverters.Examples.ACDC.RectifierCenterTapmPulse.ThyristorCenterTapmPulse_RLV_Characteristic,Examples,success,,Electrical,2.091,267,4,218,54,201,singular,singular,,,,104,47,0,true,4,2
Modelica.Electrical.PowerConverters.Examples.DCAC.ExampleTemplates.SinglePhaseTwoLevel,Examples,success,,Electrical,0.644,130,4,94,33,155,ok,,109,1,22,44,8,0,false,3,3
Modelica.Electrical.PowerConverters.Examples.DCAC.PolyphaseTwoLevel.PolyphaseTwoLevel_R,Examples,success,,Electrical,7.268,510,12,376,87,501,singular,singular,,,,189,69,0,true,4,3
Modelica.Electrical.PowerConverters.Examples.DCAC.PolyphaseTwoLevel.PolyphaseTwoLevel_RL,Examples,success,,Electrical,5.007,1059,30,765,165,932,singular,skipped:too-large,,,,390,147,0,true,4,3
Modelica.Electrical.PowerConverters.Examples.DCAC.PolyphaseTwoLevel.ThreePhaseTwoLevel_PWM,Examples,success,,Electrical,3.583,304,5,245,64,251,singular,singular,,,,92,46,0,true,4,8
Modelica.Electrical.PowerConverters.Examples.DCAC.SinglePhaseTwoLevel.SinglePhaseTwoLevel_R,Examples,success,,Electrical,0.636,139,4,103,33,162,ok,,111,1,29,46,8,0,false,3,3
Modelica.Electrical.PowerConverters.Examples.DCAC.SinglePhaseTwoLevel.SinglePhaseTwoLevel_RL,Examples,success,,Electrical,0.607,145,5,108,33,164,ok,,124,1,22,47,9,0,false,3,3
Modelica.Electrical.PowerConverters.Examples.DCDC.ChopperBuckBoost.ChopperBuckBoost_DutyCycle,Examples,success,,Electrical,0.333,142,7,122,33,131,ok,,121,1,22,32,12,0,false,3,0
Modelica.Electrical.PowerConverters.Examples.DCDC.ChopperStepDown.ChopperStepDown_R,Examples,success,,Electrical,0.465,93,4,79,24,95,ok,,82,1,12,25,9,0,false,3,0
Modelica.Electrical.PowerConverters.Examples.DCDC.ChopperStepDown.ChopperStepDown_RL,Examples,success,,Electrical,0.400,99,5,84,24,97,ok,,88,1,12,26,10,0,false,3,0
Modelica.Electrical.PowerConverters.Examples.DCDC.ChopperStepUp.ChopperStepUp_R,Examples,success,,Electrical,0.455,93,4,79,24,95,ok,,84,1,10,25,9,0,false,3,0
Modelica.Electrical.PowerConverters.Examples.DCDC.ExampleTemplates.ChopperBuckBoost,Examples,success,,Electrical,0.346,141,7,121,33,129,ok,,120,1,22,31,12,0,false,3,0
Modelica.Electrical.PowerConverters.Examples.DCDC.ExampleTemplates.ChopperStepDown,Examples,success,,Electrical,0.312,79,4,67,24,82,ok,,68,1,12,20,9,0,false,3,0
Modelica.Electrical.PowerConverters.Examples.DCDC.ExampleTemplates.ChopperStepUp,Examples,success,,Electrical,0.340,79,4,67,24,82,ok,,70,1,10,20,9,0,false,3,0
Modelica.Electrical.PowerConverters.Examples.DCDC.ExampleTemplates.HBridge,Examples,success,,Electrical,0.488,149,2,139,65,135,ok,,107,2,22,34,15,0,false,4,0
Modelica.Electrical.PowerConverters.Examples.DCDC.HBridge.HBridge_DC_Drive,Examples,success,,Electrical,3.115,348,14,296,74,287,singular,ok,69,2,7,83,48,0,false,4,4
Modelica.Electrical.PowerConverters.Examples.DCDC.HBridge.HBridge_R,Examples,success,,Electrical,0.405,158,2,148,65,141,ok,,95,1,64,36,15,0,false,4,0
Modelica.Electrical.PowerConverters.Examples.DCDC.HBridge.HBridge_RL,Examples,success,,Electrical,0.372,164,3,153,65,143,ok,,122,2,22,37,16,0,false,4,0
Modelica.Electrical.PowerConverters.Examples.DCDC.HBridge.HBridge_TrianglePWM_RL,Examples,success,,Electrical,0.392,166,3,154,68,155,ok,,124,2,22,38,16,0,false,4,0
Modelica.Electrical.PowerConverters.Icons.Control,Icons,success,,Electrical,0.250,0,0,0,0,0,error:empty system: no equations or unknowns,,,,,0,0,0,false,0,0
Modelica.Electrical.PowerConverters.Icons.Converter,Icons,success,,Electrical,0.263,0,0,0,0,0,error:empty system: no equations or unknowns,,,,,0,0,0,false,0,0
Modelica.Electrical.PowerConverters.Icons.ExampleTemplate,Icons,success,,Electrical,0.297,0,0,0,0,0,error:empty system: no equations or unknowns,,,,,0,0,0,false,0,0
Modelica.Electrical.PowerConverters.Interfaces.ACDC.ACplug,Interfaces,success,,Electrical,0.292,7,0,10,0,2,singular,singular,,,,0,3,0,true,2,0
Modelica.Electrical.PowerConverters.Interfaces.ACDC.ACtwoPin,Interfaces,success,,Electrical,0.282,5,0,7,0,0,singular,singular,,,,0,2,0,false,1,0
Modelica.Electrical.PowerConverters.Interfaces.ACDC.ACtwoPlug,Interfaces,success,,Electrical,0.252,10,0,16,0,3,singular,singular,,,,0,6,0,true,2,0
Modelica.Electrical.PowerConverters.Interfaces.ACDC.DCpin,Interfaces,success,,Electrical,0.276,4,0,5,0,0,singular,singular,,,,0,1,0,false,1,0
Modelica.Electrical.PowerConverters.Interfaces.ACDC.DCtwoPin,Interfaces,success,,Electrical,0.276,5,0,7,0,0,singular,singular,,,,0,2,0,false,1,0
Modelica.Electrical.PowerConverters.Interfaces.DCAC.ACpin,Interfaces,success,,Electrical,0.268,4,0,5,0,0,singular,singular,,,,0,1,0,false,1,0
Modelica.Electrical.PowerConverters.Interfaces.DCAC.ACplug,Interfaces,success,,Electrical,0.273,7,0,10,0,2,singular,singular,,,,0,3,0,true,2,0
Modelica.Electrical.PowerConverters.Interfaces.DCAC.DCtwoPin,Interfaces,success,,Electrical,0.278,5,0,7,0,0,singular,singular,,,,0,2,0,false,1,0
Modelica.Electrical.PowerConverters.Interfaces.DCDC.DCtwoPin1,Interfaces,success,,Electrical,0.239,5,0,7,0,0,singular,singular,,,,0,2,0,false,1,0
Modelica.Electrical.PowerConverters.Interfaces.DCDC.DCtwoPin2,Interfaces,success,,Electrical,0.258,5,0,7,0,0,singular,singular,,,,0,2,0,false,1,0
Modelica.Electrical.PowerConverters.Interfaces.Enable.Enable,Interfaces,success,,Electrical,0.289,0,0,0,4,8,error:empty system: no equations or unknowns,,,,,0,0,0,false,2,0
Modelica.Electrical.PowerConverters.Interfaces.Enable.Enable1,Interfaces,success,,Electrical,0.258,0,0,0,7,8,error:empty system: no equations or unknowns,,,,,0,0,0,false,2,0
Modelica.Electrical.PowerConverters.Interfaces.Enable.Enable1m,Interfaces,success,,Electrical,0.257,3,0,0,13,8,singular,singular,,,,3,0,0,true,2,0
Modelica.Electrical.PowerConverters.Interfaces.Enable.Enable2,Interfaces,success,,Electrical,0.251,1,0,0,10,8,singular,singular,,,,1,0,0,false,2,0
Modelica.Electrical.PowerConverters.Interfaces.Enable.Enable2m,Interfaces,success,,Electrical,0.256,6,0,0,22,8,singular,singular,,,,6,0,0,true,2,0
Modelica.Electrical.PowerConverters.UsersGuide.ACACConcept,Component,success,,Electrical,0.252,0,0,0,0,0,error:empty system: no equations or unknowns,,,,,0,0,0,false,0,0
Modelica.Electrical.PowerConverters.UsersGuide.ACDCConcept,Component,success,,Electrical,0.248,0,0,0,0,0,error:empty system: no equations or unknowns,,,,,0,0,0,false,0,0
Modelica.Electrical.PowerConverters.UsersGuide.Contact,Component,success,,Electrical,0.245,0,0,0,0,0,error:empty system: no equations or unknowns,,,,,0,0,0,false,0,0
Modelica.Electrical.PowerConverters.UsersGuide.DCACConcept,Component,success,,Electrical,0.251,0,0,0,0,0,error:empty system: no equations or unknowns,,,,,0,0,0,false,0,0
Modelica.Electrical.PowerConverters.UsersGuide.DCDCConcept,Component,success,,Electrical,0.240,0,0,0,0,0,error:empty system: no equations or unknowns,,,,,0,0,0,false,0,0
Modelica.Electrical.PowerConverters.UsersGuide.References,Component,success,,Electrical,0.258,0,0,0,0,0,error:empty system: no equations or unknowns,,,,,0,0,0,false,0,0
Modelica.Electrical.PowerConverters.UsersGuide.ReleaseNotes,Component,success,,Electrical,0.254,0,0,0,0,0,error:empty system: no equations or unknowns,,,,,0,0,0,false,0,0
Modelica.Electrical.QuasiStatic.Machines.BasicMachines.Components.IdealCore,Component,failed:Flatten,"unsupported equation form: Connections.branch(plug_p1.reference, plug_n1.reference) is used but no Connections.root() or Connections.potentialRoot() is declared; every subgraph needs a root (MLS §9.4)",Electrical,0.319,,,,,,,,,,,,,,false,0,
Modelica.Electrical.QuasiStatic.Machines.BasicMachines.Components.PartialCore,Component,failed:Flatten,"unsupported equation form: Connections.branch(plug_p1.reference, plug_n1.reference) is used but no Connections.root() or Connections.potentialRoot() is declared; every subgraph needs a root (MLS §9.4)",Electrical,0.315,,,,,,,,,,,,,,false,0,
Modelica.Electrical.QuasiStatic.Machines.BasicMachines.Transformers.Dd.Dd00,Component,failed:Flatten,"unsupported equation form: Connections.branch(r1.plugToPins_p.plugToPin_p[1].plug_p.reference, r1.plugToPins_p.plugToPin_p[1].pin_p.reference) is used but no Connections.root() or Connections.potentia",Electrical,2.510,,,,,,,,,,,,,,false,0,
Modelica.Electrical.QuasiStatic.Machines.BasicMachines.Transformers.Dd.Dd02,Component,failed:Flatten,"unsupported equation form: Connections.branch(r1.plugToPins_p.plugToPin_p[1].plug_p.reference, r1.plugToPins_p.plugToPin_p[1].pin_p.reference) is used but no Connections.root() or Connections.potentia",Electrical,2.536,,,,,,,,,,,,,,false,0,
Modelica.Electrical.QuasiStatic.Machines.BasicMachines.Transformers.Dd.Dd04,Component,failed:Flatten,"unsupported equation form: Connections.branch(r1.plugToPins_p.plugToPin_p[1].plug_p.reference, r1.plugToPins_p.plugToPin_p[1].pin_p.reference) is used but no Connections.root() or Connections.potentia",Electrical,2.664,,,,,,,,,,,,,,false,0,
Modelica.Electrical.QuasiStatic.Machines.BasicMachines.Transformers.Dd.Dd06,Component,failed:Flatten,"unsupported equation form: Connections.branch(r1.plugToPins_p.plugToPin_p[1].plug_p.reference, r1.plugToPins_p.plugToPin_p[1].pin_p.reference) is used but no Connections.root() or Connections.potentia",Electrical,2.505,,,,,,,,,,,,,,false,0,
Modelica.Electrical.QuasiStatic.Machines.BasicMachines.Transformers.Dd.Dd08,Component,failed:Flatten,"unsupported equation form: Connections.branch(r1.plugToPins_p.plugToPin_p[1].plug_p.reference, r1.plugToPins_p.plugToPin_p[1].pin_p.reference) is used but no Connections.root() or Connections.potentia",Electrical,2.610,,,,,,,,,,,,,,false,0,
Modelica.Electrical.QuasiStatic.Machines.BasicMachines.Transformers.Dd.Dd10,Component,failed:Flatten,"unsupported equation form: Connections.branch(r1.plugToPins_p.plugToPin_p[1].plug_p.reference, r1.plugToPins_p.plugToPin_p[1].pin_p.reference) is used but no Connections.root() or Connections.potentia",Electrical,2.651,,,,,,,,,,,,,,false,0,
Modelica.Electrical.QuasiStatic.Machines.BasicMachines.Transformers.Dy.Dy01,Component,failed:Flatten,"unsupported equation form: Connections.branch(r1.plugToPins_p.plugToPin_p[1].plug_p.reference, r1.plugToPins_p.plugToPin_p[1].pin_p.reference) is used but no Connections.root() or Connections.potentia",Electrical,2.516,,,,,,,,,,,,,,false,0,
Modelica.Electrical.QuasiStatic.Machines.BasicMachines.Transformers.Dy.Dy03,Component,failed:Flatten,"unsupported equation form: Connections.branch(r1.plugToPins_p.plugToPin_p[1].plug_p.reference, r1.plugToPins_p.plugToPin_p[1].pin_p.reference) is used but no Connections.root() or Connections.potentia",Electrical,2.579,,,,,,,,,,,,,,false,0,
Modelica.Electrical.QuasiStatic.Machines.BasicMachines.Transformers.Dy.Dy05,Component,failed:Flatten,"unsupported equation form: Connections.branch(r1.plugToPins_p.plugToPin_p[1].plug_p.reference, r1.plugToPins_p.plugToPin_p[1].pin_p.reference) is used but no Connections.root() or Connections.potentia",Electrical,2.508,,,,,,,,,,,,,,false,0,
Modelica.Electrical.QuasiStatic.Machines.BasicMachines.Transformers.Dy.Dy07,Component,failed:Flatten,"unsupported equation form: Connections.branch(r1.plugToPins_p.plugToPin_p[1].plug_p.reference, r1.plugToPins_p.plugToPin_p[1].pin_p.reference) is used but no Connections.root() or Connections.potentia",Electrical,2.660,,,,,,,,,,,,,,false,0,
Modelica.Electrical.QuasiStatic.Machines.BasicMachines.Transformers.Dy.Dy09,Component,failed:Flatten,"unsupported equation form: Connections.branch(r1.plugToPins_p.plugToPin_p[1].plug_p.reference, r1.plugToPins_p.plugToPin_p[1].pin_p.reference) is used but no Connections.root() or Connections.potentia",Electrical,2.520,,,,,,,,,,,,,,false,0,
Modelica.Electrical.QuasiStatic.Machines.BasicMachines.Transformers.Dy.Dy11,Component,failed:Flatten,"unsupported equation form: Connections.branch(r1.plugToPins_p.plugToPin_p[1].plug_p.reference, r1.plugToPins_p.plugToPin_p[1].pin_p.reference) is used but no Connections.root() or Connections.potentia",Electrical,2.421,,,,,,,,,,,,,,false,0,
Modelica.Electrical.QuasiStatic.Machines.BasicMachines.Transformers.Dz.Dz00,Component,failed:Flatten,"unsupported equation form: Connections.branch(r1.plugToPins_p.plugToPin_p[1].plug_p.reference, r1.plugToPins_p.plugToPin_p[1].pin_p.reference) is used but no Connections.root() or Connections.potentia",Electrical,2.617,,,,,,,,,,,,,,false,0,
Modelica.Electrical.QuasiStatic.Machines.BasicMachines.Transformers.Dz.Dz02,Component,failed:Flatten,"unsupported equation form: Connections.branch(r1.plugToPins_p.plugToPin_p[1].plug_p.reference, r1.plugToPins_p.plugToPin_p[1].pin_p.reference) is used but no Connections.root() or Connections.potentia",Electrical,2.652,,,,,,,,,,,,,,false,0,
Modelica.Electrical.QuasiStatic.Machines.BasicMachines.Transformers.Dz.Dz04,Component,failed:Flatten,"unsupported equation form: Connections.branch(r1.plugToPins_p.plugToPin_p[1].plug_p.reference, r1.plugToPins_p.plugToPin_p[1].pin_p.reference) is used but no Connections.root() or Connections.potentia",Electrical,2.605,,,,,,,,,,,,,,false,0,
Modelica.Electrical.QuasiStatic.Machines.BasicMachines.Transformers.Dz.Dz06,Component,failed:Flatten,"unsupported equation form: Connections.branch(r1.plugToPins_p.plugToPin_p[1].plug_p.reference, r1.plugToPins_p.plugToPin_p[1].pin_p.reference) is used but no Connections.root() or Connections.potentia",Electrical,2.648,,,,,,,,,,,,,,false,0,
Modelica.Electrical.QuasiStatic.Machines.BasicMachines.Transformers.Dz.Dz08,Component,failed:Flatten,"unsupported equation form: Connections.branch(r1.plugToPins_p.plugToPin_p[1].plug_p.reference, r1.plugToPins_p.plugToPin_p[1].pin_p.reference) is used but no Connections.root() or Connections.potentia",Electrical,2.641,,,,,,,,,,,,,,false,0,
Modelica.Electrical.QuasiStatic.Machines.BasicMachines.Transformers.Dz.Dz10,Component,failed:Flatten,"unsupported equation form: Connections.branch(r1.plugToPins_p.plugToPin_p[1].plug_p.reference, r1.plugToPins_p.plugToPin_p[1].pin_p.reference) is used but no Connections.root() or Connections.potentia",Electrical,2.637,,,,,,,,,,,,,,false,0,
Modelica.Electrical.QuasiStatic.Machines.BasicMachines.Transformers.Yd.Yd01,Component,failed:Flatten,"unsupported equation form: Connections.branch(r1.plugToPins_p.plugToPin_p[1].plug_p.reference, r1.plugToPins_p.plugToPin_p[1].pin_p.reference) is used but no Connections.root() or Connections.potentia",Electrical,2.695,,,,,,,,,,,,,,false,0,
Modelica.Electrical.QuasiStatic.Machines.BasicMachines.Transformers.Yd.Yd03,Component,failed:Flatten,"unsupported equation form: Connections.branch(r1.plugToPins_p.plugToPin_p[1].plug_p.reference, r1.plugToPins_p.plugToPin_p[1].pin_p.reference) is used but no Connections.root() or Connections.potentia",Electrical,2.567,,,,,,,,,,,,,,false,0,
Modelica.Electrical.QuasiStatic.Machines.BasicMachines.Transformers.Yd.Yd05,Component,failed:Flatten,"unsupported equation form: Connections.branch(r1.plugToPins_p.plugToPin_p[1].plug_p.reference, r1.plugToPins_p.plugToPin_p[1].pin_p.reference) is used but no Connections.root() or Connections.potentia",Electrical,2.482,,,,,,,,,,,,,,false,0,
Modelica.Electrical.QuasiStatic.Machines.BasicMachines.Transformers.Yd.Yd07,Component,failed:Flatten,"unsupported equation form: Connections.branch(r1.plugToPins_p.plugToPin_p[1].plug_p.reference, r1.plugToPins_p.plugToPin_p[1].pin_p.reference) is used but no Connections.root() or Connections.potentia",Electrical,2.452,,,,,,,,,,,,,,false,0,
Modelica.Electrical.QuasiStatic.Machines.BasicMachines.Transformers.Yd.Yd09,Component,failed:Flatten,"unsupported equation form: Connections.branch(r1.plugToPins_p.plugToPin_p[1].plug_p.reference, r1.plugToPins_p.plugToPin_p[1].pin_p.reference) is used but no Connections.root() or Connections.potentia",Electrical,2.687,,,,,,,,,,,,,,false,0,
Modelica.Electrical.QuasiStatic.Machines.BasicMachines.Transformers.Yd.Yd11,Component,failed:Flatten,"unsupported equation form: Connections.branch(r1.plugToPins_p.plugToPin_p[1].plug_p.reference, r1.plugToPins_p.plugToPin_p[1].pin_p.reference) is used but no Connections.root() or Connections.potentia",Electrical,2.590,,,,,,,,,,,,,,false,0,
Modelica.Electrical.QuasiStatic.Machines.BasicMachines.Transformers.Yy.Yy00,Component,failed:Flatten,"unsupported equation form: Connections.branch(r1.plugToPins_p.plugToPin_p[1].plug_p.reference, r1.plugToPins_p.plugToPin_p[1].pin_p.reference) is used but no Connections.root() or Connections.potentia",Electrical,2.381,,,,,,,,,,,,,,false,0,
Modelica.Electrical.QuasiStatic.Machines.BasicMachines.Transformers.Yy.Yy02,Component,failed:Flatten,"unsupported equation form: Connections.branch(r1.plugToPins_p.plugToPin_p[1].plug_p.reference, r1.plugToPins_p.plugToPin_p[1].pin_p.reference) is used but no Connections.root() or Connections.potentia",Electrical,2.429,,,,,,,,,,,,,,false,0,
Modelica.Electrical.QuasiStatic.Machines.BasicMachines.Transformers.Yy.Yy04,Component,failed:Flatten,"unsupported equation form: Connections.branch(r1.plugToPins_p.plugToPin_p[1].plug_p.reference, r1.plugToPins_p.plugToPin_p[1].pin_p.reference) is used but no Connections.root() or Connections.potentia",Electrical,2.812,,,,,,,,,,,,,,false,0,
Modelica.Electrical.QuasiStatic.Machines.BasicMachines.Transformers.Yy.Yy06,Component,failed:Flatten,"unsupported equation form: Connections.branch(r1.plugToPins_p.plugToPin_p[1].plug_p.reference, r1.plugToPins_p.plugToPin_p[1].pin_p.reference) is used but no Connections.root() or Connections.potentia",Electrical,2.407,,,,,,,,,,,,,,false,0,
Modelica.Electrical.QuasiStatic.Machines.BasicMachines.Transformers.Yy.Yy08,Component,failed:Flatten,"unsupported equation form: Connections.branch(r1.plugToPins_p.plugToPin_p[1].plug_p.reference, r1.plugToPins_p.plugToPin_p[1].pin_p.reference) is used but no Connections.root() or Connections.potentia",Electrical,2.601,,,,,,,,,,,,,,false,0,
Modelica.Electrical.QuasiStatic.Machines.BasicMachines.Transformers.Yy.Yy10,Component,failed:Flatten,"unsupported equation form: Connections.branch(r1.plugToPins_p.plugToPin_p[1].plug_p.reference, r1.plugToPins_p.plugToPin_p[1].pin_p.reference) is used but no Connections.root() or Connections.potentia",Electrical,2.519,,,,,,,,,,,,,,false,0,
Modelica.Electrical.QuasiStatic.Machines.BasicMachines.Transformers.Yz.Yz01,Component,failed:Flatten,"unsupported equation form: Connections.branch(r1.plugToPins_p.plugToPin_p[1].plug_p.reference, r1.plugToPins_p.plugToPin_p[1].pin_p.reference) is used but no Connections.root() or Connections.potentia",Electrical,2.616,,,,,,,,,,,,,,false,0,
Modelica.Electrical.QuasiStatic.Machines.BasicMachines.Transformers.Yz.Yz03,Component,failed:Flatten,"unsupported equation form: Connections.branch(r1.plugToPins_p.plugToPin_p[1].plug_p.reference, r1.plugToPins_p.plugToPin_p[1].pin_p.reference) is used but no Connections.root() or Connections.potentia",Electrical,2.578,,,,,,,,,,,,,,false,0,
Modelica.Electrical.QuasiStatic.Machines.BasicMachines.Transformers.Yz.Yz05,Component,failed:Flatten,"unsupported equation form: Connections.branch(r1.plugToPins_p.plugToPin_p[1].plug_p.reference, r1.plugToPins_p.plugToPin_p[1].pin_p.reference) is used but no Connections.root() or Connections.potentia",Electrical,2.577,,,,,,,,,,,,,,false,0,
Modelica.Electrical.QuasiStatic.Machines.BasicMachines.Transformers.Yz.Yz07,Component,failed:Flatten,"unsupported equation form: Connections.branch(r1.plugToPins_p.plugToPin_p[1].plug_p.reference, r1.plugToPins_p.plugToPin_p[1].pin_p.reference) is used but no Connections.root() or Connections.potentia",Electrical,2.610,,,,,,,,,,,,,,false,0,
Modelica.Electrical.QuasiStatic.Machines.BasicMachines.Transformers.Yz.Yz09,Component,failed:Flatten,"unsupported equation form: Connections.branch(r1.plugToPins_p.plugToPin_p[1].plug_p.reference, r1.plugToPins_p.plugToPin_p[1].pin_p.reference) is used but no Connections.root() or Connections.potentia",Electrical,2.720,,,,,,,,,,,,,,false,0,
Modelica.Electrical.QuasiStatic.Machines.BasicMachines.Transformers.Yz.Yz11,Component,failed:Flatten,"unsupported equation form: Connections.branch(r1.plugToPins_p.plugToPin_p[1].plug_p.reference, r1.plugToPins_p.plugToPin_p[1].pin_p.reference) is used but no Connections.root() or Connections.potentia",Electrical,2.512,,,,,,,,,,,,,,false,0,
Modelica.Electrical.QuasiStatic.Machines.Examples.TransformerTestbench,Examples,success,,Electrical,6.591,4193,40,4520,0,680,singular,skipped:too-large,,,,1893,965,0,true,7,19
Modelica.Electrical.QuasiStatic.Machines.Interfaces.PartialBasicTransformer,Interfaces,failed:Flatten,"unsupported equation form: Connections.branch(r1.plugToPins_p.plugToPin_p[1].plug_p.reference, r1.plugToPins_p.plugToPin_p[1].pin_p.reference) is used but no Connections.root() or Connections.potentia",Electrical,2.224,,,,,,,,,,,,,,false,0,
Modelica.Electrical.QuasiStatic.Machines.SpacePhasors.Blocks.FromSpacePhasor,Component,success,,Electrical,0.288,1,0,0,0,2,singular,singular,,,,0,0,0,false,0,6
Modelica.Electrical.QuasiStatic.Machines.SpacePhasors.Blocks.ToSpacePhasor,Component,success,,Electrical,0.289,2,0,2,0,2,singular,singular,,,,0,0,0,false,1,7
Modelica.Electrical.QuasiStatic.Polyphase.Basic.Admittance,Component,failed:Flatten,"unsupported equation form: Connections.branch(plugToPins_p.plugToPin_p[1].plug_p.reference, plugToPins_p.plugToPin_p[1].pin_p.reference) is used but no Connections.root() or Connections.potentialRoot(",Electrical,0.796,,,,,,,,,,,,,,false,0,
Modelica.Electrical.QuasiStatic.Polyphase.Basic.Capacitor,Component,failed:Flatten,"unsupported equation form: Connections.branch(plugToPins_p.plugToPin_p[1].plug_p.reference, plugToPins_p.plugToPin_p[1].pin_p.reference) is used but no Connections.root() or Connections.potentialRoot(",Electrical,0.537,,,,,,,,,,,,,,false,0,
Modelica.Electrical.QuasiStatic.Polyphase.Basic.Conductor,Component,failed:Flatten,"unsupported equation form: Connections.branch(plugToPins_p.plugToPin_p[1].plug_p.reference, plugToPins_p.plugToPin_p[1].pin_p.reference) is used but no Connections.root() or Connections.potentialRoot(",Electrical,0.748,,,,,,,,,,,,,,false,0,
Modelica.Electrical.QuasiStatic.Polyphase.Basic.Delta,Component,failed:Flatten,"unsupported equation form: Connections.branch(plugToPins_p.plugToPin_p[1].plug_p.reference, plugToPins_p.plugToPin_p[1].pin_p.reference) is used but no Connections.root() or Connections.potentialRoot(",Electrical,0.380,,,,,,,,,,,,,,false,0,
Modelica.Electrical.QuasiStatic.Polyphase.Basic.Impedance,Component,failed:Flatten,"unsupported equation form: Connections.branch(plugToPins_p.plugToPin_p[1].plug_p.reference, plugToPins_p.plugToPin_p[1].pin_p.reference) is used but no Connections.root() or Connections.potentialRoot(",Electrical,0.770,,,,,,,,,,,,,,false,0,
Modelica.Electrical.QuasiStatic.Polyphase.Basic.Inductor,Component,failed:Flatten,"unsupported equation form: Connections.branch(plugToPins_p.plugToPin_p[1].plug_p.reference, plugToPins_p.plugToPin_p[1].pin_p.reference) is used but no Connections.root() or Connections.potentialRoot(",Electrical,0.528,,,,,,,,,,,,,,false,0,
Modelica.Electrical.QuasiStatic.Polyphase.Basic.MultiDelta,Component,failed:Flatten,"unsupported equation form: Connections.branch(plugToPins_p.plugToPin_p[1].plug_p.reference, plugToPins_p.plugToPin_p[1].pin_p.reference) is used but no Connections.root() or Connections.potentialRoot(",Electrical,0.381,,,,,,,,,,,,,,false,0,
Modelica.Electrical.QuasiStatic.Polyphase.Basic.MultiStar,Component,failed:Flatten,"unsupported equation form: Connections.branch(plugToPins_p.plugToPin_p[1].plug_p.reference, plugToPins_p.plugToPin_p[1].pin_p.reference) is used but no Connections.root() or Connections.potentialRoot(",Electrical,0.331,,,,,,,,,,,,,,false,0,
Modelica.Electrical.QuasiStatic.Polyphase.Basic.MultiStarResistance,Component,failed:Flatten,"unsupported equation form: Connections.branch(multiStar.plugToPins_p.plugToPin_p[1].plug_p.reference, multiStar.plugToPins_p.plugToPin_p[1].pin_p.reference) is used but no Connections.root() or Connec",Electrical,0.683,,,,,,,,,,,,,,false,0,
Modelica.Electrical.QuasiStatic.Polyphase.Basic.MutualInductor,Component,failed:Flatten,"unsupported equation form: Connections.branch(plug_p.reference, plug_n.reference) is used but no Connections.root() or Connections.potentialRoot() is declared; every subgraph needs a root (MLS §9.4)",Electrical,0.312,,,,,,,,,,,,,,false,0,
Modelica.Electrical.QuasiStatic.Polyphase.Basic.PlugToPin_n,Component,failed:Flatten,"unsupported equation form: Connections.branch(plug_n.reference, pin_n.reference) is used but no Connections.root() or Connections.potentialRoot() is declared; every subgraph needs a root (MLS §9.4)",Electrical,0.267,,,,,,,,,,,,,,false,0,
Modelica.Electrical.QuasiStatic.Polyphase.Basic.PlugToPin_p,Component,failed:Flatten,"unsupported equation form: Connections.branch(plug_p.reference, pin_p.reference) is used but no Connections.root() or Connections.potentialRoot() is declared; every subgraph needs a root (MLS §9.4)",Electrical,0.261,,,,,,,,,,,,,,false,0,
Modelica.Electrical.QuasiStatic.Polyphase.Basic.PlugToPins_n,Component,failed:Flatten,"unsupported equation form: Connections.branch(plugToPin_n[1].plug_n.reference, plugToPin_n[1].pin_n.reference) is used but no Connections.root() or Connections.potentialRoot() is declared; every subgr",Electrical,0.308,,,,,,,,,,,,,,false,0,
Modelica.Electrical.QuasiStatic.Polyphase.Basic.PlugToPins_p,Component,failed:Flatten,"unsupported equation form: Connections.branch(plugToPin_p[1].plug_p.reference, plugToPin_p[1].pin_p.reference) is used but no Connections.root() or Connections.potentialRoot() is declared; every subgr",Electrical,0.281,,,,,,,,,,,,,,false,0,
Modelica.Electrical.QuasiStatic.Polyphase.Basic.Resistor,Component,failed:Flatten,"unsupported equation form: Connections.branch(plugToPins_p.plugToPin_p[1].plug_p.reference, plugToPins_p.plugToPin_p[1].pin_p.reference) is used but no Connections.root() or Connections.potentialRoot(",Electrical,0.742,,,,,,,,,,,,,,false,0,
Modelica.Electrical.QuasiStatic.Polyphase.Basic.Star,Component,failed:Flatten,"unsupported equation form: Connections.branch(plugToPins_p.plugToPin_p[1].plug_p.reference, plugToPins_p.plugToPin_p[1].pin_p.reference) is used but no Connections.root() or Connections.potentialRoot(",Electrical,0.316,,,,,,,,,,,,,,false,0,
Modelica.Electrical.QuasiStatic.Polyphase.Basic.VariableAdmittance,Component,failed:Flatten,"unsupported equation form: Connections.branch(plugToPins_p.plugToPin_p[1].plug_p.reference, plugToPins_p.plugToPin_p[1].pin_p.reference) is used but no Connections.root() or Connections.potentialRoot(",Electrical,0.654,,,,,,,,,,,,,,false,0,
Modelica.Electrical.QuasiStatic.Polyphase.Basic.VariableCapacitor,Component,failed:Flatten,"unsupported equation form: Connections.branch(plugToPins_p.plugToPin_p[1].plug_p.reference, plugToPins_p.plugToPin_p[1].pin_p.reference) is used but no Connections.root() or Connections.potentialRoot(",Electrical,0.464,,,,,,,,,,,,,,false,0,
Modelica.Electrical.QuasiStatic.Polyphase.Basic.VariableConductor,Component,failed:Flatten,"unsupported equation form: Connections.branch(plugToPins_p.plugToPin_p[1].plug_p.reference, plugToPins_p.plugToPin_p[1].pin_p.reference) is used but no Connections.root() or Connections.potentialRoot(",Electrical,0.701,,,,,,,,,,,,,,false,0,
Modelica.Electrical.QuasiStatic.Polyphase.Basic.VariableImpedance,Component,failed:Flatten,"unsupported equation form: Connections.branch(plugToPins_p.plugToPin_p[1].plug_p.reference, plugToPins_p.plugToPin_p[1].pin_p.reference) is used but no Connections.root() or Connections.potentialRoot(",Electrical,0.668,,,,,,,,,,,,,,false,0,
Modelica.Electrical.QuasiStatic.Polyphase.Basic.VariableInductor,Component,failed:Flatten,"unsupported equation form: Connections.branch(plugToPins_p.plugToPin_p[1].plug_p.reference, plugToPins_p.plugToPin_p[1].pin_p.reference) is used but no Connections.root() or Connections.potentialRoot(",Electrical,0.455,,,,,,,,,,,,,,false,0,
Modelica.Electrical.QuasiStatic.Polyphase.Basic.VariableResistor,Component,failed:Flatten,"unsupported equation form: Connections.branch(plugToPins_p.plugToPin_p[1].plug_p.reference, plugToPins_p.plugToPin_p[1].pin_p.reference) is used but no Connections.root() or Connections.potentialRoot(",Electrical,0.665,,,,,,,,,,,,,,false,0,
Modelica.Electrical.QuasiStatic.Polyphase.Blocks.FromSpacePhasor,Component,success,,Electrical,0.288,1,0,0,0,2,singular,singular,,,,0,0,0,false,0,6
Modelica.Electrical.QuasiStatic.Polyphase.Blocks.FromSymmetricalComponents,Component,success,,Electrical,0.380,24,0,6,0,21,ok,,24,0,0,0,0,0,true,1,13
Modelica.Electrical.QuasiStatic.Polyphase.Blocks.QuasiRMS,Component,success,,Electrical,0.262,1,0,0,0,1,ok,,1,0,0,0,0,0,false,0,1
Modelica.Electrical.QuasiStatic.Polyphase.Blocks.SingleToPolyphase,Component,success,,Electrical,0.280,3,0,2,0,3,singular,singular,,,,0,0,0,false,1,6
Modelica.Electrical.QuasiStatic.Polyphase.Blocks.SymmetricalComponents,Component,success,,Electrical,0.399,24,0,6,0,21,ok,,24,0,0,0,0,0,true,1,13
Modelica.Electrical.QuasiStatic.Polyphase.Blocks.ToSpacePhasor,Component,success,,Electrical,0.290,3,0,2,0,2,singular,singular,,,,0,0,0,false,1,1
Modelica.Electrical.QuasiStatic.Polyphase.Examples.BalancingDelta,Examples,success,,Electrical,1.382,945,12,1019,0,127,singular,skipped:too-large,,,,428,202,0,true,6,13
Modelica.Electrical.QuasiStatic.Polyphase.Examples.BalancingStar,Examples,success,,Electrical,1.518,1049,10,1145,0,148,singular,skipped:too-large,,,,492,230,0,true,6,13
Modelica.Electrical.QuasiStatic.Polyphase.Examples.TestSensors,Examples,success,,Electrical,3.565,2120,18,2298,0,289,singular,skipped:too-large,,,,993,474,0,true,6,16
Modelica.Electrical.QuasiStatic.Polyphase.Examples.UnsymmetricalLoad,Examples,success,,Electrical,1.692,1484,22,1594,0,236,singular,skipped:too-large,,,,640,308,0,true,6,17
Modelica.Electrical.QuasiStatic.Polyphase.Ideal.IdealClosingSwitch,Component,failed:Flatten,"unsupported equation form: Connections.branch(plugToPins_p.plugToPin_p[1].plug_p.reference, plugToPins_p.plugToPin_p[1].pin_p.reference) is used but no Connections.root() or Connections.potentialRoot(",Electrical,0.897,,,,,,,,,,,,,,false,0,
Modelica.Electrical.QuasiStatic.Polyphase.Ideal.IdealCommutingSwitch,Component,failed:Flatten,"unsupported equation form: Connections.branch(idealCommutingSwitch[1].p.reference, idealCommutingSwitch[1].n1.reference) is used but no Connections.root() or Connections.potentialRoot() is declared; e",Electrical,0.849,,,,,,,,,,,,,,false,0,
Modelica.Electrical.QuasiStatic.Polyphase.Ideal.IdealIntermediateSwitch,Component,failed:Flatten,"unsupported equation form: Connections.branch(idealIntermediateSwitch[1].p1.reference, idealIntermediateSwitch[1].n1.reference) is used but no Connections.root() or Connections.potentialRoot() is decl",Electrical,0.905,,,,,,,,,,,,,,false,0,
Modelica.Electrical.QuasiStatic.Polyphase.Ideal.IdealOpeningSwitch,Component,failed:Flatten,"unsupported equation form: Connections.branch(plugToPins_p.plugToPin_p[1].plug_p.reference, plugToPins_p.plugToPin_p[1].pin_p.reference) is used but no Connections.root() or Connections.potentialRoot(",Electrical,0.898,,,,,,,,,,,,,,false,0,
Modelica.Electrical.QuasiStatic.Polyphase.Ideal.Idle,Component,failed:Flatten,"unsupported equation form: Connections.branch(plugToPins_p.plugToPin_p[1].plug_p.reference, plugToPins_p.plugToPin_p[1].pin_p.reference) is used but no Connections.root() or Connections.potentialRoot(",Electrical,0.472,,,,,,,,,,,,,,false,0,
Modelica.Electrical.QuasiStatic.Polyphase.Ideal.Short,Component,failed:Flatten,"unsupported equation form: Connections.branch(plugToPins_p.plugToPin_p[1].plug_p.reference, plugToPins_p.plugToPin_p[1].pin_p.reference) is used but no Connections.root() or Connections.potentialRoot(",Electrical,0.417,,,,,,,,,,,,,,false,0,
Modelica.Electrical.QuasiStatic.Polyphase.Interfaces.AbsoluteSensor,Interfaces,success,,Electrical,0.283,1,1,13,0,2,singular,singular,,,,0,0,0,true,3,0
Modelica.Electrical.QuasiStatic.Polyphase.Interfaces.OnePort,Interfaces,failed:Flatten,"unsupported equation form: Connections.branch(plug_p.reference, plug_n.reference) is used but no Connections.root() or Connections.potentialRoot() is declared; every subgraph needs a root (MLS §9.4)",Electrical,0.300,,,,,,,,,,,,,,false,0,
Modelica.Electrical.QuasiStatic.Polyphase.Interfaces.ReferenceSource,Interfaces,success,,Electrical,0.303,24,1,49,0,3,singular,singular,,,,0,0,0,true,3,8
Modelica.Electrical.QuasiStatic.Polyphase.Interfaces.RelativeSensorElementary,Interfaces,failed:Flatten,"unsupported equation form: Connections.branch(plugToPins_p.plugToPin_p[1].plug_p.reference, plugToPins_p.plugToPin_p[1].pin_p.reference) is used but no Connections.root() or Connections.potentialRoot(",Electrical,0.369,,,,,,,,,,,,,,false,0,
Modelica.Electrical.QuasiStatic.Polyphase.Interfaces.Source,Interfaces,success,,Electrical,0.320,25,1,50,0,3,singular,singular,,,,0,0,0,true,3,8
Modelica.Electrical.QuasiStatic.Polyphase.Interfaces.TwoPlug,Interfaces,failed:Flatten,"unsupported equation form: Connections.branch(plugToPins_p.plugToPin_p[1].plug_p.reference, plugToPins_p.plugToPin_p[1].pin_p.reference) is used but no Connections.root() or Connections.potentialRoot(",Electrical,0.399,,,,,,,,,,,,,,false,0,
Modelica.Electrical.QuasiStatic.Polyphase.Interfaces.TwoPlugElementary,Interfaces,failed:Flatten,"unsupported equation form: Connections.branch(plugToPins_p.plugToPin_p[1].plug_p.reference, plugToPins_p.plugToPin_p[1].pin_p.reference) is used but no Connections.root() or Connections.potentialRoot(",Electrical,0.360,,,,,,,,,,,,,,false,0,
Modelica.Electrical.QuasiStatic.Polyphase.Sensors.AronSensor,Component,failed:Flatten,"unsupported equation form: Connections.branch(plugToPins_p.plugToPin_p[1].plug_p.reference, plugToPins_p.plugToPin_p[1].pin_p.reference) is used but no Connections.root() or Connections.potentialRoot(",Electrical,0.421,,,,,,,,,,,,,,false,0,
Modelica.Electrical.QuasiStatic.Polyphase.Sensors.CurrentQuasiRMSSensor,Component,failed:Flatten,"unsupported equation form: Connections.branch(plugToPins_p.plugToPin_p[1].plug_p.reference, plugToPins_p.plugToPin_p[1].pin_p.reference) is used but no Connections.root() or Connections.potentialRoot(",Electrical,0.429,,,,,,,,,,,,,,false,0,
Modelica.Electrical.QuasiStatic.Polyphase.Sensors.CurrentSensor,Component,failed:Flatten,"unsupported equation form: Connections.branch(plugToPins_p.plugToPin_p[1].plug_p.reference, plugToPins_p.plugToPin_p[1].pin_p.reference) is used but no Connections.root() or Connections.potentialRoot(",Electrical,0.428,,,,,,,,,,,,,,false,0,
Modelica.Electrical.QuasiStatic.Polyphase.Sensors.FrequencySensor,Component,failed:Flatten,"unsupported equation form: Connections.branch(plugToPin_p.plug_p.reference, plugToPin_p.pin_p.reference) is used but no Connections.root() or Connections.potentialRoot() is declared; every subgraph ne",Electrical,0.259,,,,,,,,,,,,,,false,0,
Modelica.Electrical.QuasiStatic.Polyphase.Sensors.MultiSensor,Component,failed:Flatten,"unsupported equation form: Connections.branch(pc.reference, nc.reference) is used but no Connections.root() or Connections.potentialRoot() is declared; every subgraph needs a root (MLS §9.4)",Electrical,0.292,,,,,,,,,,,,,,false,0,
Modelica.Electrical.QuasiStatic.Polyphase.Sensors.PotentialSensor,Component,failed:Flatten,"unsupported equation form: Connections.branch(plugToPins_p.plugToPin_p[1].plug_p.reference, plugToPins_p.plugToPin_p[1].pin_p.reference) is used but no Connections.root() or Connections.potentialRoot(",Electrical,0.352,,,,,,,,,,,,,,false,0,
Modelica.Electrical.QuasiStatic.Polyphase.Sensors.PowerSensor,Component,failed:Flatten,"unsupported equation form: Connections.branch(plugToPinsCurrentP.plugToPin_p[1].plug_p.reference, plugToPinsCurrentP.plugToPin_p[1].pin_p.reference) is used but no Connections.root() or Connections.po",Electrical,0.625,,,,,,,,,,,,,,false,0,
Modelica.Electrical.QuasiStatic.Polyphase.Sensors.ReactivePowerSensor,Component,failed:Flatten,"unsupported equation form: Connections.branch(plugToPins_p.plugToPin_p[1].plug_p.reference, plugToPins_p.plugToPin_p[1].pin_p.reference) is used but no Connections.root() or Connections.potentialRoot(",Electrical,0.613,,,,,,,,,,,,,,false,0,
Modelica.Electrical.QuasiStatic.Polyphase.Sensors.ReferenceSensor,Component,failed:ToDae,"unbalanced model: 9 equations, 15 unknowns (balance = -6)",Electrical,0.287,,,,,,,,,,,,,,false,0,
Modelica.Electrical.QuasiStatic.Polyphase.Sensors.VoltageQuasiRMSSensor,Component,failed:Flatten,"unsupported equation form: Connections.branch(plugToPins_p.plugToPin_p[1].plug_p.reference, plugToPins_p.plugToPin_p[1].pin_p.reference) is used but no Connections.root() or Connections.potentialRoot(",Electrical,0.444,,,,,,,,,,,,,,false,0,
Modelica.Electrical.QuasiStatic.Polyphase.Sensors.VoltageSensor,Component,failed:Flatten,"unsupported equation form: Connections.branch(plugToPins_p.plugToPin_p[1].plug_p.reference, plugToPins_p.plugToPin_p[1].pin_p.reference) is used but no Connections.root() or Connections.potentialRoot(",Electrical,0.487,,,,,,,,,,,,,,false,0,
Modelica.Electrical.QuasiStatic.Polyphase.Sources.CurrentSource,Component,failed:ToDae,"unbalanced model: 61 equations, 67 unknowns (balance = -6)",Electrical,0.353,,,,,,,,,,,,,,false,0,
Modelica.Electrical.QuasiStatic.Polyphase.Sources.FrequencySweepCurrentSource,Component,failed:ToDae,"unbalanced model: 307 equations, 313 unknowns (balance = -6)",Electrical,0.551,,,,,,,,,,,,,,false,0,
Modelica.Electrical.QuasiStatic.Polyphase.Sources.FrequencySweepVoltageSource,Component,failed:ToDae,"unbalanced model: 307 equations, 313 unknowns (balance = -6)",Electrical,0.558,,,,,,,,,,,,,,false,0,
Modelica.Electrical.QuasiStatic.Polyphase.Sources.ReferenceCurrentSource,Component,failed:ToDae,"unbalanced model: 60 equations, 66 unknowns (balance = -6)",Electrical,0.329,,,,,,,,,,,,,,false,0,
Modelica.Electrical.QuasiStatic.Polyphase.Sources.ReferenceVoltageSource,Component,failed:ToDae,"unbalanced model: 60 equations, 66 unknowns (balance = -6)",Electrical,0.314,,,,,,,,,,,,,,false,0,
Modelica.Electrical.QuasiStatic.Polyphase.Sources.VariableCurrentSource,Component,failed:ToDae,"unbalanced model: 61 equations, 67 unknowns (balance = -6)",Electrical,0.464,,,,,,,,,,,,,,false,0,
Modelica.Electrical.QuasiStatic.Polyphase.Sources.VariableVoltageSource,Component,failed:ToDae,"unbalanced model: 61 equations, 67 unknowns (balance = -6)",Electrical,0.322,,,,,,,,,,,,,,false,0,
Modelica.Electrical.QuasiStatic.Polyphase.Sources.VoltageSource,Component,failed:ToDae,"unbalanced model: 61 equations, 67 unknowns (balance = -6)",Electrical,0.375,,,,,,,,,,,,,,false,0,
Modelica.Electrical.QuasiStatic.SinglePhase.Basic.Admittance,Component,failed:Flatten,"unsupported equation form: Connections.branch(pin_p.reference, pin_n.reference) is used but no Connections.root() or Connections.potentialRoot() is declared; every subgraph needs a root (MLS §9.4)",Electrical,0.274,,,,,,,,,,,,,,false,0,
Modelica.Electrical.QuasiStatic.SinglePhase.Basic.Capacitor,Component,failed:Flatten,"unsupported equation form: Connections.branch(pin_p.reference, pin_n.reference) is used but no Connections.root() or Connections.potentialRoot() is declared; every subgraph needs a root (MLS §9.4)",Electrical,0.284,,,,,,,,,,,,,,false,0,
Modelica.Electrical.QuasiStatic.SinglePhase.Basic.Conductor,Component,failed:Flatten,"unsupported equation form: Connections.branch(pin_p.reference, pin_n.reference) is used but no Connections.root() or Connections.potentialRoot() is declared; every subgraph needs a root (MLS §9.4)",Electrical,0.291,,,,,,,,,,,,,,false,0,
Modelica.Electrical.QuasiStatic.SinglePhase.Basic.Ground,Component,success,,Electrical,0.290,3,0,5,0,0,singular,singular,,,,0,0,0,false,2,1
Modelica.Electrical.QuasiStatic.SinglePhase.Basic.Impedance,Component,failed:Flatten,"unsupported equation form: Connections.branch(pin_p.reference, pin_n.reference) is used but no Connections.root() or Connections.potentialRoot() is declared; every subgraph needs a root (MLS §9.4)",Electrical,0.284,,,,,,,,,,,,,,false,0,
Modelica.Electrical.QuasiStatic.SinglePhase.Basic.Inductor,Component,failed:Flatten,"unsupported equation form: Connections.branch(pin_p.reference, pin_n.reference) is used but no Connections.root() or Connections.potentialRoot() is declared; every subgraph needs a root (MLS §9.4)",Electrical,0.279,,,,,,,,,,,,,,false,0,
Modelica.Electrical.QuasiStatic.SinglePhase.Basic.Resistor,Component,failed:Flatten,"unsupported equation form: Connections.branch(pin_p.reference, pin_n.reference) is used but no Connections.root() or Connections.potentialRoot() is declared; every subgraph needs a root (MLS §9.4)",Electrical,0.281,,,,,,,,,,,,,,false,0,
Modelica.Electrical.QuasiStatic.SinglePhase.Basic.Transformer,Component,failed:Flatten,"unsupported equation form: Connections.branch(pin_p1.reference, pin_n1.reference) is used but no Connections.root() or Connections.potentialRoot() is declared; every subgraph needs a root (MLS §9.4)",Electrical,0.296,,,,,,,,,,,,,,false,0,
Modelica.Electrical.QuasiStatic.SinglePhase.Basic.VariableAdmittance,Component,failed:Flatten,"unsupported equation form: Connections.branch(pin_p.reference, pin_n.reference) is used but no Connections.root() or Connections.potentialRoot() is declared; every subgraph needs a root (MLS §9.4)",Electrical,0.318,,,,,,,,,,,,,,false,0,
Modelica.Electrical.QuasiStatic.SinglePhase.Basic.VariableCapacitor,Component,failed:Flatten,"unsupported equation form: Connections.branch(pin_p.reference, pin_n.reference) is used but no Connections.root() or Connections.potentialRoot() is declared; every subgraph needs a root (MLS §9.4)",Electrical,0.301,,,,,,,,,,,,,,false,0,
Modelica.Electrical.QuasiStatic.SinglePhase.Basic.VariableConductor,Component,failed:Flatten,"unsupported equation form: Connections.branch(pin_p.reference, pin_n.reference) is used but no Connections.root() or Connections.potentialRoot() is declared; every subgraph needs a root (MLS §9.4)",Electrical,0.308,,,,,,,,,,,,,,false,0,
Modelica.Electrical.QuasiStatic.SinglePhase.Basic.VariableImpedance,Component,failed:Flatten,"unsupported equation form: Connections.branch(pin_p.reference, pin_n.reference) is used but no Connections.root() or Connections.potentialRoot() is declared; every subgraph needs a root (MLS §9.4)",Electrical,0.302,,,,,,,,,,,,,,false,0,
Modelica.Electrical.QuasiStatic.SinglePhase.Basic.VariableInductor,Component,failed:Flatten,"unsupported equation form: Connections.branch(pin_p.reference, pin_n.reference) is used but no Connections.root() or Connections.potentialRoot() is declared; every subgraph needs a root (MLS §9.4)",Electrical,0.305,,,,,,,,,,,,,,false,0,
Modelica.Electrical.QuasiStatic.SinglePhase.Basic.VariableResistor,Component,failed:Flatten,"unsupported equation form: Connections.branch(pin_p.reference, pin_n.reference) is used but no Connections.root() or Connections.potentialRoot() is declared; every subgraph needs a root (MLS §9.4)",Electrical,0.297,,,,,,,,,,,,,,false,0,
Modelica.Electrical.QuasiStatic.SinglePhase.Examples.MultipleResonance,Examples,success,,Electrical,0.601,173,7,187,1,39,singular,singular,,,,33,16,0,false,3,9
Modelica.Electrical.QuasiStatic.SinglePhase.Examples.ParallelResonance,Examples,success,,Electrical,0.450,119,5,118,1,15,singular,singular,,,,34,4,0,false,3,8
Modelica.Electrical.QuasiStatic.SinglePhase.Examples.Rectifier,Examples,success,,Electrical,1.279,233,6,206,8,118,singular,singular,,,,57,22,0,false,3,10
Modelica.Electrical.QuasiStatic.SinglePhase.Examples.SeriesBode,Examples,success,,Electrical,0.514,133,5,124,1,22,singular,singular,,,,42,8,0,false,3,9
Modelica.Electrical.QuasiStatic.SinglePhase.Examples.SeriesResonance,Examples,success,,Electrical,0.469,116,5,118,1,15,singular,singular,,,,25,10,0,false,3,8
Modelica.Electrical.QuasiStatic.SinglePhase.Examples.Transformer,Examples,success,,Electrical,0.623,217,6,216,1,22,singular,singular,,,,56,18,0,false,3,8
Modelica.Electrical.QuasiStatic.SinglePhase.Ideal.IdealClosingSwitch,Component,failed:Flatten,"unsupported equation form: Connections.branch(pin_p.reference, pin_n.reference) is used but no Connections.root() or Connections.potentialRoot() is declared; every subgraph needs a root (MLS §9.4)",Electrical,0.375,,,,,,,,,,,,,,false,0,
Modelica.Electrical.QuasiStatic.SinglePhase.Ideal.IdealCommutingSwitch,Component,failed:Flatten,"unsupported equation form: Connections.branch(p.reference, n1.reference) is used but no Connections.root() or Connections.potentialRoot() is declared; every subgraph needs a root (MLS §9.4)",Electrical,0.331,,,,,,,,,,,,,,false,0,
Modelica.Electrical.QuasiStatic.SinglePhase.Ideal.IdealIntermediateSwitch,Component,failed:Flatten,"unsupported equation form: Connections.branch(p1.reference, n1.reference) is used but no Connections.root() or Connections.potentialRoot() is declared; every subgraph needs a root (MLS §9.4)",Electrical,0.339,,,,,,,,,,,,,,false,0,
Modelica.Electrical.QuasiStatic.SinglePhase.Ideal.IdealOpeningSwitch,Component,failed:Flatten,"unsupported equation form: Connections.branch(pin_p.reference, pin_n.reference) is used but no Connections.root() or Connections.potentialRoot() is declared; every subgraph needs a root (MLS §9.4)",Electrical,0.361,,,,,,,,,,,,,,false,0,
Modelica.Electrical.QuasiStatic.SinglePhase.Ideal.IdealTransformer,Component,failed:Flatten,"unsupported equation form: Connections.branch(pin_p1.reference, pin_n1.reference) is used but no Connections.root() or Connections.potentialRoot() is declared; every subgraph needs a root (MLS §9.4)",Electrical,0.331,,,,,,,,,,,,,,false,0,
Modelica.Electrical.QuasiStatic.SinglePhase.Ideal.Idle,Component,failed:Flatten,"unsupported equation form: Connections.branch(pin_p.reference, pin_n.reference) is used but no Connections.root() or Connections.potentialRoot() is declared; every subgraph needs a root (MLS §9.4)",Electrical,0.297,,,,,,,,,,,,,,false,0,
Modelica.Electrical.QuasiStatic.SinglePhase.Ideal.Short,Component,failed:Flatten,"unsupported equation form: Connections.branch(pin_p.reference, pin_n.reference) is used but no Connections.root() or Connections.potentialRoot() is declared; every subgraph needs a root (MLS §9.4)",Electrical,0.293,,,,,,,,,,,,,,false,0,
Modelica.Electrical.QuasiStatic.SinglePhase.Interfaces.AbsoluteSensor,Interfaces,success,,Electrical,0.272,3,1,5,0,0,singular,singular,,,,0,0,0,false,2,1
Modelica.Electrical.QuasiStatic.SinglePhase.Interfaces.OnePort,Interfaces,failed:Flatten,"unsupported equation form: Connections.branch(pin_p.reference, pin_n.reference) is used but no Connections.root() or Connections.potentialRoot() is declared; every subgraph needs a root (MLS §9.4)",Electrical,0.281,,,,,,,,,,,,,,false,0,
Modelica.Electrical.QuasiStatic.SinglePhase.Interfaces.RelativeSensorElementary,Interfaces,failed:Flatten,"unsupported equation form: Connections.branch(pin_p.reference, pin_n.reference) is used but no Connections.root() or Connections.potentialRoot() is declared; every subgraph needs a root (MLS §9.4)",Electrical,0.264,,,,,,,,,,,,,,false,0,
Modelica.Electrical.QuasiStatic.SinglePhase.Interfaces.Source,Interfaces,success,,Electrical,0.313,14,1,23,0,0,singular,singular,,,,0,0,0,false,2,8
Modelica.Electrical.QuasiStatic.SinglePhase.Interfaces.TwoPin,Interfaces,failed:Flatten,"unsupported equation form: Connections.branch(pin_p.reference, pin_n.reference) is used but no Connections.root() or Connections.potentialRoot() is declared; every subgraph needs a root (MLS §9.4)",Electrical,0.306,,,,,,,,,,,,,,false,0,
Modelica.Electrical.QuasiStatic.SinglePhase.Interfaces.TwoPinElementary,Interfaces,failed:Flatten,"unsupported equation form: Connections.branch(pin_p.reference, pin_n.reference) is used but no Connections.root() or Connections.potentialRoot() is declared; every subgraph needs a root (MLS §9.4)",Electrical,0.267,,,,,,,,,,,,,,false,0,
Modelica.Electrical.QuasiStatic.SinglePhase.Sensors.CurrentRMSSensor,Component,failed:Flatten,"unsupported equation form: Connections.branch(pin_p.reference, pin_n.reference) is used but no Connections.root() or Connections.potentialRoot() is declared; every subgraph needs a root (MLS §9.4)",Electrical,0.274,,,,,,,,,,,,,,false,0,
Modelica.Electrical.QuasiStatic.SinglePhase.Sensors.CurrentSensor,Component,failed:Flatten,"unsupported equation form: Connections.branch(pin_p.reference, pin_n.reference) is used but no Connections.root() or Connections.potentialRoot() is declared; every subgraph needs a root (MLS §9.4)",Electrical,0.277,,,,,,,,,,,,,,false,0,
Modelica.Electrical.QuasiStatic.SinglePhase.Sensors.FrequencySensor,Component,success,,Electrical,0.277,4,1,5,0,0,singular,singular,,,,0,0,0,false,2,1
Modelica.Electrical.QuasiStatic.SinglePhase.Sensors.MultiSensor,Component,failed:Flatten,"unsupported equation form: Connections.branch(pc.reference, nc.reference) is used but no Connections.root() or Connections.potentialRoot() is declared; every subgraph needs a root (MLS §9.4)",Electrical,0.282,,,,,,,,,,,,,,false,0,
Modelica.Electrical.QuasiStatic.SinglePhase.Sensors.PotentialSensor,Component,success,,Electrical,0.302,6,1,7,0,0,singular,singular,,,,0,0,0,false,2,5
Modelica.Electrical.QuasiStatic.SinglePhase.Sensors.PowerSensor,Component,failed:Flatten,"unsupported equation form: Connections.branch(currentP.reference, currentN.reference) is used but no Connections.root() or Connections.potentialRoot() is declared; every subgraph needs a root (MLS §9.",Electrical,0.273,,,,,,,,,,,,,,false,0,
Modelica.Electrical.QuasiStatic.SinglePhase.Sensors.ReferenceSensor,Component,success,,Electrical,0.261,4,1,5,0,0,singular,singular,,,,0,0,0,false,2,1
Modelica.Electrical.QuasiStatic.SinglePhase.Sensors.VoltageRMSSensor,Component,failed:Flatten,"unsupported equation form: Connections.branch(pin_p.reference, pin_n.reference) is used but no Connections.root() or Connections.potentialRoot() is declared; every subgraph needs a root (MLS §9.4)",Electrical,0.253,,,,,,,,,,,,,,false,0,
Modelica.Electrical.QuasiStatic.SinglePhase.Sensors.VoltageSensor,Component,failed:Flatten,"unsupported equation form: Connections.branch(pin_p.reference, pin_n.reference) is used but no Connections.root() or Connections.potentialRoot() is declared; every subgraph needs a root (MLS §9.4)",Electrical,0.276,,,,,,,,,,,,,,false,0,
Modelica.Electrical.QuasiStatic.SinglePhase.Sources.CurrentSource,Component,success,,Electrical,0.290,17,1,23,0,3,singular,singular,,,,0,0,0,false,2,8
Modelica.Electrical.QuasiStatic.SinglePhase.Sources.FrequencySweepCurrentSource,Component,success,,Electrical,0.374,45,2,50,1,13,singular,singular,,,,9,4,0,false,3,11
Modelica.Electrical.QuasiStatic.SinglePhase.Sources.FrequencySweepVoltageSource,Component,success,,Electrical,0.387,45,2,50,1,13,singular,singular,,,,9,4,0,false,3,11
Modelica.Electrical.QuasiStatic.SinglePhase.Sources.VariableCurrentSource,Component,success,,Electrical,0.292,16,1,23,0,0,singular,singular,,,,0,0,0,false,2,8
Modelica.Electrical.QuasiStatic.SinglePhase.Sources.VariableVoltageSource,Component,success,,Electrical,0.301,16,1,23,0,0,singular,singular,,,,0,0,0,false,2,8
Modelica.Electrical.QuasiStatic.SinglePhase.Sources.VoltageSource,Component,success,,Electrical,0.298,17,1,23,0,3,singular,singular,,,,0,0,0,false,2,8
Modelica.Electrical.QuasiStatic.SinglePhase.Utilities.GraetzRectifier,Component,success,,Electrical,0.275,50,0,50,5,21,ok,,36,2,8,8,8,0,false,2,0
Modelica.Electrical.QuasiStatic.SinglePhase.Utilities.IdealACDCConverter,Component,failed:Flatten,"unsupported equation form: Connections.branch(pin_pQS.reference, pin_nQS.reference) is used but no Connections.root() or Connections.potentialRoot() is declared; every subgraph needs a root (MLS §9.4)",Electrical,0.285,,,,,,,,,,,,,,false,0,
Modelica.Electrical.QuasiStatic.UsersGuide.Contact,Component,success,,Electrical,0.244,0,0,0,0,0,error:empty system: no equations or unknowns,,,,,0,0,0,false,0,0
Modelica.Electrical.QuasiStatic.UsersGuide.Glossar,Component,success,,Electrical,0.248,0,0,0,0,0,error:empty system: no equations or unknowns,,,,,0,0,0,false,0,0
Modelica.Electrical.QuasiStatic.UsersGuide.Overview.ACCircuit,Component,success,,Electrical,0.264,0,0,0,0,0,error:empty system: no equations or unknowns,,,,,0,0,0,false,0,0
Modelica.Electrical.QuasiStatic.UsersGuide.Overview.Introduction,Component,success,,Electrical,0.255,0,0,0,0,0,error:empty system: no equations or unknowns,,,,,0,0,0,false,0,0
Modelica.Electrical.QuasiStatic.UsersGuide.Overview.Power,Component,success,,Electrical,0.264,0,0,0,0,0,error:empty system: no equations or unknowns,,,,,0,0,0,false,0,0
Modelica.Electrical.QuasiStatic.UsersGuide.Overview.ReferenceSystem,Component,success,,Electrical,0.236,0,0,0,0,0,error:empty system: no equations or unknowns,,,,,0,0,0,false,0,0
Modelica.Electrical.QuasiStatic.UsersGuide.References,Component,success,,Electrical,0.252,0,0,0,0,0,error:empty system: no equations or unknowns,,,,,0,0,0,false,0,0
Modelica.Electrical.QuasiStatic.UsersGuide.ReleaseNotes,Component,success,,Electrical,0.239,0,0,0,0,0,error:empty system: no equations or unknowns,,,,,0,0,0,false,0,0
Modelica.Electrical.Spice3.Additionals.E_VCV_POLY,Component,success,,Electrical,0.272,9,0,9,0,2,singular,singular,,,,0,4,0,true,1,1
Modelica.Electrical.Spice3.Additionals.F_CCC_POLY,Component,success,,Electrical,0.272,9,0,9,0,2,singular,singular,,,,0,4,0,true,1,1
Modelica.Electrical.Spice3.Additionals.G_VCC_POLY,Component,success,,Electrical,0.274,9,0,9,0,2,singular,singular,,,,0,4,0,true,1,1
Modelica.Electrical.Spice3.Additionals.H_CCV_POLY,Component,success,,Electrical,0.282,9,0,9,0,2,singular,singular,,,,0,4,0,true,1,1
Modelica.Electrical.Spice3.Basic.C_Capacitor,Component,success,,Electrical,0.254,7,1,6,0,3,singular,singular,,,,0,2,0,false,1,0
Modelica.Electrical.Spice3.Basic.E_VCV,Component,success,,Electrical,0.264,12,0,12,0,1,singular,singular,,,,0,4,0,false,1,0
Modelica.Electrical.Spice3.Basic.F_CCC,Component,success,,Electrical,0.269,12,0,12,0,1,singular,singular,,,,0,4,0,false,1,0
Modelica.Electrical.Spice3.Basic.G_VCC,Component,success,,Electrical,0.266,12,0,12,0,1,singular,singular,,,,0,4,0,false,1,0
Modelica.Electrical.Spice3.Basic.Ground,Component,success,,Electrical,0.252,2,0,2,0,0,ok,,2,0,0,0,1,0,false,1,0
Modelica.Electrical.Spice3.Basic.H_CCV,Component,success,,Electrical,0.261,12,0,12,0,1,singular,singular,,,,0,4,0,false,1,0
Modelica.Electrical.Spice3.Basic.K_CoupledInductors,Component,success,,Electrical,0.272,5,0,5,0,1,ok,,5,0,0,0,2,0,false,1,0
Modelica.Electrical.Spice3.Basic.L_Inductor,Component,success,,Electrical,0.254,10,1,8,0,3,singular,singular,,,,0,3,0,false,1,0
Modelica.Electrical.Spice3.Basic.R_Resistor,Component,success,,Electrical,0.264,6,0,6,0,1,singular,singular,,,,0,2,0,false,1,0
Modelica.Electrical.Spice3.Examples.CascodeCircuit,Examples,success,,Electrical,0.499,68,4,64,1,283,ok,,57,2,7,9,6,0,false,2,23
Modelica.Electrical.Spice3.Examples.CoupledInductors,Examples,success,,Electrical,0.303,103,5,95,1,29,ok,,90,1,14,28,10,0,false,2,2
Modelica.Electrical.Spice3.Examples.FourInverters,Examples,success,,Electrical,36.681,282,36,246,7,1999,singular,singular,,,,38,7,0,false,2,27
Modelica.Electrical.Spice3.Examples.Graetz,Examples,failed:ToDae,"unsupported model algorithm in solver-facing DAE: algorithm from rout (statement=algorithm assignment target `rout.vp` is missing from DAE variables at SourceSpan { offset: SourceOffset(239841), lengt",Electrical,0.851,,,,,,,,,,,,,,false,0,
Modelica.Electrical.Spice3.Examples.Inverter,Examples,success,,Electrical,3.230,74,8,66,7,505,singular,singular,,,,9,4,0,false,2,27
Modelica.Electrical.Spice3.Examples.InvertersApartRecord,Examples,success,,Electrical,10.278,148,18,130,7,1045,singular,singular,,,,20,5,0,false,2,27
Modelica.Electrical.Spice3.Examples.InvertersExtendedModel,Examples,success,,Electrical,10.480,148,18,130,7,1105,singular,singular,,,,20,5,0,false,2,27
Modelica.Electrical.Spice3.Examples.InvertersExtendedModel.MNmos,Examples,failed:ToDae,unresolved reference: SpiceConstants.CKTgmin,Electrical,0.649,,,,,,,,,,,,,,false,0,
Modelica.Electrical.Spice3.Examples.InvertersExtendedModel.MPmos,Examples,failed:ToDae,unresolved reference: SpiceConstants.CKTgmin,Electrical,0.682,,,,,,,,,,,,,,false,0,
Modelica.Electrical.Spice3.Examples.Nand,Examples,success,,Electrical,9.715,140,16,124,7,980,singular,singular,,,,17,6,0,false,2,27
Modelica.Electrical.Spice3.Examples.Nor,Examples,success,,Electrical,9.641,140,16,124,10,994,singular,singular,,,,17,6,0,false,2,27
Modelica.Electrical.Spice3.Examples.Oscillator,Examples,success,,Electrical,5.178,128,10,118,4,485,singular,ok,28,0,0,17,7,0,false,2,16
Modelica.Electrical.Spice3.Examples.Spice3BenchmarkDifferentialPair,Examples,success,,Electrical,5.991,151,8,143,7,541,singular,ok,21,1,7,25,20,0,false,2,18
Modelica.Electrical.Spice3.Examples.Spice3BenchmarkFourBitBinaryAdder,Examples,success,,Electrical,67.605,10175,936,9334,25,49831,singular,skipped:too-large,,,,1511,998,0,false,6,37
Modelica.Electrical.Spice3.Examples.Spice3BenchmarkFourBitBinaryAdder.FOURBIT,Examples,success,,Electrical,63.644,10046,936,9218,0,49647,singular,skipped:too-large,,,,1467,983,0,false,5,37
Modelica.Electrical.Spice3.Examples.Spice3BenchmarkFourBitBinaryAdder.NAND,Examples,success,,Electrical,21.889,271,26,248,0,1368,singular,singular,,,,34,26,0,false,2,37
Modelica.Electrical.Spice3.Examples.Spice3BenchmarkFourBitBinaryAdder.ONEBIT,Examples,success,,Electrical,11.007,2477,234,2270,0,12369,singular,skipped:too-large,,,,348,230,0,false,3,37
Modelica.Electrical.Spice3.Examples.Spice3BenchmarkFourBitBinaryAdder.TWOBIT,Examples,success,,Electrical,25.030,4992,468,4578,0,24795,singular,skipped:too-large,,,,717,477,0,false,4,37
Modelica.Electrical.Spice3.Examples.Spice3BenchmarkMosfetCharacterization,Examples,success,,Electrical,1.519,58,4,54,7,299,singular,singular,,,,11,8,0,false,2,27
Modelica.Electrical.Spice3.Examples.Spice3BenchmarkRtlInverter,Examples,success,,Electrical,1.942,73,4,69,4,289,singular,ok,11,0,0,12,10,0,false,2,16
Modelica.Electrical.Spice3.Interfaces.ConditionalSubstrate,Interfaces,success,,Electrical,0.301,1,0,2,0,1,singular,singular,,,,0,0,0,false,0,0
Modelica.Electrical.Spice3.Interfaces.TwoPortControlledSources,Interfaces,success,,Electrical,0.259,10,0,12,0,0,singular,singular,,,,0,4,0,false,1,0
Modelica.Electrical.Spice3.Internal.BJT2,Internal,success,,Electrical,1.121,37,4,33,0,229,singular,ok,4,1,7,0,3,0,false,1,16
Modelica.Electrical.Spice3.Internal.C_SEMI,Internal,failed:ToDae,"unsupported model algorithm in solver-facing DAE: algorithm from  (statement=algorithm assignment target `vp` is missing from DAE variables at SourceSpan { offset: SourceOffset(243634), length: 2 })",Electrical,0.332,,,,,,,,,,,,,,false,0,
Modelica.Electrical.Spice3.Internal.DIODE,Internal,success,,Electrical,0.476,10,2,9,0,54,singular,singular,,,,0,2,0,false,1,26
Modelica.Electrical.Spice3.Internal.JFET,Internal,success,,Electrical,0.441,21,2,19,0,137,ok,,12,1,10,0,3,0,false,1,21
Modelica.Electrical.Spice3.Internal.MOS,Internal,success,,Electrical,1.426,30,4,26,0,237,singular,ok,1,1,7,0,4,0,false,1,27
Modelica.Electrical.Spice3.Internal.MOS2,Internal,failed:ToDae,unresolved reference: in_p.m_lambda,Electrical,0.906,,,,,,,,,,,,,,false,0,
Modelica.Electrical.Spice3.Internal.R_SEMI,Internal,failed:ToDae,"unsupported model algorithm in solver-facing DAE: algorithm from  (statement=algorithm assignment target `vp` is missing from DAE variables at SourceSpan { offset: SourceOffset(239841), length: 2 })",Electrical,0.397,,,,,,,,,,,,,,false,0,
Modelica.Electrical.Spice3.Semiconductors.C_Capacitor,Component,failed:ToDae,"unsupported model algorithm in solver-facing DAE: algorithm from  (statement=algorithm assignment target `vp` is missing from DAE variables at SourceSpan { offset: SourceOffset(243634), length: 2 })",Electrical,0.324,,,,,,,,,,,,,,false,0,
Modelica.Electrical.Spice3.Semiconductors.D_DIODE,Component,failed:ToDae,unresolved reference: SpiceConstants.CKTgmin,Electrical,0.468,,,,,,,,,,,,,,false,0,
Modelica.Electrical.Spice3.Semiconductors.J_NJFJFET,Component,success,,Electrical,0.441,21,2,19,0,137,ok,,12,1,10,0,3,0,false,1,21
Modelica.Electrical.Spice3.Semiconductors.J_PJFJFET,Component,success,,Electrical,0.482,21,2,19,0,137,ok,,12,1,10,0,3,0,false,1,21
Modelica.Electrical.Spice3.Semiconductors.M_NMOS,Component,failed:ToDae,unresolved reference: SpiceConstants.CKTgmin,Electrical,0.700,,,,,,,,,,,,,,false,0,
Modelica.Electrical.Spice3.Semiconductors.M_NMOS2,Component,failed:ToDae,unresolved reference: in_p.m_lambda,Electrical,0.867,,,,,,,,,,,,,,false,0,
Modelica.Electrical.Spice3.Semiconductors.M_PMOS,Component,failed:ToDae,unresolved reference: SpiceConstants.CKTgmin,Electrical,0.746,,,,,,,,,,,,,,false,0,
Modelica.Electrical.Spice3.Semiconductors.M_PMOS2,Component,failed:ToDae,unresolved reference: in_p.m_lambda,Electrical,0.870,,,,,,,,,,,,,,false,0,
Modelica.Electrical.Spice3.Semiconductors.Q_NPNBJT,Component,success,,Electrical,1.205,37,4,33,0,229,singular,ok,6,0,0,0,3,0,false,1,16
Modelica.Electrical.Spice3.Semiconductors.Q_PNPBJT,Component,success,,Electrical,1.247,37,4,33,0,229,singular,ok,6,0,0,0,3,0,false,1,16
Modelica.Electrical.Spice3.Semiconductors.R_Resistor,Component,failed:ToDae,"unsupported model algorithm in solver-facing DAE: algorithm from  (statement=algorithm assignment target `vp` is missing from DAE variables at SourceSpan { offset: SourceOffset(239841), length: 2 })",Electrical,0.374,,,,,,,,,,,,,,false,0,
Modelica.Electrical.Spice3.Sources.I_constant,Component,success,,Electrical,0.265,6,0,6,0,1,singular,singular,,,,0,2,0,false,1,0
Modelica.Electrical.Spice3.Sources.I_exp,Component,success,,Electrical,0.292,6,0,6,1,7,singular,singular,,,,0,2,0,false,1,1
Modelica.Electrical.Spice3.Sources.I_pulse,Component,success,,Electrical,0.283,6,0,6,4,16,singular,singular,,,,0,2,0,false,1,0
Modelica.Electrical.Spice3.Sources.I_pwl,Component,success,,Electrical,0.395,8,0,7,6,17,singular,singular,,,,0,2,0,false,2,1
Modelica.Electrical.Spice3.Sources.I_sffm,Component,success,,Electrical,0.294,6,0,6,0,5,singular,singular,,,,0,2,0,false,1,1
Modelica.Electrical.Spice3.Sources.I_sin,Component,success,,Electrical,0.281,6,0,6,1,6,singular,singular,,,,0,2,0,false,1,2
Modelica.Electrical.Spice3.Sources.V_constant,Component,success,,Electrical,0.266,6,0,6,0,1,singular,singular,,,,0,2,0,false,1,0
Modelica.Electrical.Spice3.Sources.V_exp,Component,success,,Electrical,0.309,6,0,6,1,7,singular,singular,,,,0,2,0,false,1,1
Modelica.Electrical.Spice3.Sources.V_pulse,Component,success,,Electrical,0.266,6,0,6,4,16,singular,singular,,,,0,2,0,false,1,0
Modelica.Electrical.Spice3.Sources.V_pwl,Component,success,,Electrical,0.438,8,0,7,6,17,singular,singular,,,,0,2,0,false,2,1
Modelica.Electrical.Spice3.Sources.V_sffm,Component,success,,Electrical,0.306,6,0,6,0,5,singular,singular,,,,0,2,0,false,1,1
Modelica.Electrical.Spice3.Sources.V_sin,Component,success,,Electrical,0.282,6,0,6,1,6,singular,singular,,,,0,2,0,false,1,2
Modelica.Electrical.Spice3.UsersGuide.Contact,Component,success,,Electrical,0.286,0,0,0,0,0,error:empty system: no equations or unknowns,,,,,0,0,0,false,0,0
Modelica.Electrical.Spice3.UsersGuide.Literature,Component,success,,Electrical,0.272,0,0,0,0,0,error:empty system: no equations or unknowns,,,,,0,0,0,false,0,0
Modelica.Electrical.Spice3.UsersGuide.NamingPrinciple,Component,success,,Electrical,0.259,0,0,0,0,0,error:empty system: no equations or unknowns,,,,,0,0,0,false,0,0
Modelica.Electrical.Spice3.UsersGuide.Overview,Component,success,,Electrical,0.259,0,0,0,0,0,error:empty system: no equations or unknowns,,,,,0,0,0,false,0,0
Modelica.Electrical.Spice3.UsersGuide.ParameterHandling,Component,success,,Electrical,0.289,0,0,0,0,0,error:empty system: no equations or unknowns,,,,,0,0,0,false,0,0
Modelica.Electrical.Spice3.UsersGuide.ReleaseNotes,Component,success,,Electrical,0.278,0,0,0,0,0,error:empty system: no equations or unknowns,,,,,0,0,0,false,0,0
Modelica.Electrical.Spice3.UsersGuide.Spicenetlist,Component,success,,Electrical,0.279,0,0,0,0,0,error:empty system: no equations or unknowns,,,,,0,0,0,false,0,0
Modelica.Electrical.Spice3.UsersGuide.Useofsemiconductors,Component,success,,Electrical,0.273,0,0,0,0,0,error:empty system: no equations or unknowns,,,,,0,0,0,false,0,0
Modelica.Fluid.Dissipation.UsersGuide.Contact,Component,success,,Fluid,0.266,0,0,0,0,0,error:empty system: no equations or unknowns,,,,,0,0,0,false,0,0
Modelica.Fluid.Dissipation.UsersGuide.GettingStarted,Component,success,,Fluid,0.270,0,0,0,0,0,error:empty system: no equations or unknowns,,,,,0,0,0,false,0,0
Modelica.Fluid.Dissipation.UsersGuide.ReleaseNotes,Component,success,,Fluid,0.286,0,0,0,0,0,error:empty system: no equations or unknowns,,,,,0,0,0,false,0,0
Modelica.Fluid.Dissipation.Utilities.Icons.HeatTransfer.Channel_i,Icons,success,,Fluid,0.272,0,0,0,0,0,error:empty system: no equations or unknowns,,,,,0,0,0,false,0,0
Modelica.Fluid.Dissipation.Utilities.Icons.HeatTransfer.Gap1_d,Icons,success,,Fluid,0.249,0,0,0,0,0,error:empty system: no equations or unknowns,,,,,0,0,0,false,0,0
Modelica.Fluid.Dissipation.Utilities.Icons.HeatTransfer.General_i,Icons,success,,Fluid,0.274,0,0,0,0,0,error:empty system: no equations or unknowns,,,,,0,0,0,false,0,0
Modelica.Fluid.Dissipation.Utilities.Icons.HeatTransfer.HeatExchanger_i,Icons,success,,Fluid,0.264,0,0,0,0,0,error:empty system: no equations or unknowns,,,,,0,0,0,false,0,0
Modelica.Fluid.Dissipation.Utilities.Icons.HeatTransfer.HelicalPipe1_d,Icons,success,,Fluid,0.275,0,0,0,0,0,error:empty system: no equations or unknowns,,,,,0,0,0,false,0,0
Modelica.Fluid.Dissipation.Utilities.Icons.HeatTransfer.HelicalPipe_i,Icons,success,,Fluid,0.275,0,0,0,0,0,error:empty system: no equations or unknowns,,,,,0,0,0,false,0,0
Modelica.Fluid.Dissipation.Utilities.Icons.HeatTransfer.Plate1_d,Icons,success,,Fluid,0.260,0,0,0,0,0,error:empty system: no equations or unknowns,,,,,0,0,0,false,0,0
Modelica.Fluid.Dissipation.Utilities.Icons.HeatTransfer.Plate2_d,Icons,success,,Fluid,0.246,0,0,0,0,0,error:empty system: no equations or unknowns,,,,,0,0,0,false,0,0
Modelica.Fluid.Dissipation.Utilities.Icons.HeatTransfer.Plate_i,Icons,success,,Fluid,0.281,0,0,0,0,0,error:empty system: no equations or unknowns,,,,,0,0,0,false,0,0
Modelica.Fluid.Dissipation.Utilities.Icons.HeatTransfer.StraightPipe_i,Icons,success,,Fluid,0.243,0,0,0,0,0,error:empty system: no equations or unknowns,,,,,0,0,0,false,0,0
Modelica.Fluid.Dissipation.Utilities.Icons.PressureLoss.BendEdged_d,Icons,success,,Fluid,0.260,0,0,0,0,0,error:empty system: no equations or unknowns,,,,,0,0,0,false,0,0
Modelica.Fluid.Dissipation.Utilities.Icons.PressureLoss.Bend_i,Icons,success,,Fluid,0.269,0,0,0,0,0,error:empty system: no equations or unknowns,,,,,0,0,0,false,0,0
Modelica.Fluid.Dissipation.Utilities.Icons.PressureLoss.Channel_d,Icons,success,,Fluid,0.268,0,0,0,0,0,error:empty system: no equations or unknowns,,,,,0,0,0,false,0,0
Modelica.Fluid.Dissipation.Utilities.Icons.PressureLoss.Channel_i,Icons,success,,Fluid,0.264,0,0,0,0,0,error:empty system: no equations or unknowns,,,,,0,0,0,false,0,0
Modelica.Fluid.Dissipation.Utilities.Icons.PressureLoss.FlowModel,Icons,success,,Fluid,0.275,0,0,0,0,0,error:empty system: no equations or unknowns,,,,,0,0,0,false,0,0
Modelica.Fluid.Dissipation.Utilities.Icons.PressureLoss.General_i,Icons,success,,Fluid,0.246,0,0,0,0,0,error:empty system: no equations or unknowns,,,,,0,0,0,false,0,0
Modelica.Fluid.Dissipation.Utilities.Icons.PressureLoss.HeatExchanger_i,Icons,success,,Fluid,0.265,0,0,0,0,0,error:empty system: no equations or unknowns,,,,,0,0,0,false,0,0
Modelica.Fluid.Dissipation.Utilities.Icons.PressureLoss.OrificeSuddenChangeSection_d,Icons,success,,Fluid,0.305,0,0,0,0,0,error:empty system: no equations or unknowns,,,,,0,0,0,false,0,0
Modelica.Fluid.Dissipation.Utilities.Icons.PressureLoss.OrificeThickEdged_d,Icons,success,,Fluid,0.268,0,0,0,0,0,error:empty system: no equations or unknowns,,,,,0,0,0,false,0,0
Modelica.Fluid.Dissipation.Utilities.Icons.PressureLoss.Orifice_i,Icons,success,,Fluid,0.268,0,0,0,0,0,error:empty system: no equations or unknowns,,,,,0,0,0,false,0,0
Modelica.Fluid.Dissipation.Utilities.Icons.PressureLoss.StraightPipe_d,Icons,success,,Fluid,0.287,0,0,0,0,0,error:empty system: no equations or unknowns,,,,,0,0,0,false,0,0
Modelica.Fluid.Dissipation.Utilities.Icons.PressureLoss.StraightPipe_i,Icons,success,,Fluid,0.249,0,0,0,0,0,error:empty system: no equations or unknowns,,,,,0,0,0,false,0,0
Modelica.Fluid.Dissipation.Utilities.Icons.PressureLoss.Valve_d,Icons,success,,Fluid,0.254,0,0,0,0,0,error:empty system: no equations or unknowns,,,,,0,0,0,false,0,0
Modelica.Fluid.Dissipation.Utilities.Icons.PressureLoss.Valve_i,Icons,success,,Fluid,0.277,0,0,0,0,0,error:empty system: no equations or unknowns,,,,,0,0,0,false,0,0
Modelica.Fluid.Dissipation.Utilities.SharedDocumentation.HeatTransfer.Channel.kc_evenGapLaminar,Component,success,,Fluid,0.260,0,0,0,0,0,error:empty system: no equations or unknowns,,,,,0,0,0,false,0,0
Modelica.Fluid.Dissipation.Utilities.SharedDocumentation.HeatTransfer.Channel.kc_evenGapOverall,Component,success,,Fluid,0.268,0,0,0,0,0,error:empty system: no equations or unknowns,,,,,0,0,0,false,0,0
Modelica.Fluid.Dissipation.Utilities.SharedDocumentation.HeatTransfer.Channel.kc_evenGapTurbulent,Component,success,,Fluid,0.263,0,0,0,0,0,error:empty system: no equations or unknowns,,,,,0,0,0,false,0,0
Modelica.Fluid.Dissipation.Utilities.SharedDocumentation.HeatTransfer.General.kc_approxForcedConvection,Component,success,,Fluid,0.259,0,0,0,0,0,error:empty system: no equations or unknowns,,,,,0,0,0,false,0,0
Modelica.Fluid.Dissipation.Utilities.SharedDocumentation.HeatTransfer.HeatExchanger.kc_flatTube,Component,success,,Fluid,0.268,0,0,0,0,0,error:empty system: no equations or unknowns,,,,,0,0,0,false,0,0
Modelica.Fluid.Dissipation.Utilities.SharedDocumentation.HeatTransfer.HeatExchanger.kc_roundTube,Component,success,,Fluid,0.275,0,0,0,0,0,error:empty system: no equations or unknowns,,,,,0,0,0,false,0,0
Modelica.Fluid.Dissipation.Utilities.SharedDocumentation.HeatTransfer.HelicalPipe.kc_laminar,Component,success,,Fluid,0.264,0,0,0,0,0,error:empty system: no equations or unknowns,,,,,0,0,0,false,0,0
Modelica.Fluid.Dissipation.Utilities.SharedDocumentation.HeatTransfer.HelicalPipe.kc_overall,Component,success,,Fluid,0.260,0,0,0,0,0,error:empty system: no equations or unknowns,,,,,0,0,0,false,0,0
Modelica.Fluid.Dissipation.Utilities.SharedDocumentation.HeatTransfer.HelicalPipe.kc_turbulent,Component,success,,Fluid,0.284,0,0,0,0,0,error:empty system: no equations or unknowns,,,,,0,0,0,false,0,0
Modelica.Fluid.Dissipation.Utilities.SharedDocumentation.HeatTransfer.Plate.kc_laminar,Component,success,,Fluid,0.252,0,0,0,0,0,error:empty system: no equations or unknowns,,,,,0,0,0,false,0,0
Modelica.Fluid.Dissipation.Utilities.SharedDocumentation.HeatTransfer.Plate.kc_overall,Component,success,,Fluid,0.254,0,0,0,0,0,error:empty system: no equations or unknowns,,,,,0,0,0,false,0,0
Modelica.Fluid.Dissipation.Utilities.SharedDocumentation.HeatTransfer.Plate.kc_turbulent,Component,success,,Fluid,0.277,0,0,0,0,0,error:empty system: no equations or unknowns,,,,,0,0,0,false,0,0
Modelica.Fluid.Dissipation.Utilities.SharedDocumentation.HeatTransfer.StraightPipe.kc_laminar,Component,success,,Fluid,0.266,0,0,0,0,0,error:empty system: no equations or unknowns,,,,,0,0,0,false,0,0
Modelica.Fluid.Dissipation.Utilities.SharedDocumentation.HeatTransfer.StraightPipe.kc_overall,Component,success,,Fluid,0.270,0,0,0,0,0,error:empty system: no equations or unknowns,,,,,0,0,0,false,0,0
Modelica.Fluid.Dissipation.Utilities.SharedDocumentation.HeatTransfer.StraightPipe.kc_turbulent,Component,success,,Fluid,0.280,0,0,0,0,0,error:empty system: no equations or unknowns,,,,,0,0,0,false,0,0
Modelica.Fluid.Dissipation.Utilities.SharedDocumentation.HeatTransfer.StraightPipe.kc_twoPhaseOverall,Component,success,,Fluid,0.252,0,0,0,0,0,error:empty system: no equations or unknowns,,,,,0,0,0,false,0,0
Modelica.Fluid.Dissipation.Utilities.SharedDocumentation.PressureLoss.Bend.dp_curvedOverall,Component,success,,Fluid,0.262,0,0,0,0,0,error:empty system: no equations or unknowns,,,,,0,0,0,false,0,0
Modelica.Fluid.Dissipation.Utilities.SharedDocumentation.PressureLoss.Bend.dp_edgedOverall,Component,success,,Fluid,0.285,0,0,0,0,0,error:empty system: no equations or unknowns,,,,,0,0,0,false,0,0
Modelica.Fluid.Dissipation.Utilities.SharedDocumentation.PressureLoss.Channel.dp_internalFlowOverall,Component,success,,Fluid,0.290,0,0,0,0,0,error:empty system: no equations or unknowns,,,,,0,0,0,false,0,0
Modelica.Fluid.Dissipation.Utilities.SharedDocumentation.PressureLoss.General.dp_idealGas,Component,success,,Fluid,0.258,0,0,0,0,0,error:empty system: no equations or unknowns,,,,,0,0,0,false,0,0
Modelica.Fluid.Dissipation.Utilities.SharedDocumentation.PressureLoss.General.dp_nominalDensityViscosity,Component,success,,Fluid,0.257,0,0,0,0,0,error:empty system: no equations or unknowns,,,,,0,0,0,false,0,0
Modelica.Fluid.Dissipation.Utilities.SharedDocumentation.PressureLoss.General.dp_nominalPressureLossLawDensity,Component,success,,Fluid,0.242,0,0,0,0,0,error:empty system: no equations or unknowns,,,,,0,0,0,false,0,0
Modelica.Fluid.Dissipation.Utilities.SharedDocumentation.PressureLoss.General.dp_pressureLossCoefficient,Component,success,,Fluid,0.274,0,0,0,0,0,error:empty system: no equations or unknowns,,,,,0,0,0,false,0,0
Modelica.Fluid.Dissipation.Utilities.SharedDocumentation.PressureLoss.General.dp_volumeFlowRate,Component,success,,Fluid,0.306,0,0,0,0,0,error:empty system: no equations or unknowns,,,,,0,0,0,false,0,0
Modelica.Fluid.Dissipation.Utilities.SharedDocumentation.PressureLoss.Orifice.dp_suddenChange,Component,success,,Fluid,0.267,0,0,0,0,0,error:empty system: no equations or unknowns,,,,,0,0,0,false,0,0
Modelica.Fluid.Dissipation.Utilities.SharedDocumentation.PressureLoss.Orifice.dp_thickEdgedOverall,Component,success,,Fluid,0.264,0,0,0,0,0,error:empty system: no equations or unknowns,,,,,0,0,0,false,0,0
Modelica.Fluid.Dissipation.Utilities.SharedDocumentation.PressureLoss.StraightPipe.dp_laminar,Component,success,,Fluid,0.257,0,0,0,0,0,error:empty system: no equations or unknowns,,,,,0,0,0,false,0,0
Modelica.Fluid.Dissipation.Utilities.SharedDocumentation.PressureLoss.StraightPipe.dp_overall,Component,success,,Fluid,0.257,0,0,0,0,0,error:empty system: no equations or unknowns,,,,,0,0,0,false,0,0
Modelica.Fluid.Dissipation.Utilities.SharedDocumentation.PressureLoss.StraightPipe.dp_turbulent,Component,success,,Fluid,0.269,0,0,0,0,0,error:empty system: no equations or unknowns,,,,,0,0,0,false,0,0
Modelica.Fluid.Dissipation.Utilities.SharedDocumentation.PressureLoss.StraightPipe.dp_twoPhaseOverall,Component,success,,Fluid,0.276,0,0,0,0,0,error:empty system: no equations or unknowns,,,,,0,0,0,false,0,0
Modelica.Fluid.Dissipation.Utilities.SharedDocumentation.PressureLoss.Valve.dp_severalGeometryOverall,Component,success,,Fluid,0.255,0,0,0,0,0,error:empty system: no equations or unknowns,,,,,0,0,0,false,0,0
Modelica.Fluid.Examples.AST_BatchPlant.BaseClasses.Controller,Examples,failed:ToDae,"unbalanced model: 448 equations, 452 unknowns (balance = -4)",Fluid,0.403,,,,,,,,,,,,,,false,0,
Modelica.Fluid.Examples.AST_BatchPlant.BaseClasses.ControllerUtilities.Adapter_Inference,Examples,success,,Fluid,0.283,0,0,0,2,0,error:empty system: no equations or unknowns,,,,,0,0,0,false,1,0
Modelica.Fluid.Examples.AST_BatchPlant.BaseClasses.ControllerUtilities.Adapter_Superposition,Examples,success,,Fluid,0.248,0,0,0,25,0,error:empty system: no equations or unknowns,,,,,0,0,0,false,1,0
Modelica.Fluid.Examples.AST_BatchPlant.BaseClasses.ControllerUtilities.BlockMain,Examples,success,,Fluid,0.292,0,0,0,163,10,error:empty system: no equations or unknowns,,,,,0,0,0,false,2,0
Modelica.Fluid.Examples.AST_BatchPlant.BaseClasses.ControllerUtilities.Block_Recipe_TBD,Examples,success,,Fluid,0.298,0,0,0,55,5,error:empty system: no equations or unknowns,,,,,0,0,0,false,1,0
Modelica.Fluid.Examples.AST_BatchPlant.BaseClasses.ControllerUtilities.BufferMain,Examples,success,,Fluid,0.261,0,0,0,80,0,error:empty system: no equations or unknowns,,,,,0,0,0,false,2,0
Modelica.Fluid.Examples.AST_BatchPlant.BaseClasses.ControllerUtilities.Buffer_Recipe_TBD,Examples,success,,Fluid,0.255,0,0,0,40,0,error:empty system: no equations or unknowns,,,,,0,0,0,false,1,0
Modelica.Fluid.Examples.AST_BatchPlant.BaseClasses.InnerTank,Examples,success,,Fluid,0.305,5,0,5,2,2,singular,singular,,,,0,1,0,false,1,0
Modelica.Fluid.Examples.AST_BatchPlant.BaseClasses.TankWith3InletOutletArraysWithEvaporatorCondensor,Examples,success,,Fluid,1.688,91,3,102,7,48,singular,singular,,,,4,9,0,true,2,92
Modelica.Fluid.Examples.AST_BatchPlant.BaseClasses.TankWith3InletOutletArraysWithEvaporatorCondensor.HeatTransfer,Examples,success,,Fluid,0.360,4,0,3,0,21,ok,,4,0,0,0,1,0,true,1,0
Modelica.Fluid.Examples.AST_BatchPlant.BaseClasses.TankWithTopPorts,Examples,failed:Instantiate,cannot instantiate partial class `Medium.BaseProperties` for component `medium`,Fluid,0.042,,,,,,,,,,,,,,false,0,
Modelica.Fluid.Examples.AST_BatchPlant.BaseClasses.TankWithTopPorts.HeatTransfer,Examples,failed:ToDae,unresolved reference: states,Fluid,0.330,,,,,,,,,,,,,,false,0,
Modelica.Fluid.Examples.AST_BatchPlant.BatchPlant_StandardWater,Examples,failed:ToDae,"unbalanced model: 2394 equations, 2297 unknowns (balance = 97)",Fluid,27.953,,,,,,,,,,,,,,false,0,
Modelica.Fluid.Examples.AST_BatchPlant.Test.OneTank,Examples,success,,Fluid,3.232,113,2,129,8,130,singular,singular,,,,7,4,0,true,3,28
Modelica.Fluid.Examples.AST_BatchPlant.Test.TankWithEmptyingPipe1,Examples,success,,Fluid,3.170,130,2,144,5,138,singular,singular,,,,6,5,0,true,3,32
Modelica.Fluid.Examples.AST_BatchPlant.Test.TankWithEmptyingPipe2,Examples,success,,Fluid,3.581,147,2,159,3,164,singular,singular,,,,6,5,0,true,3,31
Modelica.Fluid.Examples.AST_BatchPlant.Test.TanksWithEmptyingPipe1,Examples,success,,Fluid,5.633,226,4,244,5,246,singular,singular,,,,10,8,0,true,3,31
Modelica.Fluid.Examples.AST_BatchPlant.Test.TanksWithEmptyingPipe2,Examples,success,,Fluid,4.876,277,6,303,9,291,singular,singular,,,,14,11,0,true,3,28
Modelica.Fluid.Examples.AST_BatchPlant.Test.TwoTanks,Examples,success,,Fluid,2.726,108,4,128,5,135,singular,singular,,,,6,4,0,true,3,26
Modelica.Fluid.Examples.BranchingDynamicPipes,Examples,failed:ToDae,"unbalanced model: 2347 equations, 1859 unknowns (balance = 488)",Fluid,5.232,,,,,,,,,,,,,,false,0,
Modelica.Fluid.Examples.ControlledTankSystem.ControlledTanks,Examples,success,,Fluid,5.099,259,4,258,243,384,singular,singular,,,,29,10,0,true,6,25
Modelica.Fluid.Examples.ControlledTankSystem.Utilities.NormalOperation,Examples,failed:ToDae,invalid Appendix B discrete solved form: f_m assignments have cyclic dependency: fillTank2.outerStatePort.subgraphStatePort.suspend -> stateGraphRoot.subgraphStatePort.suspend -> stateGraphRoot.suspen,Fluid,0.352,,,,,,,,,,,,,,false,0,
Modelica.Fluid.Examples.ControlledTankSystem.Utilities.TankController,Examples,success,,Fluid,0.359,43,0,33,212,100,ok,,43,0,0,10,2,0,true,5,1
Modelica.Fluid.Examples.DrumBoiler.BaseClasses.EquilibriumDrumBoiler,Examples,success,,Fluid,0.579,27,2,28,0,28,singular,singular,,,,0,3,0,false,1,32
Modelica.Fluid.Examples.DrumBoiler.DrumBoiler,Examples,success,,Fluid,3.592,135,3,135,18,106,singular,singular,,,,22,5,0,true,3,97
Modelica.Fluid.Examples.Explanatory.MeasuringTemperature,Examples,failed:ToDae,"unbalanced model: 459 equations, 462 unknowns (balance = -3)",Fluid,8.769,,,,,,,,,,,,,,false,0,
Modelica.Fluid.Examples.Explanatory.MomentumBalanceFittings,Examples,failed:ToDae,unresolved reference: data.diameter_a,Fluid,4.908,,,,,,,,,,,,,,false,0,
Modelica.Fluid.Examples.HeatExchanger.BaseClasses.BasicHX,Examples,failed:ToDae,"unbalanced model: 376 equations, 320 unknowns (balance = 56)",Fluid,7.494,,,,,,,,,,,,,,false,0,
Modelica.Fluid.Examples.HeatExchanger.BaseClasses.BasicHX.FlowModel_1,Examples,failed:ToDae,unresolved function call: Modelica.Media.Interfaces.PartialMedium.dynamicViscosity,Fluid,0.654,,,,,,,,,,,,,,false,0,
Modelica.Fluid.Examples.HeatExchanger.BaseClasses.BasicHX.FlowModel_2,Examples,failed:ToDae,unresolved function call: Modelica.Media.Interfaces.PartialMedium.dynamicViscosity,Fluid,0.608,,,,,,,,,,,,,,false,0,
Modelica.Fluid.Examples.HeatExchanger.BaseClasses.BasicHX.HeatTransfer_1,Examples,failed:ToDae,unresolved reference: states,Fluid,0.337,,,,,,,,,,,,,,false,0,
Modelica.Fluid.Examples.HeatExchanger.BaseClasses.BasicHX.HeatTransfer_2,Examples,failed:ToDae,unresolved reference: states,Fluid,0.338,,,,,,,,,,,,,,false,0,
Modelica.Fluid.Examples.HeatExchanger.BaseClasses.WallConstProps,Examples,success,,Fluid,0.379,7,1,6,0,27,ok,,7,0,0,0,2,0,true,1,0
Modelica.Fluid.Examples.HeatExchanger.HeatExchangerSimulation,Examples,failed:ToDae,"unbalanced model: 3848 equations, 3150 unknowns (balance = 698)",Fluid,10.206,,,,,,,,,,,,,,false,0,
Modelica.Fluid.Examples.HeatingSystem,Examples,failed:ToDae,"unbalanced model: 560 equations, 506 unknowns (balance = 54)",Fluid,5.467,,,,,,,,,,,,,,false,0,
Modelica.Fluid.Examples.IncompressibleFluidNetwork,Examples,failed:ToDae,"unbalanced model: 1677 equations, 1394 unknowns (balance = 283)",Fluid,11.747,,,,,,,,,,,,,,false,0,
Modelica.Fluid.Examples.InverseParameterization,Examples,failed:ToDae,unresolved reference: V_flow_op,Fluid,3.252,,,,,,,,,,,,,,false,0,
Modelica.Fluid.Examples.NonCircularPipes,Examples,failed:ToDae,"unbalanced model: 413 equations, 353 unknowns (balance = 60)",Fluid,3.011,,,,,,,,,,,,,,false,0,
Modelica.Fluid.Examples.PumpingSystem,Examples,success,,Fluid,5.595,264,6,270,26,196,singular,singular,,,,17,9,0,true,3,109
Modelica.Fluid.Examples.Tanks.EmptyTanks,Examples,success,,Fluid,2.886,124,4,144,5,134,singular,singular,,,,10,4,0,true,3,31
Modelica.Fluid.Examples.Tanks.TanksWithOverflow,Examples,success,,Fluid,4.612,236,6,226,7,198,singular,singular,,,,19,7,0,true,3,32
Modelica.Fluid.Examples.Tanks.ThreeTanks,Examples,success,,Fluid,3.660,234,6,267,7,252,singular,singular,,,,17,7,0,true,3,31
Modelica.Fluid.Examples.TraceSubstances.RoomCO2,Examples,success,,Fluid,3.160,202,4,179,3,115,singular,singular,,,,7,5,0,true,3,48
Modelica.Fluid.Examples.TraceSubstances.RoomCO2WithControls,Examples,failed:ToDae,"unbalanced model: 860 equations, 752 unknowns (balance = 108)",Fluid,4.907,,,,,,,,,,,,,,false,0,
Modelica.Fluid.Fittings.AbruptAdaptor,Component,failed:ToDae,unresolved function call: Modelica.Media.Interfaces.PartialMedium.setState_phX,Fluid,0.524,,,,,,,,,,,,,,false,0,
Modelica.Fluid.Fittings.BaseClasses.PartialTeeJunction,BaseClasses,success,,Fluid,0.295,3,0,15,0,3,singular,singular,,,,0,3,0,false,1,0
Modelica.Fluid.Fittings.BaseClasses.QuadraticTurbulent.BaseModel,BaseClasses,failed:ToDae,unresolved function call: Modelica.Media.Interfaces.PartialMedium.setState_phX,Fluid,0.532,,,,,,,,,,,,,,false,0,
Modelica.Fluid.Fittings.BaseClasses.QuadraticTurbulent.BaseModelNonconstantCrossSectionArea,BaseClasses,failed:ToDae,unresolved function call: Modelica.Media.Interfaces.PartialMedium.setState_phX,Fluid,0.485,,,,,,,,,,,,,,false,0,
Modelica.Fluid.Fittings.Bends.CurvedBend,Component,failed:ToDae,unresolved function call: Modelica.Media.Interfaces.PartialMedium.setState_phX,Fluid,0.475,,,,,,,,,,,,,,false,0,
Modelica.Fluid.Fittings.Bends.EdgedBend,Component,failed:ToDae,unresolved function call: Modelica.Media.Interfaces.PartialMedium.setState_phX,Fluid,0.488,,,,,,,,,,,,,,false,0,
Modelica.Fluid.Fittings.GenericResistances.VolumeFlowRate,Component,failed:ToDae,unresolved function call: Modelica.Media.Interfaces.PartialMedium.setState_phX,Fluid,0.410,,,,,,,,,,,,,,false,0,
Modelica.Fluid.Fittings.MultiPort,Component,success,,Fluid,0.287,3,0,7,0,1,singular,singular,,,,0,1,0,false,1,0
Modelica.Fluid.Fittings.Orifices.ThickEdgedOrifice,Component,failed:ToDae,unresolved function call: Modelica.Media.Interfaces.PartialMedium.setState_phX,Fluid,0.475,,,,,,,,,,,,,,false,0,
Modelica.Fluid.Fittings.SharpEdgedOrifice,Component,failed:ToDae,unresolved function call: Modelica.Media.Interfaces.PartialMedium.setState_phX,Fluid,0.510,,,,,,,,,,,,,,false,0,
Modelica.Fluid.Fittings.SimpleGenericOrifice,Component,failed:ToDae,unresolved function call: Modelica.Media.Interfaces.PartialMedium.setState_phX,Fluid,0.505,,,,,,,,,,,,,,false,0,
Modelica.Fluid.Fittings.TeeJunctionIdeal,Component,success,,Fluid,0.294,6,0,15,0,3,singular,singular,,,,2,4,0,false,1,0
Modelica.Fluid.Fittings.TeeJunctionVolume,Component,failed:Instantiate,cannot instantiate partial class `Medium.BaseProperties` for component `medium`,Fluid,0.040,,,,,,,,,,,,,,false,0,
Modelica.Fluid.Interfaces.PartialDistributedFlow,Interfaces,success,,Fluid,0.316,2,0,5,0,21,singular,singular,,,,0,0,0,false,1,0
Modelica.Fluid.Interfaces.PartialDistributedVolume,Interfaces,failed:Flatten,"inconsistent resolved function reference: rendered `Modelica.Media.Interfaces.PartialMedium.specificEnthalpy_pTX`, structured `specificEnthalpy_pTX`",Fluid,0.523,,,,,,,,,,,,,,false,0,
Modelica.Fluid.Interfaces.PartialHeatTransfer,Interfaces,failed:ToDae,unresolved reference: states,Fluid,0.310,,,,,,,,,,,,,,false,0,
Modelica.Fluid.Interfaces.PartialLumpedFlow,Interfaces,success,,Fluid,0.293,2,0,5,0,20,singular,singular,,,,0,0,0,false,1,0
Modelica.Fluid.Interfaces.PartialLumpedVolume,Interfaces,failed:Flatten,"inconsistent resolved function reference: rendered `Modelica.Media.Interfaces.PartialMedium.specificEnthalpy_pTX`, structured `specificEnthalpy_pTX`",Fluid,0.457,,,,,,,,,,,,,,false,0,
Modelica.Fluid.Interfaces.PartialPressureLoss,Interfaces,failed:ToDae,unresolved function call: Modelica.Media.Interfaces.PartialMedium.setState_phX,Fluid,0.413,,,,,,,,,,,,,,false,0,
Modelica.Fluid.Interfaces.PartialTwoPort,Interfaces,success,,Fluid,0.333,2,0,10,0,21,singular,singular,,,,0,2,0,false,1,0
Modelica.Fluid.Interfaces.PartialTwoPortTransport,Interfaces,failed:ToDae,unresolved function call: Modelica.Media.Interfaces.PartialMedium.setState_phX,Fluid,0.385,,,,,,,,,,,,,,false,0,
Modelica.Fluid.Machines.BaseClasses.PartialPump,BaseClasses,failed:Flatten,"inconsistent resolved function reference: rendered `Modelica.Media.Interfaces.PartialMedium.specificEnthalpy_pTX`, structured `specificEnthalpy_pTX`",Fluid,0.632,,,,,,,,,,,,,,false,0,
Modelica.Fluid.Machines.BaseClasses.PartialPump.HeatTransfer,BaseClasses,failed:ToDae,unresolved reference: states,Fluid,0.320,,,,,,,,,,,,,,false,0,
Modelica.Fluid.Machines.BaseClasses.PartialPump.Monitoring,BaseClasses,success,,Fluid,0.312,0,0,0,0,17,error:empty system: no equations or unknowns,,,,,0,0,0,false,1,0
Modelica.Fluid.Machines.BaseClasses.PumpMonitoring.PumpMonitoringBase,BaseClasses,success,,Fluid,0.349,0,0,0,0,17,error:empty system: no equations or unknowns,,,,,0,0,0,false,1,0
Modelica.Fluid.Machines.BaseClasses.PumpMonitoring.PumpMonitoringNPSH,BaseClasses,failed:ToDae,unresolved function call: Modelica.Media.Interfaces.PartialTwoPhaseMedium.saturationPressure,Fluid,0.391,,,,,,,,,,,,,,false,0,
Modelica.Fluid.Machines.ControlledPump,Component,failed:Instantiate,cannot instantiate partial class `Medium.BaseProperties` for component `medium`,Fluid,0.041,,,,,,,,,,,,,,false,0,
Modelica.Fluid.Machines.PrescribedPump,Component,failed:Instantiate,cannot instantiate partial class `Medium.BaseProperties` for component `medium`,Fluid,0.040,,,,,,,,,,,,,,false,0,
Modelica.Fluid.Machines.Pump,Component,failed:Instantiate,cannot instantiate partial class `Medium.BaseProperties` for component `medium`,Fluid,0.039,,,,,,,,,,,,,,false,0,
Modelica.Fluid.Machines.SweptVolume,Component,failed:Instantiate,cannot instantiate partial class `Medium.BaseProperties` for component `medium`,Fluid,0.046,,,,,,,,,,,,,,false,0,
Modelica.Fluid.Pipes.BaseClasses.FlowModels.DetailedPipeFlow,BaseClasses,failed:ToDae,unresolved function call: Modelica.Media.Interfaces.PartialMedium.dynamicViscosity,Fluid,0.618,,,,,,,,,,,,,,false,0,
Modelica.Fluid.Pipes.BaseClasses.FlowModels.NominalLaminarFlow,BaseClasses,failed:ToDae,unresolved function call: Modelica.Media.Interfaces.PartialMedium.dynamicViscosity,Fluid,0.490,,,,,,,,,,,,,,false,0,
Modelica.Fluid.Pipes.BaseClasses.FlowModels.NominalTurbulentPipeFlow,BaseClasses,failed:ToDae,unresolved function call: Modelica.Media.Interfaces.PartialMedium.dynamicViscosity,Fluid,0.671,,,,,,,,,,,,,,false,0,
Modelica.Fluid.Pipes.BaseClasses.FlowModels.PartialGenericPipeFlow,BaseClasses,failed:ToDae,unresolved function call: Modelica.Media.Interfaces.PartialMedium.dynamicViscosity,Fluid,0.573,,,,,,,,,,,,,,false,0,
Modelica.Fluid.Pipes.BaseClasses.FlowModels.PartialStaggeredFlowModel,BaseClasses,failed:ToDae,unresolved function call: Modelica.Media.Interfaces.PartialMedium.dynamicViscosity,Fluid,0.449,,,,,,,,,,,,,,false,0,
Modelica.Fluid.Pipes.BaseClasses.FlowModels.TurbulentPipeFlow,BaseClasses,failed:ToDae,unresolved function call: Modelica.Media.Interfaces.PartialMedium.dynamicViscosity,Fluid,0.687,,,,,,,,,,,,,,false,0,
Modelica.Fluid.Pipes.BaseClasses.HeatTransfer.ConstantFlowHeatTransfer,BaseClasses,failed:ToDae,unresolved reference: states,Fluid,0.354,,,,,,,,,,,,,,false,0,
Modelica.Fluid.Pipes.BaseClasses.HeatTransfer.IdealFlowHeatTransfer,BaseClasses,failed:ToDae,unresolved reference: states,Fluid,0.320,,,,,,,,,,,,,,false,0,
Modelica.Fluid.Pipes.BaseClasses.HeatTransfer.LocalPipeFlowHeatTransfer,BaseClasses,failed:ToDae,unresolved function call: Modelica.Media.Interfaces.PartialMedium.dynamicViscosity,Fluid,0.670,,,,,,,,,,,,,,false,0,
Modelica.Fluid.Pipes.BaseClasses.HeatTransfer.PartialFlowHeatTransfer,BaseClasses,failed:ToDae,unresolved reference: states,Fluid,0.318,,,,,,,,,,,,,,false,0,
Modelica.Fluid.Pipes.BaseClasses.HeatTransfer.PartialPipeFlowHeatTransfer,BaseClasses,failed:ToDae,unresolved function call: Modelica.Media.Interfaces.PartialMedium.dynamicViscosity,Fluid,0.426,,,,,,,,,,,,,,false,0,
Modelica.Fluid.Pipes.BaseClasses.PartialStraightPipe,BaseClasses,success,,Fluid,0.324,2,0,10,0,30,singular,singular,,,,0,2,0,false,1,0
Modelica.Fluid.Pipes.BaseClasses.PartialStraightPipe.FlowModel,BaseClasses,failed:ToDae,unresolved function call: Modelica.Media.Interfaces.PartialMedium.dynamicViscosity,Fluid,0.613,,,,,,,,,,,,,,false,0,
Modelica.Fluid.Pipes.BaseClasses.PartialTwoPortFlow,BaseClasses,failed:Typecheck,subscript 2 for `flowModel.m_flows` is out of bounds for dimension of size 1 (MLS §10.5.1); subscript 3 for `vsFM` is out of bounds for dimension of size 2 (MLS §10.5.1),Fluid,0.437,,,,,,,,,,,,,,false,0,
Modelica.Fluid.Pipes.BaseClasses.PartialTwoPortFlow.FlowModel,BaseClasses,failed:ToDae,unresolved function call: Modelica.Media.Interfaces.PartialMedium.dynamicViscosity,Fluid,0.612,,,,,,,,,,,,,,false,0,
Modelica.Fluid.Pipes.DynamicPipe,Component,failed:Instantiate,cannot instantiate partial class `Medium.BaseProperties` for component `mediums[1]`,Fluid,0.282,,,,,,,,,,,,,,false,0,
Modelica.Fluid.Pipes.DynamicPipe.HeatTransfer,Component,failed:ToDae,unresolved reference: states,Fluid,0.346,,,,,,,,,,,,,,false,0,
Modelica.Fluid.Pipes.StaticPipe,Component,failed:ToDae,unresolved function call: Modelica.Media.Interfaces.PartialMedium.dynamicViscosity,Fluid,0.679,,,,,,,,,,,,,,false,0,
Modelica.Fluid.Sensors.BaseClasses.PartialAbsoluteSensor,BaseClasses,failed:ToDae,unresolved function call: Modelica.Media.Interfaces.PartialMedium.setState_pTX,Fluid,0.308,,,,,,,,,,,,,,false,0,
Modelica.Fluid.Sensors.BaseClasses.PartialFlowSensor,BaseClasses,success,,Fluid,0.336,6,0,10,0,23,singular,singular,,,,0,2,0,false,1,0
Modelica.Fluid.Sensors.BaseClasses.PartialRelativeSensor,BaseClasses,failed:ToDae,unresolved function call: Modelica.Media.Interfaces.PartialMedium.setState_pTX,Fluid,0.329,,,,,,,,,,,,,,false,0,
Modelica.Fluid.Sensors.Density,Component,failed:ToDae,unresolved function call: Modelica.Media.Interfaces.PartialMedium.setState_phX,Fluid,0.335,,,,,,,,,,,,,,false,0,
Modelica.Fluid.Sensors.DensityTwoPort,Component,failed:ToDae,unresolved function call: Modelica.Media.Interfaces.PartialMedium.setState_phX,Fluid,0.368,,,,,,,,,,,,,,false,0,
Modelica.Fluid.Sensors.MassFlowRate,Component,success,,Fluid,0.323,7,0,10,0,23,singular,singular,,,,0,2,0,false,1,0
Modelica.Fluid.Sensors.MassFractions,Component,failed:ToDae,unresolved function call: Modelica.Media.Interfaces.PartialMedium.setState_pTX,Fluid,0.328,,,,,,,,,,,,,,false,0,
Modelica.Fluid.Sensors.MassFractionsTwoPort,Component,success,,Fluid,0.354,7,0,10,0,25,singular,singular,,,,0,2,0,false,1,3
Modelica.Fluid.Sensors.Pressure,Component,failed:ToDae,unresolved function call: Modelica.Media.Interfaces.PartialMedium.setState_pTX,Fluid,0.320,,,,,,,,,,,,,,false,0,
Modelica.Fluid.Sensors.RelativePressure,Component,failed:ToDae,unresolved function call: Modelica.Media.Interfaces.PartialMedium.setState_pTX,Fluid,0.302,,,,,,,,,,,,,,false,0,
Modelica.Fluid.Sensors.RelativeTemperature,Component,failed:ToDae,unresolved function call: Modelica.Media.Interfaces.PartialMedium.setState_phX,Fluid,0.377,,,,,,,,,,,,,,false,0,
Modelica.Fluid.Sensors.SpecificEnthalpy,Component,failed:ToDae,unresolved function call: Modelica.Media.Interfaces.PartialMedium.setState_pTX,Fluid,0.294,,,,,,,,,,,,,,false,0,
Modelica.Fluid.Sensors.SpecificEnthalpyTwoPort,Component,success,,Fluid,0.343,7,0,10,0,23,singular,singular,,,,0,2,0,false,1,1
Modelica.Fluid.Sensors.SpecificEntropy,Component,failed:ToDae,unresolved function call: Modelica.Media.Interfaces.PartialMedium.setState_phX,Fluid,0.378,,,,,,,,,,,,,,false,0,
Modelica.Fluid.Sensors.SpecificEntropyTwoPort,Component,failed:ToDae,unresolved function call: Modelica.Media.Interfaces.PartialMedium.setState_phX,Fluid,0.372,,,,,,,,,,,,,,false,0,
Modelica.Fluid.Sensors.Temperature,Component,failed:ToDae,unresolved function call: Modelica.Media.Interfaces.PartialMedium.setState_phX,Fluid,0.322,,,,,,,,,,,,,,false,0,
Modelica.Fluid.Sensors.TemperatureTwoPort,Component,failed:ToDae,unresolved function call: Modelica.Media.Interfaces.PartialMedium.setState_phX,Fluid,0.416,,,,,,,,,,,,,,false,0,
Modelica.Fluid.Sensors.TraceSubstances,Component,failed:ToDae,unresolved function call: Modelica.Media.Interfaces.PartialMedium.setState_pTX,Fluid,0.312,,,,,,,,,,,,,,false,0,
Modelica.Fluid.Sensors.TraceSubstancesTwoPort,Component,failed:ToDae,"unsupported initial algorithm in solver-facing DAE: algorithm from  (statement=ForRangeEndNotConstant(BuiltinCall { function: Size, args: [BuiltinCall { function: Fill, args: [Literal { value: String(",Fluid,0.326,,,,,,,,,,,,,,false,0,
Modelica.Fluid.Sensors.VolumeFlowRate,Component,failed:ToDae,unresolved function call: Modelica.Media.Interfaces.PartialMedium.setState_phX,Fluid,0.403,,,,,,,,,,,,,,false,0,
Modelica.Fluid.Sources.BaseClasses.PartialFlowSource,BaseClasses,success,,Fluid,0.310,3,0,8,0,4,singular,singular,,,,0,0,0,false,1,2
Modelica.Fluid.Sources.BaseClasses.PartialSource,BaseClasses,success,,Fluid,0.298,3,0,8,0,4,singular,singular,,,,0,0,0,false,1,2
Modelica.Fluid.Sources.Boundary_pT,Component,failed:Instantiate,cannot instantiate partial class `Medium.BaseProperties` for component `medium`,Fluid,0.049,,,,,,,,,,,,,,false,0,
Modelica.Fluid.Sources.Boundary_ph,Component,failed:Instantiate,cannot instantiate partial class `Medium.BaseProperties` for component `medium`,Fluid,0.036,,,,,,,,,,,,,,false,0,
Modelica.Fluid.Sources.FixedBoundary,Component,failed:Instantiate,cannot instantiate partial class `Medium.BaseProperties` for component `medium`,Fluid,0.036,,,,,,,,,,,,,,false,0,
Modelica.Fluid.Sources.MassFlowSource_T,Component,failed:Instantiate,cannot instantiate partial class `Medium.BaseProperties` for component `medium`,Fluid,0.035,,,,,,,,,,,,,,false,0,
Modelica.Fluid.Sources.MassFlowSource_h,Component,failed:Instantiate,cannot instantiate partial class `Medium.BaseProperties` for component `medium`,Fluid,0.036,,,,,,,,,,,,,,false,0,
Modelica.Fluid.System,Component,success,,Fluid,0.281,0,0,0,0,17,error:empty system: no equations or unknowns,,,,,0,0,0,false,0,0
Modelica.Fluid.UsersGuide.BuildingSystemModels.CustomizingModel,Component,success,,Fluid,0.274,0,0,0,0,0,error:empty system: no equations or unknowns,,,,,0,0,0,false,0,0
Modelica.Fluid.UsersGuide.BuildingSystemModels.MediumDefinition,Component,success,,Fluid,0.267,0,0,0,0,0,error:empty system: no equations or unknowns,,,,,0,0,0,false,0,0
Modelica.Fluid.UsersGuide.BuildingSystemModels.SystemComponent,Component,success,,Fluid,0.264,0,0,0,0,0,error:empty system: no equations or unknowns,,,,,0,0,0,false,0,0
Modelica.Fluid.UsersGuide.ComponentDefinition.BalanceEquations,Component,success,,Fluid,0.323,0,0,0,0,0,error:empty system: no equations or unknowns,,,,,0,0,0,false,0,0
Modelica.Fluid.UsersGuide.ComponentDefinition.FluidConnectors,Component,success,,Fluid,0.268,0,0,0,0,0,error:empty system: no equations or unknowns,,,,,0,0,0,false,0,0
Modelica.Fluid.UsersGuide.ComponentDefinition.RegularizingCharacteristics,Component,success,,Fluid,0.260,0,0,0,0,0,error:empty system: no equations or unknowns,,,,,0,0,0,false,0,0
Modelica.Fluid.UsersGuide.ComponentDefinition.UpstreamDiscretization,Component,success,,Fluid,0.267,0,0,0,0,0,error:empty system: no equations or unknowns,,,,,0,0,0,false,0,0
Modelica.Fluid.UsersGuide.ComponentDefinition.ValveCharacteristics,Component,success,,Fluid,0.272,0,0,0,0,0,error:empty system: no equations or unknowns,,,,,0,0,0,false,0,0
Modelica.Fluid.UsersGuide.ComponentDefinition.WallFriction,Component,success,,Fluid,0.250,0,0,0,0,0,error:empty system: no equations or unknowns,,,,,0,0,0,false,0,0
Modelica.Fluid.UsersGuide.Contact,Component,success,,Fluid,0.278,0,0,0,0,0,error:empty system: no equations or unknowns,,,,,0,0,0,false,0,0
Modelica.Fluid.UsersGuide.GettingStarted,Component,success,,Fluid,0.254,0,0,0,0,0,error:empty system: no equations or unknowns,,,,,0,0,0,false,0,0
Modelica.Fluid.UsersGuide.Overview,Component,success,,Fluid,0.262,0,0,0,0,0,error:empty system: no equations or unknowns,,,,,0,0,0,false,0,0
Modelica.Fluid.UsersGuide.ReleaseNotes,Component,success,,Fluid,0.279,0,0,0,0,0,error:empty system: no equations or unknowns,,,,,0,0,0,false,0,0
Modelica.Fluid.Valves.BaseClasses.PartialValve,BaseClasses,failed:ToDae,unresolved function call: Modelica.Media.Interfaces.PartialMedium.setState_phX,Fluid,0.473,,,,,,,,,,,,,,false,0,
Modelica.Fluid.Valves.BaseClasses.PartialValve.MinLimiter,BaseClasses,success,,Fluid,0.260,1,0,0,0,1,ok,,1,0,0,0,0,0,false,0,0
Modelica.Fluid.Valves.ValveCompressible,Component,failed:ToDae,unresolved function call: Modelica.Media.Interfaces.PartialMedium.setState_phX,Fluid,0.600,,,,,,,,,,,,,,false,0,
Modelica.Fluid.Valves.ValveDiscrete,Component,failed:ToDae,unresolved function call: Modelica.Media.Interfaces.PartialMedium.setState_phX,Fluid,0.391,,,,,,,,,,,,,,false,0,
Modelica.Fluid.Valves.ValveDiscreteRamp,Component,failed:ToDae,unresolved function call: Modelica.Media.Interfaces.PartialMedium.setState_phX,Fluid,0.372,,,,,,,,,,,,,,false,0,
Modelica.Fluid.Valves.ValveIncompressible,Component,failed:ToDae,unresolved function call: Modelica.Media.Interfaces.PartialMedium.setState_phX,Fluid,0.541,,,,,,,,,,,,,,false,0,
Modelica.Fluid.Valves.ValveLinear,Component,failed:ToDae,unresolved function call: Modelica.Media.Interfaces.PartialMedium.setState_phX,Fluid,0.386,,,,,,,,,,,,,,false,0,
Modelica.Fluid.Valves.ValveVaporizing,Component,success,,Fluid,0.993,30,0,32,3,43,singular,singular,,,,2,2,0,false,1,91
Modelica.Fluid.Vessels.BaseClasses.HeatTransfer.ConstantHeatTransfer,BaseClasses,failed:ToDae,unresolved reference: states,Fluid,0.347,,,,,,,,,,,,,,false,0,
Modelica.Fluid.Vessels.BaseClasses.HeatTransfer.IdealHeatTransfer,BaseClasses,failed:ToDae,unresolved reference: states,Fluid,0.336,,,,,,,,,,,,,,false,0,
Modelica.Fluid.Vessels.BaseClasses.HeatTransfer.PartialVesselHeatTransfer,BaseClasses,failed:ToDae,unresolved reference: states,Fluid,0.319,,,,,,,,,,,,,,false,0,
Modelica.Fluid.Vessels.BaseClasses.PartialLumpedVessel,BaseClasses,failed:Flatten,"inconsistent resolved function reference: rendered `Modelica.Media.Interfaces.PartialMedium.specificEnthalpy_pTX`, structured `specificEnthalpy_pTX`",Fluid,0.513,,,,,,,,,,,,,,false,0,
Modelica.Fluid.Vessels.BaseClasses.PartialLumpedVessel.HeatTransfer,BaseClasses,failed:ToDae,unresolved reference: states,Fluid,0.325,,,,,,,,,,,,,,false,0,
Modelica.Fluid.Vessels.ClosedVolume,Component,failed:Instantiate,cannot instantiate partial class `Medium.BaseProperties` for component `medium`,Fluid,0.043,,,,,,,,,,,,,,false,0,
Modelica.Fluid.Vessels.OpenTank,Component,failed:Instantiate,cannot instantiate partial class `Medium.BaseProperties` for component `medium`,Fluid,0.048,,,,,,,,,,,,,,false,0,
Modelica.Icons.Contact,Icons,success,,Icons,0.252,0,0,0,0,0,error:empty system: no equations or unknowns,,,,,0,0,0,false,0,0
Modelica.Icons.Example,Icons,success,,Icons,0.264,0,0,0,0,0,error:empty system: no equations or unknowns,,,,,0,0,0,false,0,0
Modelica.Icons.Information,Icons,success,,Icons,0.274,0,0,0,0,0,error:empty system: no equations or unknowns,,,,,0,0,0,false,0,0
Modelica.Icons.MaterialProperty,Icons,success,,Icons,0.262,0,0,0,0,0,error:empty system: no equations or unknowns,,,,,0,0,0,false,0,0
Modelica.Icons.ObsoleteModel,Icons,success,,Icons,0.266,0,0,0,0,0,error:empty system: no equations or unknowns,,,,,0,0,0,false,0,0
Modelica.Icons.RectangularSensor,Icons,success,,Icons,0.296,0,0,0,0,0,error:empty system: no equations or unknowns,,,,,0,0,0,false,0,0
Modelica.Icons.References,Icons,success,,Icons,0.268,0,0,0,0,0,error:empty system: no equations or unknowns,,,,,0,0,0,false,0,0
Modelica.Icons.ReleaseNotes,Icons,success,,Icons,0.248,0,0,0,0,0,error:empty system: no equations or unknowns,,,,,0,0,0,false,0,0
Modelica.Icons.RoundSensor,Icons,success,,Icons,0.256,0,0,0,0,0,error:empty system: no equations or unknowns,,,,,0,0,0,false,0,0
Modelica.Icons.UnderConstruction,Icons,success,,Icons,0.258,0,0,0,0,0,error:empty system: no equations or unknowns,,,,,0,0,0,false,0,0
Modelica.Magnetic.FluxTubes.BaseClasses.FixedShape,BaseClasses,success,,Magnetic,0.284,11,0,13,0,8,singular,singular,,,,0,2,0,false,1,0
Modelica.Magnetic.FluxTubes.BaseClasses.Force,BaseClasses,success,,Magnetic,0.298,12,0,14,0,3,singular,singular,,,,0,3,0,false,1,0
Modelica.Magnetic.FluxTubes.BaseClasses.Generic,BaseClasses,success,,Magnetic,0.288,5,0,6,0,3,singular,singular,,,,0,2,0,false,1,0
Modelica.Magnetic.FluxTubes.BaseClasses.GenericHysteresis,BaseClasses,success,,Magnetic,0.287,15,3,9,0,9,singular,singular,,,,0,2,0,false,1,0
Modelica.Magnetic.FluxTubes.BaseClasses.GenericHysteresisTellinen,BaseClasses,success,,Magnetic,0.276,19,3,14,2,11,singular,singular,,,,0,2,0,false,1,0
Modelica.Magnetic.FluxTubes.BaseClasses.Leakage,BaseClasses,success,,Magnetic,0.274,7,0,8,0,0,singular,singular,,,,0,2,0,false,1,0
Modelica.Magnetic.FluxTubes.Basic.ConstantPermeance,Component,success,,Magnetic,0.260,6,0,6,0,1,singular,singular,,,,0,2,0,false,1,0
Modelica.Magnetic.FluxTubes.Basic.ConstantReluctance,Component,success,,Magnetic,0.274,6,0,6,0,1,singular,singular,,,,0,2,0,false,1,0
Modelica.Magnetic.FluxTubes.Basic.Crossing,Component,success,,Magnetic,0.260,8,0,8,0,0,singular,singular,,,,2,6,0,false,1,0
Modelica.Magnetic.FluxTubes.Basic.EddyCurrent,Component,success,,Magnetic,0.286,8,1,7,0,8,singular,singular,,,,0,2,0,false,1,0
Modelica.Magnetic.FluxTubes.Basic.ElectroMagneticConverter,Component,success,,Magnetic,0.267,15,1,14,0,1,singular,singular,,,,0,4,0,false,1,0
Modelica.Magnetic.FluxTubes.Basic.ElectroMagneticConverterWithLeakageInductance,Component,success,,Magnetic,0.287,16,1,15,0,5,singular,singular,,,,0,4,0,false,1,0
Modelica.Magnetic.FluxTubes.Basic.Ground,Component,success,,Magnetic,0.247,2,0,2,0,0,ok,,2,0,0,0,1,0,false,1,0
Modelica.Magnetic.FluxTubes.Basic.Idle,Component,success,,Magnetic,0.276,6,0,6,0,0,singular,singular,,,,0,2,0,false,1,0
Modelica.Magnetic.FluxTubes.Basic.LeakageWithCoefficient,Component,success,,Magnetic,0.287,8,0,8,0,1,singular,singular,,,,0,2,0,false,1,0
Modelica.Magnetic.FluxTubes.Basic.Short,Component,success,,Magnetic,0.266,4,0,4,0,0,singular,singular,,,,1,3,0,false,1,0
Modelica.Magnetic.FluxTubes.Basic.VariablePermeance,Component,success,,Magnetic,0.265,6,0,6,0,0,singular,singular,,,,0,2,0,false,1,0
Modelica.Magnetic.FluxTubes.Basic.VariableReluctance,Component,success,,Magnetic,0.274,6,0,6,0,0,singular,singular,,,,0,2,0,false,1,0
Modelica.Magnetic.FluxTubes.Examples.BasicExamples.QuadraticCoreAirgap,Examples,success,,Magnetic,0.552,128,2,122,1,74,singular,singular,,,,18,12,0,false,2,0
Modelica.Magnetic.FluxTubes.Examples.BasicExamples.SaturatedInductor,Examples,success,,Magnetic,0.516,66,1,64,1,42,ok,,43,1,24,10,6,0,false,2,1
Modelica.Magnetic.FluxTubes.Examples.BasicExamples.ToroidalCoreAirgap,Examples,success,,Magnetic,0.400,79,2,74,1,40,singular,singular,,,,12,9,0,false,2,0
Modelica.Magnetic.FluxTubes.Examples.BasicExamples.ToroidalCoreQuadraticCrossSection,Examples,success,,Magnetic,0.407,79,2,74,1,43,singular,singular,,,,12,9,0,false,2,0
Modelica.Magnetic.FluxTubes.Examples.Hysteresis.Components.Transformer1PhaseWithHysteresis,Examples,success,,Magnetic,0.611,108,5,86,2,84,singular,singular,,,,12,14,0,false,2,1
Modelica.Magnetic.FluxTubes.Examples.Hysteresis.Components.Transformer3PhaseYyWithHysteresis,Examples,success,,Magnetic,2.547,312,15,249,4,183,singular,singular,,,,37,31,0,false,2,1
Modelica.Magnetic.FluxTubes.Examples.Hysteresis.HysteresisModelComparison,Examples,success,,Magnetic,1.449,181,18,147,26,141,singular,singular,,,,25,15,0,false,2,11
Modelica.Magnetic.FluxTubes.Examples.Hysteresis.InductorWithHysteresis,Examples,success,,Magnetic,0.475,62,4,53,2,45,singular,singular,,,,7,5,0,false,2,2
Modelica.Magnetic.FluxTubes.Examples.Hysteresis.SinglePhaseTransformerWithHysteresis1,Examples,success,,Magnetic,0.756,88,5,76,2,79,singular,singular,,,,11,8,0,false,2,8
Modelica.Magnetic.FluxTubes.Examples.Hysteresis.SinglePhaseTransformerWithHysteresis2,Examples,success,,Magnetic,0.761,135,5,112,2,107,singular,singular,,,,19,15,0,false,3,2
Modelica.Magnetic.FluxTubes.Examples.Hysteresis.ThreePhaseTransformerWithRectifier,Examples,success,,Magnetic,5.992,480,23,391,10,344,singular,singular,,,,70,39,0,false,3,6
Modelica.Magnetic.FluxTubes.Examples.MovingCoilActuator.ArmatureStroke,Examples,success,,Magnetic,1.297,244,15,227,5,132,singular,ok,63,3,7,43,31,0,false,4,1
Modelica.Magnetic.FluxTubes.Examples.MovingCoilActuator.Components.ConstantActuator,Examples,success,,Magnetic,0.381,82,6,76,3,45,singular,singular,,,,13,14,0,false,3,0
Modelica.Magnetic.FluxTubes.Examples.MovingCoilActuator.Components.PermeanceActuator,Examples,success,,Magnetic,0.589,131,5,126,3,71,singular,singular,,,,22,15,0,false,3,1
Modelica.Magnetic.FluxTubes.Examples.MovingCoilActuator.ForceCurrentBehaviour,Examples,success,,Magnetic,1.304,241,11,226,5,150,singular,singular,,,,45,30,0,false,4,8
Modelica.Magnetic.FluxTubes.Examples.MovingCoilActuator.ForceStrokeBehaviour,Examples,success,,Magnetic,0.770,151,5,142,3,96,singular,singular,,,,28,15,0,false,4,8
Modelica.Magnetic.FluxTubes.Examples.SolenoidActuator.ComparisonPullInStroke,Examples,success,,Magnetic,5.329,526,17,504,7,371,singular,ok,83,5,24,76,48,0,false,4,9
Modelica.Magnetic.FluxTubes.Examples.SolenoidActuator.ComparisonQuasiStatic,Examples,success,,Magnetic,5.305,526,17,503,5,370,singular,ok,83,3,24,79,46,0,false,4,8
Modelica.Magnetic.FluxTubes.Examples.SolenoidActuator.Components.AdvancedSolenoid,Examples,success,,Magnetic,1.489,290,8,282,3,187,singular,singular,,,,41,26,0,false,3,1
Modelica.Magnetic.FluxTubes.Examples.SolenoidActuator.Components.SimpleSolenoid,Examples,success,,Magnetic,0.963,200,5,195,3,142,singular,singular,,,,27,20,0,false,3,1
Modelica.Magnetic.FluxTubes.Examples.Utilities.TranslatoryArmatureAndStopper,Examples,success,,Magnetic,0.313,42,4,38,3,28,singular,ok,18,0,0,6,6,0,false,2,0
Modelica.Magnetic.FluxTubes.Icons.Cuboid,Icons,success,,Magnetic,0.262,0,0,0,0,0,error:empty system: no equations or unknowns,,,,,0,0,0,false,0,0
Modelica.Magnetic.FluxTubes.Icons.HollowCylinderAxialFlux,Icons,success,,Magnetic,0.265,0,0,0,0,0,error:empty system: no equations or unknowns,,,,,0,0,0,false,0,0
Modelica.Magnetic.FluxTubes.Icons.HollowCylinderCircumferentialFlux,Icons,success,,Magnetic,0.275,0,0,0,0,0,error:empty system: no equations or unknowns,,,,,0,0,0,false,0,0
Modelica.Magnetic.FluxTubes.Icons.HollowCylinderRadialFlux,Icons,success,,Magnetic,0.247,0,0,0,0,0,error:empty system: no equations or unknowns,,,,,0,0,0,false,0,0
Modelica.Magnetic.FluxTubes.Icons.Reluctance,Icons,success,,Magnetic,0.290,0,0,0,0,0,error:empty system: no equations or unknowns,,,,,0,0,0,false,0,0
Modelica.Magnetic.FluxTubes.Icons.Toroid,Icons,success,,Magnetic,0.277,0,0,0,0,0,error:empty system: no equations or unknowns,,,,,0,0,0,false,0,0
Modelica.Magnetic.FluxTubes.Interfaces.ConditionalHeatPort,Interfaces,success,,Magnetic,0.250,1,0,2,0,2,singular,singular,,,,0,0,0,false,0,0
Modelica.Magnetic.FluxTubes.Interfaces.TwoPort,Interfaces,success,,Magnetic,0.281,5,0,6,0,0,singular,singular,,,,0,2,0,false,1,0
Modelica.Magnetic.FluxTubes.Interfaces.TwoPortElementary,Interfaces,success,,Magnetic,0.272,2,0,4,0,0,singular,singular,,,,0,2,0,false,1,0
Modelica.Magnetic.FluxTubes.Interfaces.TwoPortExtended,Interfaces,success,,Magnetic,0.257,4,0,6,0,0,singular,singular,,,,0,2,0,false,1,0
Modelica.Magnetic.FluxTubes.Sensors.MagneticFluxSensor,Component,success,,Magnetic,0.297,5,0,4,0,0,singular,singular,,,,0,2,0,false,1,0
Modelica.Magnetic.FluxTubes.Sensors.MagneticPotentialDifferenceSensor,Component,success,,Magnetic,0.274,6,0,5,0,0,singular,singular,,,,0,2,0,false,1,0
Modelica.Magnetic.FluxTubes.Shapes.FixedShape.Cuboid,Component,success,,Magnetic,0.277,13,0,13,0,11,singular,singular,,,,0,2,0,false,1,0
Modelica.Magnetic.FluxTubes.Shapes.FixedShape.GenericFluxTube,Component,success,,Magnetic,0.272,13,0,13,0,10,singular,singular,,,,0,2,0,false,1,0
Modelica.Magnetic.FluxTubes.Shapes.FixedShape.HollowCylinderAxialFlux,Component,success,,Magnetic,0.271,13,0,13,0,12,singular,singular,,,,0,2,0,false,1,0
Modelica.Magnetic.FluxTubes.Shapes.FixedShape.HollowCylinderCircumferentialFlux,Component,success,,Magnetic,0.275,13,0,13,0,12,singular,singular,,,,0,2,0,false,1,0
Modelica.Magnetic.FluxTubes.Shapes.FixedShape.HollowCylinderRadialFlux,Component,success,,Magnetic,0.303,13,0,13,0,12,singular,singular,,,,0,2,0,false,1,1
Modelica.Magnetic.FluxTubes.Shapes.FixedShape.Toroid,Component,success,,Magnetic,0.303,13,0,13,0,11,singular,singular,,,,0,2,0,false,1,0
Modelica.Magnetic.FluxTubes.Shapes.Force.CuboidOrthogonalFlux,Component,success,,Magnetic,0.270,17,0,17,0,5,singular,singular,,,,0,3,0,false,1,0
Modelica.Magnetic.FluxTubes.Shapes.Force.CuboidParallelFlux,Component,success,,Magnetic,0.282,16,0,16,0,6,singular,singular,,,,0,3,0,false,1,0
Modelica.Magnetic.FluxTubes.Shapes.Force.HollowCylinderAxialFlux,Component,success,,Magnetic,0.263,16,0,16,0,6,singular,singular,,,,0,3,0,false,1,0
Modelica.Magnetic.FluxTubes.Shapes.Force.HollowCylinderRadialFlux,Component,success,,Magnetic,0.286,17,0,17,0,5,singular,singular,,,,0,3,0,false,1,1
Modelica.Magnetic.FluxTubes.Shapes.Force.LeakageAroundPoles,Component,success,,Magnetic,0.337,15,0,15,0,5,singular,singular,,,,0,3,0,false,1,1
Modelica.Magnetic.FluxTubes.Shapes.HysteresisAndMagnets.GenericHystPreisachEverett,Component,success,,Magnetic,0.348,26,9,13,19,36,singular,singular,,,,0,2,0,false,1,2
Modelica.Magnetic.FluxTubes.Shapes.HysteresisAndMagnets.GenericHystTellinenEverett,Component,success,,Magnetic,0.326,26,3,19,2,24,singular,singular,,,,0,2,0,false,1,1
Modelica.Magnetic.FluxTubes.Shapes.HysteresisAndMagnets.GenericHystTellinenHard,Component,success,,Magnetic,0.288,23,3,16,2,17,singular,singular,,,,0,2,0,false,1,0
Modelica.Magnetic.FluxTubes.Shapes.HysteresisAndMagnets.GenericHystTellinenPermanentMagnet,Component,success,,Magnetic,0.295,21,3,14,2,17,singular,singular,,,,0,2,0,false,1,0
Modelica.Magnetic.FluxTubes.Shapes.HysteresisAndMagnets.GenericHystTellinenSoft,Component,success,,Magnetic,0.285,21,3,14,2,18,singular,singular,,,,0,2,0,false,1,1
Modelica.Magnetic.FluxTubes.Shapes.HysteresisAndMagnets.GenericHystTellinenTable,Component,success,,Magnetic,0.730,25,3,16,2,48,singular,singular,,,,0,2,0,false,1,7
Modelica.Magnetic.FluxTubes.Shapes.HysteresisAndMagnets.GenericLinearPermanentMagnet,Component,success,,Magnetic,0.288,8,0,6,0,11,singular,singular,,,,0,2,0,false,1,0
Modelica.Magnetic.FluxTubes.Shapes.Leakage.CoaxCylindersEndFaces,Component,success,,Magnetic,0.285,8,0,8,0,5,singular,singular,,,,0,2,0,false,1,1
Modelica.Magnetic.FluxTubes.Shapes.Leakage.EighthOfHollowSphere,Component,success,,Magnetic,0.282,8,0,8,0,1,singular,singular,,,,0,2,0,false,1,0
Modelica.Magnetic.FluxTubes.Shapes.Leakage.EighthOfSphere,Component,success,,Magnetic,0.261,8,0,8,0,1,singular,singular,,,,0,2,0,false,1,0
Modelica.Magnetic.FluxTubes.Shapes.Leakage.HalfCylinder,Component,success,,Magnetic,0.265,8,0,8,0,1,singular,singular,,,,0,2,0,false,1,0
Modelica.Magnetic.FluxTubes.Shapes.Leakage.HalfHollowCylinder,Component,success,,Magnetic,0.303,8,0,8,0,2,singular,singular,,,,0,2,0,false,1,1
Modelica.Magnetic.FluxTubes.Shapes.Leakage.QuarterCylinder,Component,success,,Magnetic,0.277,8,0,8,0,1,singular,singular,,,,0,2,0,false,1,0
Modelica.Magnetic.FluxTubes.Shapes.Leakage.QuarterHollowCylinder,Component,success,,Magnetic,0.278,8,0,8,0,2,singular,singular,,,,0,2,0,false,1,1
Modelica.Magnetic.FluxTubes.Shapes.Leakage.QuarterHollowSphere,Component,success,,Magnetic,0.264,8,0,8,0,1,singular,singular,,,,0,2,0,false,1,0
Modelica.Magnetic.FluxTubes.Shapes.Leakage.QuarterSphere,Component,success,,Magnetic,0.267,8,0,8,0,1,singular,singular,,,,0,2,0,false,1,0
Modelica.Magnetic.FluxTubes.Sources.ConstantMagneticFlux,Component,success,,Magnetic,0.257,5,0,5,0,1,singular,singular,,,,0,2,0,false,1,0
Modelica.Magnetic.FluxTubes.Sources.ConstantMagneticPotentialDifference,Component,success,,Magnetic,0.300,5,0,5,0,1,singular,singular,,,,0,2,0,false,1,0
Modelica.Magnetic.FluxTubes.Sources.SignalMagneticFlux,Component,success,,Magnetic,0.260,5,0,5,0,0,singular,singular,,,,0,2,0,false,1,0
Modelica.Magnetic.FluxTubes.Sources.SignalMagneticPotentialDifference,Component,success,,Magnetic,0.249,5,0,5,0,0,singular,singular,,,,0,2,0,false,1,0
Modelica.Magnetic.FluxTubes.UsersGuide.Contact,Component,success,,Magnetic,0.258,0,0,0,0,0,error:empty system: no equations or unknowns,,,,,0,0,0,false,0,0
Modelica.Magnetic.FluxTubes.UsersGuide.FluxTubeConcept,Component,success,,Magnetic,0.245,0,0,0,0,0,error:empty system: no equations or unknowns,,,,,0,0,0,false,0,0
Modelica.Magnetic.FluxTubes.UsersGuide.Hysteresis.DynamicHysteresis,Component,success,,Magnetic,0.249,0,0,0,0,0,error:empty system: no equations or unknowns,,,,,0,0,0,false,0,0
Modelica.Magnetic.FluxTubes.UsersGuide.Hysteresis.HysteresisLosses,Component,success,,Magnetic,0.292,0,0,0,0,0,error:empty system: no equations or unknowns,,,,,0,0,0,false,0,0
Modelica.Magnetic.FluxTubes.UsersGuide.Hysteresis.StaticHysteresis.Preisach,Component,success,,Magnetic,0.264,0,0,0,0,0,error:empty system: no equations or unknowns,,,,,0,0,0,false,0,0
Modelica.Magnetic.FluxTubes.UsersGuide.Hysteresis.StaticHysteresis.Tellinen,Component,success,,Magnetic,0.249,0,0,0,0,0,error:empty system: no equations or unknowns,,,,,0,0,0,false,0,0
Modelica.Magnetic.FluxTubes.UsersGuide.Literature,Component,success,,Magnetic,0.264,0,0,0,0,0,error:empty system: no equations or unknowns,,,,,0,0,0,false,0,0
Modelica.Magnetic.FluxTubes.UsersGuide.ReleaseNotes,Component,success,,Magnetic,0.256,0,0,0,0,0,error:empty system: no equations or unknowns,,,,,0,0,0,false,0,0
Modelica.Magnetic.FluxTubes.UsersGuide.ReluctanceForceCalculation,Component,success,,Magnetic,0.262,0,0,0,0,0,error:empty system: no equations or unknowns,,,,,0,0,0,false,0,0
Modelica.Magnetic.FundamentalWave.BaseClasses.Machine,BaseClasses,success,,Magnetic,5.482,461,16,430,0,149,singular,singular,,,,109,96,0,true,5,16
Modelica.Magnetic.FundamentalWave.BasicMachines.Components.PermanentMagnet,Component,success,,Magnetic,0.347,20,1,22,0,11,singular,singular,,,,0,6,0,false,2,6
Modelica.Magnetic.FundamentalWave.BasicMachines.Components.RotorSaliencyAirGap,Component,success,,Magnetic,0.318,27,0,36,0,5,singular,singular,,,,0,10,0,false,2,6
Modelica.Magnetic.FundamentalWave.BasicMachines.Components.SaliencyCageWinding,Component,success,,Magnetic,0.857,134,4,133,0,49,singular,singular,,,,31,28,0,true,4,12
Modelica.Magnetic.FundamentalWave.BasicMachines.Components.SinglePhaseWinding,Component,success,,Magnetic,0.397,64,2,67,0,20,singular,singular,,,,11,13,0,false,3,12
Modelica.Magnetic.FundamentalWave.BasicMachines.Components.SymmetricPolyphaseCageWinding,Component,success,,Magnetic,1.209,176,6,177,0,63,singular,singular,,,,43,38,0,true,4,13
Modelica.Magnetic.FundamentalWave.BasicMachines.Components.SymmetricPolyphaseWinding,Component,success,,Magnetic,1.888,260,9,256,0,74,singular,singular,,,,54,48,0,true,4,13
Modelica.Magnetic.FundamentalWave.BasicMachines.InductionMachines.IM_SlipRing,Component,success,,Magnetic,35.966,799,25,749,0,253,singular,singular,,,,194,166,0,true,5,16
Modelica.Magnetic.FundamentalWave.BasicMachines.InductionMachines.IM_SquirrelCage,Component,success,,Magnetic,21.391,673,22,636,0,221,singular,singular,,,,167,140,0,true,5,16
Modelica.Magnetic.FundamentalWave.BasicMachines.SynchronousMachines.SM_ElectricalExcited,Component,failed:ToDae,"unbalanced model: 774 equations, 773 unknowns (balance = 1)",Magnetic,2.191,,,,,,,,,,,,,,false,0,
Modelica.Magnetic.FundamentalWave.BasicMachines.SynchronousMachines.SM_PermanentMagnet,Component,failed:ToDae,"unbalanced model: 705 equations, 704 unknowns (balance = 1)",Magnetic,2.053,,,,,,,,,,,,,,false,0,
Modelica.Magnetic.FundamentalWave.BasicMachines.SynchronousMachines.SM_ReluctanceRotor,Component,failed:ToDae,"unbalanced model: 667 equations, 666 unknowns (balance = 1)",Magnetic,1.987,,,,,,,,,,,,,,false,0,
Modelica.Magnetic.FundamentalWave.Components.Crossing,Component,success,,Magnetic,0.299,16,0,16,0,0,singular,singular,,,,4,12,0,false,2,0
Modelica.Magnetic.FundamentalWave.Components.EddyCurrent,Component,success,,Magnetic,0.310,17,2,16,0,3,singular,singular,,,,0,4,0,false,2,5
Modelica.Magnetic.FundamentalWave.Components.Ground,Component,success,,Magnetic,0.251,4,0,4,0,0,ok,,4,0,0,0,2,0,false,2,1
Modelica.Magnetic.FundamentalWave.Components.Idle,Component,success,,Magnetic,0.300,15,0,16,0,0,singular,singular,,,,0,4,0,false,2,5
Modelica.Magnetic.FundamentalWave.Components.Permeance,Component,success,,Magnetic,0.305,15,0,16,0,2,singular,singular,,,,0,4,0,false,2,5
Modelica.Magnetic.FundamentalWave.Components.PolyphaseElectroMagneticConverter,Component,success,,Magnetic,0.425,88,6,90,0,19,singular,singular,,,,14,24,0,true,3,11
Modelica.Magnetic.FundamentalWave.Components.Reluctance,Component,success,,Magnetic,0.325,15,0,16,0,2,singular,singular,,,,0,4,0,false,2,5
Modelica.Magnetic.FundamentalWave.Components.Short,Component,success,,Magnetic,0.274,8,0,8,0,0,singular,singular,,,,2,6,0,false,2,0
Modelica.Magnetic.FundamentalWave.Components.SinglePhaseElectroMagneticConverter,Component,success,,Magnetic,0.313,18,2,20,0,4,singular,singular,,,,0,6,0,false,2,11
Modelica.Magnetic.FundamentalWave.Examples.BasicMachines.InductionMachines.ComparisonPolyphase.IMC_DOL_CommonLeakage,Examples,success,,Magnetic,11.483,3415,99,3160,17,1012,singular,skipped:too-large,,,,942,760,0,true,6,16
Modelica.Magnetic.FundamentalWave.Examples.BasicMachines.InductionMachines.ComparisonPolyphase.IMC_DOL_Polyphase,Examples,success,,Magnetic,8.930,2101,58,1937,27,780,singular,skipped:too-large,,,,571,464,0,true,6,16
Modelica.Magnetic.FundamentalWave.Examples.BasicMachines.InductionMachines.ComparisonPolyphase.IMS_Start_Polyphase,Examples,success,,Magnetic,11.469,2747,64,2537,45,1020,singular,skipped:too-large,,,,759,612,0,true,6,17
Modelica.Magnetic.FundamentalWave.Examples.BasicMachines.InductionMachines.IMC_Conveyor,Examples,success,,Magnetic,4.121,833,26,774,3,335,singular,skipped:too-large,,,,232,182,0,true,6,24
Modelica.Magnetic.FundamentalWave.Examples.BasicMachines.InductionMachines.IMC_DOL,Examples,success,,Magnetic,6.627,1291,40,1146,11,519,singular,skipped:too-large,,,,361,291,0,true,6,17
Modelica.Magnetic.FundamentalWave.Examples.BasicMachines.InductionMachines.IMC_Initialize,Examples,success,,Magnetic,3.851,815,28,753,1,334,singular,skipped:too-large,,,,225,179,0,true,6,16
Modelica.Magnetic.FundamentalWave.Examples.BasicMachines.InductionMachines.IMC_Inverter,Examples,success,,Magnetic,3.316,814,25,757,1,307,singular,skipped:too-large,,,,228,179,0,true,6,16
Modelica.Magnetic.FundamentalWave.Examples.BasicMachines.InductionMachines.IMC_Steinmetz,Examples,success,,Magnetic,3.756,834,28,777,7,326,singular,skipped:too-large,,,,229,173,0,true,6,16
Modelica.Magnetic.FundamentalWave.Examples.BasicMachines.InductionMachines.IMC_Transformer,Examples,success,,Magnetic,6.156,1254,31,1139,18,508,singular,skipped:too-large,,,,342,289,0,true,6,18
Modelica.Magnetic.FundamentalWave.Examples.BasicMachines.InductionMachines.IMC_YD,Examples,success,,Magnetic,5.495,959,25,888,41,422,singular,skipped:too-large,,,,258,208,0,true,6,16
Modelica.Magnetic.FundamentalWave.Examples.BasicMachines.InductionMachines.IMC_withLosses,Examples,success,,Magnetic,4.140,873,30,783,1,369,singular,skipped:too-large,,,,238,183,0,true,6,26
Modelica.Magnetic.FundamentalWave.Examples.BasicMachines.InductionMachines.IMS_Start,Examples,success,,Magnetic,8.574,1747,44,1576,25,728,singular,skipped:too-large,,,,486,399,0,true,6,18
Modelica.Magnetic.FundamentalWave.Examples.BasicMachines.SynchronousMachines.ComparisonPolyphase.SMEE_Generator_Polyphase,Examples,success,,Magnetic,6.999,2291,52,2069,1,801,singular,skipped:too-large,,,,689,506,0,true,6,20
Modelica.Magnetic.FundamentalWave.Examples.BasicMachines.SynchronousMachines.ComparisonPolyphase.SMPM_Inverter_Polyphase,Examples,success,,Magnetic,5.493,1936,52,1774,1,701,singular,skipped:too-large,,,,572,424,0,true,6,17
Modelica.Magnetic.FundamentalWave.Examples.BasicMachines.SynchronousMachines.ComparisonPolyphase.SMR_Inverter_Polyphase,Examples,success,,Magnetic,4.452,1870,50,1710,1,599,singular,skipped:too-large,,,,556,414,0,true,6,17
Modelica.Magnetic.FundamentalWave.Examples.BasicMachines.SynchronousMachines.SMEE_DOL,Examples,success,,Magnetic,4.651,1024,23,926,11,427,singular,skipped:too-large,,,,289,214,0,true,6,18
Modelica.Magnetic.FundamentalWave.Examples.BasicMachines.SynchronousMachines.SMEE_Generator,Examples,success,,Magnetic,5.947,1437,39,1263,1,615,singular,skipped:too-large,,,,411,299,0,true,6,21
Modelica.Magnetic.FundamentalWave.Examples.BasicMachines.SynchronousMachines.SMEE_LoadDump,Examples,success,,Magnetic,4.794,1045,29,940,19,480,singular,skipped:too-large,,,,305,217,0,true,6,17
Modelica.Magnetic.FundamentalWave.Examples.BasicMachines.SynchronousMachines.SMEE_Rectifier,Examples,success,,Magnetic,4.454,951,29,870,8,449,singular,skipped:too-large,,,,263,184,0,true,6,21
Modelica.Magnetic.FundamentalWave.Examples.BasicMachines.SynchronousMachines.SMPM_Braking,Examples,success,,Magnetic,2.817,811,20,735,7,349,singular,skipped:too-large,,,,237,175,0,true,6,16
Modelica.Magnetic.FundamentalWave.Examples.BasicMachines.SynchronousMachines.SMPM_CurrentSource,Examples,success,,Magnetic,1.946,810,21,713,0,326,singular,skipped:too-large,,,,262,174,0,true,6,17
Modelica.Magnetic.FundamentalWave.Examples.BasicMachines.SynchronousMachines.SMPM_Inverter,Examples,success,,Magnetic,3.802,1353,39,1182,1,562,singular,skipped:too-large,,,,409,293,0,true,6,18
Modelica.Magnetic.FundamentalWave.Examples.BasicMachines.SynchronousMachines.SMPM_VoltageSource,Examples,success,,Magnetic,3.255,879,24,759,0,365,singular,skipped:too-large,,,,294,184,0,true,6,18
Modelica.Magnetic.FundamentalWave.Examples.BasicMachines.SynchronousMachines.SMR_Inverter,Examples,success,,Magnetic,3.519,1296,37,1130,1,509,singular,skipped:too-large,,,,394,285,0,true,6,18
Modelica.Magnetic.FundamentalWave.Examples.Components.EddyCurrentLosses,Examples,success,,Magnetic,14.377,656,14,595,1,241,singular,singular,,,,208,144,0,true,4,12
Modelica.Magnetic.FundamentalWave.Examples.Components.PolyphaseInductance,Examples,success,,Magnetic,9.228,556,15,528,1,264,singular,singular,,,,134,111,0,true,4,12
Modelica.Magnetic.FundamentalWave.Examples.Components.SinglePhaseInductance,Examples,success,,Magnetic,0.835,77,3,77,1,48,singular,singular,,,,14,10,0,false,3,11
Modelica.Magnetic.FundamentalWave.Interfaces.NegativePortInterface,Interfaces,success,,Magnetic,0.277,8,0,8,0,0,singular,singular,,,,0,4,0,false,2,0
Modelica.Magnetic.FundamentalWave.Interfaces.PositivePortInterface,Interfaces,success,,Magnetic,0.285,8,0,8,0,0,singular,singular,,,,0,4,0,false,2,0
Modelica.Magnetic.FundamentalWave.Interfaces.StateSelector,Interfaces,failed:Instantiate,invalid value for type attribute `stateSelect`: xrStateSelect,Magnetic,0.036,,,,,,,,,,,,,,false,0,
Modelica.Magnetic.FundamentalWave.Interfaces.TwoPort,Interfaces,success,,Magnetic,0.314,13,0,16,0,0,singular,singular,,,,0,4,0,false,2,5
Modelica.Magnetic.FundamentalWave.Interfaces.TwoPortElementary,Interfaces,success,,Magnetic,0.299,4,0,8,0,0,singular,singular,,,,0,4,0,false,2,0
Modelica.Magnetic.FundamentalWave.Interfaces.TwoPortExtended,Interfaces,success,,Magnetic,0.300,12,0,16,0,0,singular,singular,,,,0,4,0,false,2,4
Modelica.Magnetic.FundamentalWave.Sensors.MagneticFluxSensor,Component,success,,Magnetic,0.293,9,0,10,0,0,singular,singular,,,,0,4,0,false,2,1
Modelica.Magnetic.FundamentalWave.Sensors.MagneticPotentialDifferenceSensor,Component,success,,Magnetic,0.270,9,0,10,0,0,singular,singular,,,,0,4,0,false,2,1
Modelica.Magnetic.FundamentalWave.Sensors.MagneticPotentialSensor,Component,success,,Magnetic,0.275,5,0,4,0,0,singular,singular,,,,0,2,0,false,2,1
Modelica.Magnetic.FundamentalWave.Sources.ConstantFlux,Component,success,,Magnetic,0.359,12,0,14,0,2,singular,singular,,,,0,4,0,false,2,5
Modelica.Magnetic.FundamentalWave.Sources.ConstantMagneticPotentialDifference,Component,success,,Magnetic,0.363,11,0,14,0,2,singular,singular,,,,0,4,0,false,2,5
Modelica.Magnetic.FundamentalWave.Sources.SignalFlux,Component,success,,Magnetic,0.295,11,0,14,0,0,singular,singular,,,,0,4,0,false,2,5
Modelica.Magnetic.FundamentalWave.Sources.SignalMagneticPotentialDifference,Component,success,,Magnetic,0.316,11,0,14,0,0,singular,singular,,,,0,4,0,false,2,5
Modelica.Magnetic.FundamentalWave.UsersGuide.Concept,Component,success,,Magnetic,0.257,0,0,0,0,0,error:empty system: no equations or unknowns,,,,,0,0,0,false,0,0
Modelica.Magnetic.FundamentalWave.UsersGuide.Contact,Component,success,,Magnetic,0.271,0,0,0,0,0,error:empty system: no equations or unknowns,,,,,0,0,0,false,0,0
Modelica.Magnetic.FundamentalWave.UsersGuide.Parameters,Component,success,,Magnetic,0.285,0,0,0,0,0,error:empty system: no equations or unknowns,,,,,0,0,0,false,0,0
Modelica.Magnetic.FundamentalWave.UsersGuide.Polyphase,Component,success,,Magnetic,0.285,0,0,0,0,0,error:empty system: no equations or unknowns,,,,,0,0,0,false,0,0
Modelica.Magnetic.FundamentalWave.UsersGuide.References,Component,success,,Magnetic,0.255,0,0,0,0,0,error:empty system: no equations or unknowns,,,,,0,0,0,false,0,0
Modelica.Magnetic.FundamentalWave.UsersGuide.ReleaseNotes,Component,success,,Magnetic,0.259,0,0,0,0,0,error:empty system: no equations or unknowns,,,,,0,0,0,false,0,0
Modelica.Magnetic.FundamentalWave.UsersGuide.WindingModel,Component,success,,Magnetic,0.362,0,0,0,0,0,error:empty system: no equations or unknowns,,,,,0,0,0,false,0,0
Modelica.Magnetic.QuasiStatic.FluxTubes.BaseClasses.FixedShape,BaseClasses,failed:Flatten,"unsupported equation form: Connections.branch(port_p.reference, port_n.reference) is used but no Connections.root() or Connections.potentialRoot() is declared; every subgraph needs a root (MLS §9.4)",Magnetic,0.292,,,,,,,,,,,,,,false,0,
Modelica.Magnetic.QuasiStatic.FluxTubes.BaseClasses.Leakage,BaseClasses,failed:Flatten,"unsupported equation form: Connections.branch(port_p.reference, port_n.reference) is used but no Connections.root() or Connections.potentialRoot() is declared; every subgraph needs a root (MLS §9.4)",Magnetic,0.333,,,,,,,,,,,,,,false,0,
Modelica.Magnetic.QuasiStatic.FluxTubes.Basic.ConstantPermeance,Component,failed:Flatten,"unsupported equation form: Connections.branch(port_p.reference, port_n.reference) is used but no Connections.root() or Connections.potentialRoot() is declared; every subgraph needs a root (MLS §9.4)",Magnetic,0.343,,,,,,,,,,,,,,false,0,
Modelica.Magnetic.QuasiStatic.FluxTubes.Basic.ConstantReluctance,Component,failed:Flatten,"unsupported equation form: Connections.branch(port_p.reference, port_n.reference) is used but no Connections.root() or Connections.potentialRoot() is declared; every subgraph needs a root (MLS §9.4)",Magnetic,0.286,,,,,,,,,,,,,,false,0,
Modelica.Magnetic.QuasiStatic.FluxTubes.Basic.Crossing,Component,failed:Flatten,"unsupported equation form: Connections.branch(port_p1.reference, port_p2.reference) is used but no Connections.root() or Connections.potentialRoot() is declared; every subgraph needs a root (MLS §9.4)",Magnetic,0.267,,,,,,,,,,,,,,false,0,
Modelica.Magnetic.QuasiStatic.FluxTubes.Basic.EddyCurrent,Component,failed:Flatten,"unsupported equation form: Connections.branch(port_p.reference, port_n.reference) is used but no Connections.root() or Connections.potentialRoot() is declared; every subgraph needs a root (MLS §9.4)",Magnetic,0.403,,,,,,,,,,,,,,false,0,
Modelica.Magnetic.QuasiStatic.FluxTubes.Basic.ElectroMagneticConverter,Component,failed:Flatten,"unsupported equation form: Connections.branch(port_p.reference, port_n.reference) is used but no Connections.root() or Connections.potentialRoot() is declared; every subgraph needs a root (MLS §9.4)",Magnetic,0.328,,,,,,,,,,,,,,false,0,
Modelica.Magnetic.QuasiStatic.FluxTubes.Basic.Ground,Component,success,,Magnetic,0.300,2,0,5,0,0,singular,singular,,,,0,0,0,false,2,1
Modelica.Magnetic.QuasiStatic.FluxTubes.Basic.Idle,Component,failed:Flatten,"unsupported equation form: Connections.branch(port_p.reference, port_n.reference) is used but no Connections.root() or Connections.potentialRoot() is declared; every subgraph needs a root (MLS §9.4)",Magnetic,0.375,,,,,,,,,,,,,,false,0,
Modelica.Magnetic.QuasiStatic.FluxTubes.Basic.LeakageWithCoefficient,Component,failed:Flatten,"unsupported equation form: Connections.branch(port_p.reference, port_n.reference) is used but no Connections.root() or Connections.potentialRoot() is declared; every subgraph needs a root (MLS §9.4)",Magnetic,0.297,,,,,,,,,,,,,,false,0,
Modelica.Magnetic.QuasiStatic.FluxTubes.Basic.Short,Component,failed:Flatten,"unsupported equation form: Connections.branch(port_p.reference, port_n.reference) is used but no Connections.root() or Connections.potentialRoot() is declared; every subgraph needs a root (MLS §9.4)",Magnetic,0.316,,,,,,,,,,,,,,false,0,
Modelica.Magnetic.QuasiStatic.FluxTubes.Basic.VariablePermeance,Component,failed:Flatten,"unsupported equation form: Connections.branch(port_p.reference, port_n.reference) is used but no Connections.root() or Connections.potentialRoot() is declared; every subgraph needs a root (MLS §9.4)",Magnetic,0.366,,,,,,,,,,,,,,false,0,
Modelica.Magnetic.QuasiStatic.FluxTubes.Basic.VariableReluctance,Component,failed:Flatten,"unsupported equation form: Connections.branch(port_p.reference, port_n.reference) is used but no Connections.root() or Connections.potentialRoot() is declared; every subgraph needs a root (MLS §9.4)",Magnetic,0.291,,,,,,,,,,,,,,false,0,
Modelica.Magnetic.QuasiStatic.FluxTubes.Examples.BasicExamples.QuadraticCoreAirgap,Examples,success,,Magnetic,1.006,268,11,309,1,38,singular,singular,,,,55,24,0,false,3,12
Modelica.Magnetic.QuasiStatic.FluxTubes.Examples.BasicExamples.ToroidalCoreAirgap,Examples,success,,Magnetic,0.838,173,7,198,1,25,singular,singular,,,,39,18,0,false,3,12
Modelica.Magnetic.QuasiStatic.FluxTubes.Examples.BasicExamples.ToroidalCoreQuadraticCrossSection,Examples,success,,Magnetic,0.676,173,7,198,1,28,singular,singular,,,,39,18,0,false,3,12
Modelica.Magnetic.QuasiStatic.FluxTubes.Examples.FixedShapes.CuboidSections,Examples,success,,Magnetic,0.544,156,7,178,1,25,singular,singular,,,,30,12,0,false,3,9
Modelica.Magnetic.QuasiStatic.FluxTubes.Examples.FixedShapes.CylinderSections,Examples,success,,Magnetic,0.569,139,5,162,1,29,singular,singular,,,,27,14,0,false,3,10
Modelica.Magnetic.QuasiStatic.FluxTubes.Examples.Leakage.CylinderLeakage,Examples,success,,Magnetic,0.675,208,12,228,0,27,singular,singular,,,,48,12,0,false,3,5
Modelica.Magnetic.QuasiStatic.FluxTubes.Examples.Leakage.GeneralLeakage,Examples,success,,Magnetic,0.428,66,4,76,0,14,singular,singular,,,,15,8,0,false,3,7
Modelica.Magnetic.QuasiStatic.FluxTubes.Examples.LinearInductor,Examples,success,,Magnetic,1.390,247,9,257,2,72,singular,singular,,,,54,21,0,false,3,9
Modelica.Magnetic.QuasiStatic.FluxTubes.Examples.NonLinearInductor,Examples,success,,Magnetic,2.324,331,14,296,7,189,singular,singular,,,,95,26,0,false,4,10
Modelica.Magnetic.QuasiStatic.FluxTubes.Icons.Cuboid,Icons,success,,Magnetic,0.270,0,0,0,0,0,error:empty system: no equations or unknowns,,,,,0,0,0,false,0,0
Modelica.Magnetic.QuasiStatic.FluxTubes.Icons.HollowCylinderAxialFlux,Icons,success,,Magnetic,0.333,0,0,0,0,0,error:empty system: no equations or unknowns,,,,,0,0,0,false,0,0
Modelica.Magnetic.QuasiStatic.FluxTubes.Icons.HollowCylinderCircumferentialFlux,Icons,success,,Magnetic,0.259,0,0,0,0,0,error:empty system: no equations or unknowns,,,,,0,0,0,false,0,0
Modelica.Magnetic.QuasiStatic.FluxTubes.Icons.HollowCylinderRadialFlux,Icons,success,,Magnetic,0.275,0,0,0,0,0,error:empty system: no equations or unknowns,,,,,0,0,0,false,0,0
Modelica.Magnetic.QuasiStatic.FluxTubes.Icons.Reluctance,Icons,success,,Magnetic,0.362,0,0,0,0,0,error:empty system: no equations or unknowns,,,,,0,0,0,false,0,0
Modelica.Magnetic.QuasiStatic.FluxTubes.Icons.Toroid,Icons,success,,Magnetic,0.295,0,0,0,0,0,error:empty system: no equations or unknowns,,,,,0,0,0,false,0,0
Modelica.Magnetic.QuasiStatic.FluxTubes.Interfaces.AbsoluteSensor,Interfaces,success,,Magnetic,0.272,3,1,5,0,0,singular,singular,,,,0,0,0,false,2,1
Modelica.Magnetic.QuasiStatic.FluxTubes.Interfaces.RelativeSensor,Interfaces,failed:Flatten,"unsupported equation form: Connections.branch(port_p.reference, port_n.reference) is used but no Connections.root() or Connections.potentialRoot() is declared; every subgraph needs a root (MLS §9.4)",Magnetic,0.374,,,,,,,,,,,,,,false,0,
Modelica.Magnetic.QuasiStatic.FluxTubes.Interfaces.Source,Interfaces,success,,Magnetic,0.300,3,1,11,0,0,singular,singular,,,,0,0,0,false,2,0
Modelica.Magnetic.QuasiStatic.FluxTubes.Interfaces.TwoPort,Interfaces,failed:Flatten,"unsupported equation form: Connections.branch(port_p.reference, port_n.reference) is used but no Connections.root() or Connections.potentialRoot() is declared; every subgraph needs a root (MLS §9.4)",Magnetic,0.297,,,,,,,,,,,,,,false,0,
Modelica.Magnetic.QuasiStatic.FluxTubes.Interfaces.TwoPortElementary,Interfaces,failed:Flatten,"unsupported equation form: Connections.branch(port_p.reference, port_n.reference) is used but no Connections.root() or Connections.potentialRoot() is declared; every subgraph needs a root (MLS §9.4)",Magnetic,0.351,,,,,,,,,,,,,,false,0,
Modelica.Magnetic.QuasiStatic.FluxTubes.Sensors.FrequencySensor,Component,success,,Magnetic,0.280,4,1,5,0,0,singular,singular,,,,0,0,0,false,2,1
Modelica.Magnetic.QuasiStatic.FluxTubes.Sensors.MagneticFluxSensor,Component,failed:Flatten,"unsupported equation form: Connections.branch(port_p.reference, port_n.reference) is used but no Connections.root() or Connections.potentialRoot() is declared; every subgraph needs a root (MLS §9.4)",Magnetic,0.290,,,,,,,,,,,,,,false,0,
Modelica.Magnetic.QuasiStatic.FluxTubes.Sensors.MagneticPotentialDifferenceSensor,Component,failed:Flatten,"unsupported equation form: Connections.branch(port_p.reference, port_n.reference) is used but no Connections.root() or Connections.potentialRoot() is declared; every subgraph needs a root (MLS §9.4)",Magnetic,0.358,,,,,,,,,,,,,,false,0,
Modelica.Magnetic.QuasiStatic.FluxTubes.Sensors.MagneticPotentialSensor,Component,success,,Magnetic,0.295,4,1,5,0,0,singular,singular,,,,0,0,0,false,2,1
Modelica.Magnetic.QuasiStatic.FluxTubes.Sensors.ReferenceSensor,Component,success,,Magnetic,0.279,4,1,5,0,0,singular,singular,,,,0,0,0,false,2,1
Modelica.Magnetic.QuasiStatic.FluxTubes.Sensors.Transient.FundamentalWavePermabilitySensor,Component,success,,Magnetic,0.731,71,4,35,5,90,singular,singular,,,,32,8,0,false,3,3
Modelica.Magnetic.QuasiStatic.FluxTubes.Sensors.Transient.Permeability,Component,success,,Magnetic,0.275,2,0,0,0,2,ok,,2,0,0,0,0,0,false,0,0
Modelica.Magnetic.QuasiStatic.FluxTubes.Shapes.FixedShape.Cuboid,Component,failed:Flatten,"unsupported equation form: Connections.branch(port_p.reference, port_n.reference) is used but no Connections.root() or Connections.potentialRoot() is declared; every subgraph needs a root (MLS §9.4)",Magnetic,0.286,,,,,,,,,,,,,,false,0,
Modelica.Magnetic.QuasiStatic.FluxTubes.Shapes.FixedShape.GenericFluxTube,Component,failed:Flatten,"unsupported equation form: Connections.branch(port_p.reference, port_n.reference) is used but no Connections.root() or Connections.potentialRoot() is declared; every subgraph needs a root (MLS §9.4)",Magnetic,0.335,,,,,,,,,,,,,,false,0,
Modelica.Magnetic.QuasiStatic.FluxTubes.Shapes.FixedShape.HollowCylinderAxialFlux,Component,failed:Flatten,"unsupported equation form: Connections.branch(port_p.reference, port_n.reference) is used but no Connections.root() or Connections.potentialRoot() is declared; every subgraph needs a root (MLS §9.4)",Magnetic,0.299,,,,,,,,,,,,,,false,0,
Modelica.Magnetic.QuasiStatic.FluxTubes.Shapes.FixedShape.HollowCylinderCircumferentialFlux,Component,failed:Flatten,"unsupported equation form: Connections.branch(port_p.reference, port_n.reference) is used but no Connections.root() or Connections.potentialRoot() is declared; every subgraph needs a root (MLS §9.4)",Magnetic,0.306,,,,,,,,,,,,,,false,0,
Modelica.Magnetic.QuasiStatic.FluxTubes.Shapes.FixedShape.HollowCylinderRadialFlux,Component,failed:Flatten,"unsupported equation form: Connections.branch(port_p.reference, port_n.reference) is used but no Connections.root() or Connections.potentialRoot() is declared; every subgraph needs a root (MLS §9.4)",Magnetic,0.326,,,,,,,,,,,,,,false,0,
Modelica.Magnetic.QuasiStatic.FluxTubes.Shapes.FixedShape.Toroid,Component,failed:Flatten,"unsupported equation form: Connections.branch(port_p.reference, port_n.reference) is used but no Connections.root() or Connections.potentialRoot() is declared; every subgraph needs a root (MLS §9.4)",Magnetic,0.287,,,,,,,,,,,,,,false,0,
Modelica.Magnetic.QuasiStatic.FluxTubes.Shapes.Leakage.CoaxCylindersEndFaces,Component,failed:Flatten,"unsupported equation form: Connections.branch(port_p.reference, port_n.reference) is used but no Connections.root() or Connections.potentialRoot() is declared; every subgraph needs a root (MLS §9.4)",Magnetic,0.307,,,,,,,,,,,,,,false,0,
Modelica.Magnetic.QuasiStatic.FluxTubes.Shapes.Leakage.EighthOfHollowSphere,Component,failed:Flatten,"unsupported equation form: Connections.branch(port_p.reference, port_n.reference) is used but no Connections.root() or Connections.potentialRoot() is declared; every subgraph needs a root (MLS §9.4)",Magnetic,0.350,,,,,,,,,,,,,,false,0,
Modelica.Magnetic.QuasiStatic.FluxTubes.Shapes.Leakage.EighthOfSphere,Component,failed:Flatten,"unsupported equation form: Connections.branch(port_p.reference, port_n.reference) is used but no Connections.root() or Connections.potentialRoot() is declared; every subgraph needs a root (MLS §9.4)",Magnetic,0.293,,,,,,,,,,,,,,false,0,
Modelica.Magnetic.QuasiStatic.FluxTubes.Shapes.Leakage.HalfCylinder,Component,failed:Flatten,"unsupported equation form: Connections.branch(port_p.reference, port_n.reference) is used but no Connections.root() or Connections.potentialRoot() is declared; every subgraph needs a root (MLS §9.4)",Magnetic,0.287,,,,,,,,,,,,,,false,0,
Modelica.Magnetic.QuasiStatic.FluxTubes.Shapes.Leakage.HalfHollowCylinder,Component,failed:Flatten,"unsupported equation form: Connections.branch(port_p.reference, port_n.reference) is used but no Connections.root() or Connections.potentialRoot() is declared; every subgraph needs a root (MLS §9.4)",Magnetic,0.321,,,,,,,,,,,,,,false,0,
Modelica.Magnetic.QuasiStatic.FluxTubes.Shapes.Leakage.QuarterCylinder,Component,failed:Flatten,"unsupported equation form: Connections.branch(port_p.reference, port_n.reference) is used but no Connections.root() or Connections.potentialRoot() is declared; every subgraph needs a root (MLS §9.4)",Magnetic,0.295,,,,,,,,,,,,,,false,0,
Modelica.Magnetic.QuasiStatic.FluxTubes.Shapes.Leakage.QuarterHollowCylinder,Component,failed:Flatten,"unsupported equation form: Connections.branch(port_p.reference, port_n.reference) is used but no Connections.root() or Connections.potentialRoot() is declared; every subgraph needs a root (MLS §9.4)",Magnetic,0.297,,,,,,,,,,,,,,false,0,
Modelica.Magnetic.QuasiStatic.FluxTubes.Shapes.Leakage.QuarterHollowSphere,Component,failed:Flatten,"unsupported equation form: Connections.branch(port_p.reference, port_n.reference) is used but no Connections.root() or Connections.potentialRoot() is declared; every subgraph needs a root (MLS §9.4)",Magnetic,0.340,,,,,,,,,,,,,,false,0,
Modelica.Magnetic.QuasiStatic.FluxTubes.Shapes.Leakage.QuarterSphere,Component,failed:Flatten,"unsupported equation form: Connections.branch(port_p.reference, port_n.reference) is used but no Connections.root() or Connections.potentialRoot() is declared; every subgraph needs a root (MLS §9.4)",Magnetic,0.434,,,,,,,,,,,,,,false,0,
Modelica.Magnetic.QuasiStatic.FluxTubes.Sources.ConstantMagneticFlux,Component,success,,Magnetic,0.321,7,1,13,0,3,singular,singular,,,,0,0,0,false,2,1
Modelica.Magnetic.QuasiStatic.FluxTubes.Sources.ConstantMagneticPotentialDifference,Component,success,,Magnetic,0.360,7,1,13,0,3,singular,singular,,,,0,0,0,false,2,1
Modelica.Magnetic.QuasiStatic.FluxTubes.Sources.SignalMagneticFlux,Component,success,,Magnetic,0.300,7,1,13,0,0,singular,singular,,,,0,0,0,false,2,1
Modelica.Magnetic.QuasiStatic.FluxTubes.Sources.SignalMagneticPotentialDifference,Component,success,,Magnetic,0.289,7,1,13,0,0,singular,singular,,,,0,0,0,false,2,1
Modelica.Magnetic.QuasiStatic.FluxTubes.UsersGuide.Contact,Component,success,,Magnetic,0.273,0,0,0,0,0,error:empty system: no equations or unknowns,,,,,0,0,0,false,0,0
Modelica.Magnetic.QuasiStatic.FluxTubes.UsersGuide.FluxTubeConcept,Component,success,,Magnetic,0.318,0,0,0,0,0,error:empty system: no equations or unknowns,,,,,0,0,0,false,0,0
Modelica.Magnetic.QuasiStatic.FluxTubes.UsersGuide.Literature,Component,success,,Magnetic,0.277,0,0,0,0,0,error:empty system: no equations or unknowns,,,,,0,0,0,false,0,0
Modelica.Magnetic.QuasiStatic.FluxTubes.UsersGuide.ReleaseNotes,Component,success,,Magnetic,0.261,0,0,0,0,0,error:empty system: no equations or unknowns,,,,,0,0,0,false,0,0
Modelica.Magnetic.QuasiStatic.FundamentalWave.BaseClasses.Machine,BaseClasses,success,,Magnetic,2.484,701,15,716,0,162,singular,singular,,,,199,133,0,true,7,24
Modelica.Magnetic.QuasiStatic.FundamentalWave.BasicMachines.Components.PermanentMagnet,Component,failed:Flatten,"unsupported equation form: Connections.branch(port_p.reference, port_n.reference) is used but no Connections.root() or Connections.potentialRoot() is declared; every subgraph needs a root (MLS §9.4)",Magnetic,0.364,,,,,,,,,,,,,,false,0,
Modelica.Magnetic.QuasiStatic.FundamentalWave.BasicMachines.Components.QuasiStaticAnalogWinding,Component,failed:Flatten,"unsupported equation form: Connections.branch(electroMagneticConverter.port_p.reference, electroMagneticConverter.port_n.reference) is used but no Connections.root() or Connections.potentialRoot() is ",Magnetic,0.388,,,,,,,,,,,,,,false,0,
Modelica.Magnetic.QuasiStatic.FundamentalWave.BasicMachines.Components.RotorSaliencyAirGap,Component,success,,Magnetic,0.389,29,0,44,0,5,singular,singular,,,,0,2,0,false,2,4
Modelica.Magnetic.QuasiStatic.FundamentalWave.BasicMachines.Components.SaliencyCageWinding,Component,success,,Magnetic,1.146,315,6,346,0,73,singular,singular,,,,111,60,0,true,6,20
Modelica.Magnetic.QuasiStatic.FundamentalWave.BasicMachines.Components.SymmetricPolyphaseCageWinding,Component,failed:ToDae,"unbalanced model: 605 equations, 603 unknowns (balance = 2)",Magnetic,1.578,,,,,,,,,,,,,,false,0,
Modelica.Magnetic.QuasiStatic.FundamentalWave.BasicMachines.Components.SymmetricPolyphaseWinding,Component,failed:Flatten,"unsupported equation form: Connections.branch(electroMagneticConverter.port_p.reference, electroMagneticConverter.port_n.reference) is used but no Connections.root() or Connections.potentialRoot() is ",Magnetic,1.234,,,,,,,,,,,,,,false,0,
Modelica.Magnetic.QuasiStatic.FundamentalWave.BasicMachines.InductionMachines.IM_SlipRing,Component,success,,Magnetic,2.969,1241,22,1276,0,279,singular,skipped:too-large,,,,368,237,0,true,7,24
Modelica.Magnetic.QuasiStatic.FundamentalWave.BasicMachines.InductionMachines.IM_SquirrelCage,Component,success,,Magnetic,3.170,1257,22,1311,0,283,singular,skipped:too-large,,,,414,245,0,true,7,24
Modelica.Magnetic.QuasiStatic.FundamentalWave.BasicMachines.SynchronousMachines.SM_ElectricalExcited,Component,success,,Magnetic,3.245,1146,22,1173,0,279,singular,skipped:too-large,,,,353,222,0,true,7,24
Modelica.Magnetic.QuasiStatic.FundamentalWave.BasicMachines.SynchronousMachines.SM_PermanentMagnet,Component,success,,Magnetic,3.224,1098,23,1127,0,274,singular,skipped:too-large,,,,339,206,0,true,7,24
Modelica.Magnetic.QuasiStatic.FundamentalWave.BasicMachines.SynchronousMachines.SM_ReluctanceRotor,Component,success,,Magnetic,2.603,1054,21,1085,0,251,singular,skipped:too-large,,,,330,201,0,true,7,24
Modelica.Magnetic.QuasiStatic.FundamentalWave.Components.Crossing,Component,success,,Magnetic,0.280,10,0,20,0,0,singular,singular,,,,6,4,0,false,2,0
Modelica.Magnetic.QuasiStatic.FundamentalWave.Components.EddyCurrent,Component,failed:Flatten,"unsupported equation form: Connections.branch(port_p.reference, port_n.reference) is used but no Connections.root() or Connections.potentialRoot() is declared; every subgraph needs a root (MLS §9.4)",Magnetic,0.362,,,,,,,,,,,,,,false,0,
Modelica.Magnetic.QuasiStatic.FundamentalWave.Components.Ground,Component,success,,Magnetic,0.282,3,0,5,0,0,singular,singular,,,,0,0,0,false,2,1
Modelica.Magnetic.QuasiStatic.FundamentalWave.Components.Idle,Component,failed:Flatten,"unsupported equation form: Connections.branch(port_p.reference, port_n.reference) is used but no Connections.root() or Connections.potentialRoot() is declared; every subgraph needs a root (MLS §9.4)",Magnetic,0.267,,,,,,,,,,,,,,false,0,
Modelica.Magnetic.QuasiStatic.FundamentalWave.Components.Permeance,Component,failed:Flatten,"unsupported equation form: Connections.branch(port_p.reference, port_n.reference) is used but no Connections.root() or Connections.potentialRoot() is declared; every subgraph needs a root (MLS §9.4)",Magnetic,0.358,,,,,,,,,,,,,,false,0,
Modelica.Magnetic.QuasiStatic.FundamentalWave.Components.PolyphaseElectroMagneticConverter,Component,failed:Flatten,"unsupported equation form: Connections.branch(port_p.reference, port_n.reference) is used but no Connections.root() or Connections.potentialRoot() is declared; every subgraph needs a root (MLS §9.4)",Magnetic,0.461,,,,,,,,,,,,,,false,0,
Modelica.Magnetic.QuasiStatic.FundamentalWave.Components.QuasiStaticAnalogElectroMagneticConverter,Component,failed:Flatten,"unsupported equation form: Connections.branch(port_p.reference, port_n.reference) is used but no Connections.root() or Connections.potentialRoot() is declared; every subgraph needs a root (MLS §9.4)",Magnetic,0.325,,,,,,,,,,,,,,false,0,
Modelica.Magnetic.QuasiStatic.FundamentalWave.Components.Reluctance,Component,failed:Flatten,"unsupported equation form: Connections.branch(port_p.reference, port_n.reference) is used but no Connections.root() or Connections.potentialRoot() is declared; every subgraph needs a root (MLS §9.4)",Magnetic,0.292,,,,,,,,,,,,,,false,0,
Modelica.Magnetic.QuasiStatic.FundamentalWave.Components.Short,Component,failed:Flatten,"unsupported equation form: Connections.branch(port_p.reference, port_n.reference) is used but no Connections.root() or Connections.potentialRoot() is declared; every subgraph needs a root (MLS §9.4)",Magnetic,0.315,,,,,,,,,,,,,,false,0,
Modelica.Magnetic.QuasiStatic.FundamentalWave.Examples.BasicMachines.InductionMachines.IMC_Characteristics,Examples,success,,Magnetic,5.394,2253,29,2382,1,472,singular,skipped:too-large,,,,902,499,0,true,8,24
Modelica.Magnetic.QuasiStatic.FundamentalWave.Examples.BasicMachines.InductionMachines.IMC_Conveyor,Examples,success,,Magnetic,8.744,2700,56,2730,3,716,singular,skipped:too-large,,,,934,585,0,true,8,34
Modelica.Magnetic.QuasiStatic.FundamentalWave.Examples.BasicMachines.InductionMachines.IMC_DOL,Examples,success,,Magnetic,10.013,3476,60,3556,18,850,singular,skipped:too-large,,,,1283,771,0,true,8,26
Modelica.Magnetic.QuasiStatic.FundamentalWave.Examples.BasicMachines.InductionMachines.IMC_Initialize,Examples,success,,Magnetic,8.218,2643,57,2674,1,706,singular,skipped:too-large,,,,913,576,0,true,8,26
Modelica.Magnetic.QuasiStatic.FundamentalWave.Examples.BasicMachines.InductionMachines.IMC_Inverter,Examples,success,,Magnetic,4.336,1800,29,1886,1,401,singular,skipped:too-large,,,,673,382,0,true,8,24
Modelica.Magnetic.QuasiStatic.FundamentalWave.Examples.BasicMachines.InductionMachines.IMC_Transformer,Examples,success,,Magnetic,18.412,5061,81,5303,32,1185,singular,skipped:too-large,,,,1863,1150,0,true,8,28
Modelica.Magnetic.QuasiStatic.FundamentalWave.Examples.BasicMachines.InductionMachines.IMC_YD,Examples,success,,Magnetic,11.434,3671,67,3815,72,951,singular,skipped:too-large,,,,1311,792,0,true,8,26
Modelica.Magnetic.QuasiStatic.FundamentalWave.Examples.BasicMachines.InductionMachines.IMC_withLosses,Examples,success,,Magnetic,4.947,2311,32,2424,1,503,singular,skipped:too-large,,,,923,503,0,true,8,33
Modelica.Magnetic.QuasiStatic.FundamentalWave.Examples.BasicMachines.InductionMachines.IMS_Characteristics,Examples,success,,Magnetic,6.248,2602,33,2740,1,542,singular,skipped:too-large,,,,1018,573,0,true,8,25
Modelica.Magnetic.QuasiStatic.FundamentalWave.Examples.BasicMachines.InductionMachines.IMS_Start,Examples,success,,Magnetic,14.605,4491,67,4619,32,1091,singular,skipped:too-large,,,,1685,1017,0,true,8,27
Modelica.Magnetic.QuasiStatic.FundamentalWave.Examples.BasicMachines.SynchronousMachines.SMEE_Generator,Examples,success,,Magnetic,7.630,2760,46,2727,1,742,singular,skipped:too-large,,,,1043,613,0,true,8,29
Modelica.Magnetic.QuasiStatic.FundamentalWave.Examples.BasicMachines.SynchronousMachines.SMPM_CurrentSource,Examples,success,,Magnetic,5.327,3053,59,3052,0,748,singular,skipped:too-large,,,,1194,653,0,true,8,27
Modelica.Magnetic.QuasiStatic.FundamentalWave.Examples.BasicMachines.SynchronousMachines.SMPM_FieldWeakening,Examples,success,,Magnetic,3.170,1635,29,1667,2,434,singular,skipped:too-large,,,,638,319,0,true,8,24
Modelica.Magnetic.QuasiStatic.FundamentalWave.Examples.BasicMachines.SynchronousMachines.SMPM_MTPA,Examples,success,,Magnetic,4.100,2248,37,2335,0,482,singular,skipped:too-large,,,,937,477,0,true,8,25
Modelica.Magnetic.QuasiStatic.FundamentalWave.Examples.BasicMachines.SynchronousMachines.SMPM_Mains,Examples,success,,Magnetic,7.555,2998,54,3022,1,793,singular,skipped:too-large,,,,1096,662,0,true,8,26
Modelica.Magnetic.QuasiStatic.FundamentalWave.Examples.BasicMachines.SynchronousMachines.SMPM_OpenCircuit,Examples,success,,Magnetic,4.348,1797,44,1780,0,515,singular,skipped:too-large,,,,581,355,0,true,8,26
Modelica.Magnetic.QuasiStatic.FundamentalWave.Examples.BasicMachines.SynchronousMachines.SMR_CurrentSource,Examples,success,,Magnetic,6.020,2976,56,2978,1,695,singular,skipped:too-large,,,,1177,643,0,true,8,27
Modelica.Magnetic.QuasiStatic.FundamentalWave.Examples.Components.EddyCurrentLosses,Examples,success,,Magnetic,3.531,2088,21,2316,0,355,singular,skipped:too-large,,,,891,438,0,true,6,19
Modelica.Magnetic.QuasiStatic.FundamentalWave.Examples.Components.PolyphaseInductance,Examples,failed:ToDae,"unbalanced model: 2557 equations, 2547 unknowns (balance = 10)",Magnetic,4.002,,,,,,,,,,,,,,false,0,
Modelica.Magnetic.QuasiStatic.FundamentalWave.Examples.ExampleUtilities.FieldWeakeningController,Examples,success,,Magnetic,0.313,46,1,24,2,53,ok,,46,0,0,27,0,0,false,2,1
Modelica.Magnetic.QuasiStatic.FundamentalWave.Examples.ExampleUtilities.SpacePhasorLimiter,Examples,success,,Magnetic,0.306,1,0,0,0,1,ok,,1,0,0,0,0,0,false,0,0
Modelica.Magnetic.QuasiStatic.FundamentalWave.Interfaces.TwoPort,Interfaces,failed:Flatten,"unsupported equation form: Connections.branch(port_p.reference, port_n.reference) is used but no Connections.root() or Connections.potentialRoot() is declared; every subgraph needs a root (MLS §9.4)",Magnetic,0.273,,,,,,,,,,,,,,false,0,
Modelica.Magnetic.QuasiStatic.FundamentalWave.Interfaces.TwoPortElementary,Interfaces,failed:Flatten,"unsupported equation form: Connections.branch(port_p.reference, port_n.reference) is used but no Connections.root() or Connections.potentialRoot() is declared; every subgraph needs a root (MLS §9.4)",Magnetic,0.312,,,,,,,,,,,,,,false,0,
Modelica.Magnetic.QuasiStatic.FundamentalWave.Interfaces.TwoPortExtended,Interfaces,failed:Flatten,"unsupported equation form: Connections.branch(port_p.reference, port_n.reference) is used but no Connections.root() or Connections.potentialRoot() is declared; every subgraph needs a root (MLS §9.4)",Magnetic,0.259,,,,,,,,,,,,,,false,0,
Modelica.Magnetic.QuasiStatic.FundamentalWave.Losses.PermanentMagnetLosses,Component,success,,Magnetic,0.298,9,1,8,0,9,singular,singular,,,,0,2,0,false,1,1
Modelica.Magnetic.QuasiStatic.FundamentalWave.Losses.StrayLoad,Component,failed:Flatten,"unsupported equation form: Connections.branch(plug_p.reference, plug_n.reference) is used but no Connections.root() or Connections.potentialRoot() is declared; every subgraph needs a root (MLS §9.4)",Magnetic,0.322,,,,,,,,,,,,,,false,0,
Modelica.Magnetic.QuasiStatic.FundamentalWave.Sensors.MagneticFluxSensor,Component,failed:Flatten,"unsupported equation form: Connections.branch(port_p.reference, port_n.reference) is used but no Connections.root() or Connections.potentialRoot() is declared; every subgraph needs a root (MLS §9.4)",Magnetic,0.313,,,,,,,,,,,,,,false,0,
Modelica.Magnetic.QuasiStatic.FundamentalWave.Sensors.MagneticPotentialDifferenceSensor,Component,failed:Flatten,"unsupported equation form: Connections.branch(port_p.reference, port_n.reference) is used but no Connections.root() or Connections.potentialRoot() is declared; every subgraph needs a root (MLS §9.4)",Magnetic,0.295,,,,,,,,,,,,,,false,0,
Modelica.Magnetic.QuasiStatic.FundamentalWave.Sensors.MagneticPotentialSensor,Component,success,,Magnetic,0.330,5,0,7,0,0,singular,singular,,,,0,0,0,false,2,5
Modelica.Magnetic.QuasiStatic.FundamentalWave.Sensors.RotorDisplacementAngle,Component,failed:Flatten,"unsupported equation form: Connections.branch(voltageSensor.plugToPins_p.plugToPin_p[1].plug_p.reference, voltageSensor.plugToPins_p.plugToPin_p[1].pin_p.reference) is used but no Connections.root() o",Magnetic,0.431,,,,,,,,,,,,,,false,0,
Modelica.Magnetic.QuasiStatic.FundamentalWave.Sources.ConstantFlux,Component,success,,Magnetic,0.342,11,1,16,0,3,singular,singular,,,,0,0,0,false,2,5
Modelica.Magnetic.QuasiStatic.FundamentalWave.Sources.ConstantMagneticPotentialDifference,Component,success,,Magnetic,0.327,10,1,16,0,3,singular,singular,,,,0,0,0,false,2,5
Modelica.Magnetic.QuasiStatic.FundamentalWave.Sources.SignalFlux,Component,failed:Flatten,"unsupported equation form: Connections.branch(port_p.reference, port_n.reference) is used but no Connections.root() or Connections.potentialRoot() is declared; every subgraph needs a root (MLS §9.4)",Magnetic,0.312,,,,,,,,,,,,,,false,0,
Modelica.Magnetic.QuasiStatic.FundamentalWave.Sources.SignalMagneticPotentialDifference,Component,failed:Flatten,"unsupported equation form: Connections.branch(port_p.reference, port_n.reference) is used but no Connections.root() or Connections.potentialRoot() is declared; every subgraph needs a root (MLS §9.4)",Magnetic,0.293,,,,,,,,,,,,,,false,0,
Modelica.Magnetic.QuasiStatic.FundamentalWave.UsersGuide.Concept,Component,success,,Magnetic,0.284,0,0,0,0,0,error:empty system: no equations or unknowns,,,,,0,0,0,false,0,0
Modelica.Magnetic.QuasiStatic.FundamentalWave.UsersGuide.Contact,Component,success,,Magnetic,0.225,0,0,0,0,0,error:empty system: no equations or unknowns,,,,,0,0,0,false,0,0
Modelica.Magnetic.QuasiStatic.FundamentalWave.UsersGuide.References,Component,success,,Magnetic,0.268,0,0,0,0,0,error:empty system: no equations or unknowns,,,,,0,0,0,false,0,0
Modelica.Magnetic.QuasiStatic.FundamentalWave.UsersGuide.ReleaseNotes,Component,success,,Magnetic,0.263,0,0,0,0,0,error:empty system: no equations or unknowns,,,,,0,0,0,false,0,0
Modelica.Magnetic.QuasiStatic.FundamentalWave.Utilities.CurrentController,Component,success,,Magnetic,0.328,22,0,9,0,10,singular,singular,,,,14,0,0,false,2,6
Modelica.Magnetic.QuasiStatic.FundamentalWave.Utilities.MultiTerminalBox,Component,failed:Flatten,"unsupported equation form: Connections.branch(multiStar.plugToPins_p.plugToPin_p[1].plug_p.reference, multiStar.plugToPins_p.plugToPin_p[1].pin_p.reference) is used but no Connections.root() or Connec",Magnetic,0.472,,,,,,,,,,,,,,false,0,
Modelica.Magnetic.QuasiStatic.FundamentalWave.Utilities.SwitchYD,Component,failed:Flatten,"unsupported equation form: Connections.branch(star.plugToPins_p.plugToPin_p[1].plug_p.reference, star.plugToPins_p.plugToPin_p[1].pin_p.reference) is used but no Connections.root() or Connections.pote",Magnetic,1.992,,,,,,,,,,,,,,false,0,
Modelica.Magnetic.QuasiStatic.FundamentalWave.Utilities.SwitchedRheostat,Component,success,,Magnetic,1.808,757,4,867,8,138,singular,singular,,,,363,186,0,true,6,8
Modelica.Magnetic.QuasiStatic.FundamentalWave.Utilities.TerminalBox,Component,failed:Flatten,"unsupported equation form: Connections.branch(star.plugToPins_p.plugToPin_p[1].plug_p.reference, star.plugToPins_p.plugToPin_p[1].pin_p.reference) is used but no Connections.root() or Connections.pote",Magnetic,0.488,,,,,,,,,,,,,,false,0,
Modelica.Magnetic.QuasiStatic.FundamentalWave.Utilities.VfController,Component,success,,Magnetic,0.291,3,0,0,1,6,singular,singular,,,,0,0,0,false,1,5
Modelica.Math.FastFourierTransform.Examples.RealFFT1,Examples,success,,Math,0.533,0,0,0,7,20,error:empty system: no equations or unknowns,,,,,0,0,0,false,1,13
Modelica.Math.FastFourierTransform.Examples.RealFFT2,Examples,success,,Math,0.440,0,0,0,6,19,error:empty system: no equations or unknowns,,,,,0,0,0,false,1,13
Modelica.Math.Nonlinear.Examples.QuadratureLobatto3,Examples,success,,Math,0.321,3,2,1,0,4,ok,,3,0,0,0,0,0,false,0,4
Modelica.Math.Random.Examples.GenerateRandomNumbers,Examples,success,,Math,0.314,0,0,0,9,14,error:empty system: no equations or unknowns,,,,,0,0,0,false,1,11
Modelica.Mechanics.MultiBody.Examples.Constraints.PrismaticConstraint,Examples,success,,Mechanics,7.906,699,20,662,42,327,singular,singular,,,,133,54,0,true,5,37
Modelica.Mechanics.MultiBody.Examples.Constraints.RevoluteConstraint,Examples,success,,Mechanics,8.529,657,19,623,36,318,singular,singular,,,,128,50,0,true,5,32
Modelica.Mechanics.MultiBody.Examples.Constraints.SphericalConstraint,Examples,success,,Mechanics,7.250,645,17,614,36,321,singular,singular,,,,127,48,0,true,5,36
Modelica.Mechanics.MultiBody.Examples.Constraints.UniversalConstraint,Examples,success,,Mechanics,13.177,749,26,710,40,351,singular,singular,,,,144,62,0,true,5,33
Modelica.Mechanics.MultiBody.Examples.Elementary.DoublePendulum,Examples,success,,Mechanics,2.250,365,17,350,19,208,singular,singular,,,,35,24,0,false,4,30
Modelica.Mechanics.MultiBody.Examples.Elementary.DoublePendulumInitTip,Examples,success,,Mechanics,2.428,416,20,388,25,221,singular,singular,,,,60,28,0,true,4,30
Modelica.Mechanics.MultiBody.Examples.Elementary.ForceAndTorque,Examples,success,,Mechanics,2.673,428,11,408,27,197,singular,singular,,,,58,28,0,true,4,31
Modelica.Mechanics.MultiBody.Examples.Elementary.FreeBody,Examples,success,,Mechanics,2.046,377,6,372,23,180,singular,singular,,,,40,24,0,false,4,31
Modelica.Mechanics.MultiBody.Examples.Elementary.HeatLosses,Examples,success,,Mechanics,5.440,676,15,660,34,259,singular,singular,,,,60,28,0,false,4,33
Modelica.Mechanics.MultiBody.Examples.Elementary.InitSpringConstant,Examples,success,,Mechanics,2.011,367,9,359,20,169,singular,singular,,,,33,22,0,false,4,29
Modelica.Mechanics.MultiBody.Examples.Elementary.LineForceWithTwoMasses,Examples,success,,Mechanics,6.801,685,29,663,33,344,singular,singular,,,,66,38,0,false,4,33
Modelica.Mechanics.MultiBody.Examples.Elementary.Pendulum,Examples,success,,Mechanics,1.092,259,7,252,12,96,singular,singular,,,,10,8,0,false,4,28
Modelica.Mechanics.MultiBody.Examples.Elementary.PendulumWithSpringDamper,Examples,success,,Mechanics,2.174,400,9,393,20,148,singular,singular,,,,34,18,0,false,4,30
Modelica.Mechanics.MultiBody.Examples.Elementary.PointGravity,Examples,success,,Mechanics,1.289,240,8,230,13,112,singular,singular,,,,0,6,0,false,4,30
Modelica.Mechanics.MultiBody.Examples.Elementary.PointGravityWithPointMasses,Examples,success,,Mechanics,1.373,312,8,304,17,90,singular,singular,,,,14,16,0,false,4,12
Modelica.Mechanics.MultiBody.Examples.Elementary.PointGravityWithPointMasses2,Examples,success,,Mechanics,1.699,824,34,800,43,390,singular,skipped:too-large,,,,72,30,0,false,4,31
Modelica.Mechanics.MultiBody.Examples.Elementary.PointGravityWithPointMasses2.PointMass,Examples,success,,Mechanics,0.943,190,2,190,10,60,singular,singular,,,,0,2,0,false,4,10
Modelica.Mechanics.MultiBody.Examples.Elementary.PointGravityWithPointMasses2.SystemWithStandardBodies,Examples,failed:ToDae,"unbalanced model: 2005 equations, 1840 unknowns (balance = 165)",Mechanics,3.779,,,,,,,,,,,,,,false,0,
Modelica.Mechanics.MultiBody.Examples.Elementary.PointGravityWithPointMasses2.SystemWithStandardBodies.PointMass,Examples,success,,Mechanics,1.116,209,4,206,11,85,singular,singular,,,,0,2,0,false,4,29
Modelica.Mechanics.MultiBody.Examples.Elementary.RollingWheel,Examples,success,,Mechanics,1.329,252,5,249,12,99,singular,singular,,,,9,6,0,false,4,28
Modelica.Mechanics.MultiBody.Examples.Elementary.RollingWheelSetDriving,Examples,success,,Mechanics,5.282,598,26,575,28,263,singular,singular,,,,91,55,0,false,6,30
Modelica.Mechanics.MultiBody.Examples.Elementary.RollingWheelSetPulling,Examples,success,,Mechanics,5.857,613,26,589,31,280,singular,singular,,,,96,59,0,false,6,38
Modelica.Mechanics.MultiBody.Examples.Elementary.SpringDamperSystem,Examples,success,,Mechanics,3.239,510,10,502,26,199,singular,singular,,,,48,26,0,false,4,32
Modelica.Mechanics.MultiBody.Examples.Elementary.SpringMassSystem,Examples,success,,Mechanics,2.088,438,10,432,21,178,singular,singular,,,,38,24,0,false,4,27
Modelica.Mechanics.MultiBody.Examples.Elementary.SpringWithMass,Examples,success,,Mechanics,1.375,265,6,258,15,106,singular,singular,,,,14,10,0,false,4,31
Modelica.Mechanics.MultiBody.Examples.Elementary.Surfaces,Examples,success,,Mechanics,1.741,298,4,297,14,179,singular,singular,,,,25,14,0,false,4,21
Modelica.Mechanics.MultiBody.Examples.Elementary.ThreeSprings,Examples,success,,Mechanics,2.371,453,4,450,25,174,singular,singular,,,,45,28,0,false,4,31
Modelica.Mechanics.MultiBody.Examples.Elementary.UserDefinedGravityField,Examples,success,,Mechanics,1.459,258,7,252,13,107,singular,singular,,,,13,10,0,false,4,28
Modelica.Mechanics.MultiBody.Examples.Loops.Engine1a,Examples,success,,Mechanics,8.271,670,39,639,39,507,singular,singular,,,,98,57,0,false,4,31
Modelica.Mechanics.MultiBody.Examples.Loops.Engine1b,Examples,success,,Mechanics,7.942,700,40,670,42,531,singular,singular,,,,107,63,0,false,4,31
Modelica.Mechanics.MultiBody.Examples.Loops.Engine1b_analytic,Examples,success,,Mechanics,9.918,751,36,718,50,564,singular,singular,,,,152,87,0,true,6,34
Modelica.Mechanics.MultiBody.Examples.Loops.EngineV6,Examples,success,,Mechanics,13.521,3154,222,2980,206,3222,singular,skipped:too-large,,,,723,406,0,false,5,32
Modelica.Mechanics.MultiBody.Examples.Loops.EngineV6_analytic,Examples,success,,Mechanics,7.528,2463,83,2375,187,2023,singular,skipped:too-large,,,,757,427,0,true,8,34
Modelica.Mechanics.MultiBody.Examples.Loops.Fourbar1,Examples,success,,Mechanics,6.976,630,35,595,29,333,singular,singular,,,,70,48,0,false,4,30
Modelica.Mechanics.MultiBody.Examples.Loops.Fourbar2,Examples,success,,Mechanics,4.666,612,16,596,29,256,singular,singular,,,,44,26,0,false,4,32
Modelica.Mechanics.MultiBody.Examples.Loops.Fourbar_analytic,Examples,success,,Mechanics,3.373,479,21,452,28,260,singular,singular,,,,77,42,0,true,5,33
Modelica.Mechanics.MultiBody.Examples.Loops.PlanarFourbar,Examples,success,,Mechanics,6.849,656,33,613,30,376,singular,singular,,,,129,56,0,true,5,32
Modelica.Mechanics.MultiBody.Examples.Loops.PlanarLoops_analytic,Examples,success,,Mechanics,2.348,1176,40,1121,57,454,singular,skipped:too-large,,,,233,133,0,true,6,33
Modelica.Mechanics.MultiBody.Examples.Loops.Utilities.Cylinder,Examples,failed:ToDae,"unbalanced model: 2823 equations, 2457 unknowns (balance = 366)",Mechanics,10.370,,,,,,,,,,,,,,false,0,
Modelica.Mechanics.MultiBody.Examples.Loops.Utilities.CylinderBase,Examples,failed:ToDae,"unbalanced model: 2206 equations, 2005 unknowns (balance = 201)",Mechanics,7.215,,,,,,,,,,,,,,false,0,
Modelica.Mechanics.MultiBody.Examples.Loops.Utilities.Cylinder_analytic_CAD,Examples,failed:ToDae,"unbalanced model: 2291 equations, 2075 unknowns (balance = 216)",Mechanics,7.074,,,,,,,,,,,,,,false,0,
Modelica.Mechanics.MultiBody.Examples.Loops.Utilities.Engine1Base,Examples,success,,Mechanics,6.860,563,36,533,36,477,singular,singular,,,,78,53,0,false,4,33
Modelica.Mechanics.MultiBody.Examples.Loops.Utilities.Engine1bBase,Examples,success,,Mechanics,8.933,574,37,543,37,483,singular,singular,,,,78,55,0,false,4,33
Modelica.Mechanics.MultiBody.Examples.Loops.Utilities.EngineV6_analytic,Examples,failed:ToDae,"unbalanced model: 11140 equations, 9571 unknowns (balance = 1569)",Mechanics,42.964,,,,,,,,,,,,,,false,0,
Modelica.Mechanics.MultiBody.Examples.Loops.Utilities.EngineV6_analytic.Cylinder,Examples,failed:ToDae,"unbalanced model: 2291 equations, 2075 unknowns (balance = 216)",Mechanics,7.068,,,,,,,,,,,,,,false,0,
Modelica.Mechanics.MultiBody.Examples.Loops.Utilities.GasForce2,Examples,success,,Mechanics,0.287,11,1,10,1,6,singular,singular,,,,0,2,0,false,1,0
Modelica.Mechanics.MultiBody.Examples.Rotational3DEffects.ActuatedDrive,Examples,success,,Mechanics,2.515,417,15,398,24,192,singular,singular,,,,54,29,0,true,4,28
Modelica.Mechanics.MultiBody.Examples.Rotational3DEffects.BevelGear1D,Examples,success,,Mechanics,3.728,564,27,531,22,232,singular,singular,,,,93,55,0,false,4,30
Modelica.Mechanics.MultiBody.Examples.Rotational3DEffects.GearConstraint,Examples,success,,Mechanics,3.409,484,23,460,28,281,singular,singular,,,,74,51,0,true,4,30
Modelica.Mechanics.MultiBody.Examples.Rotational3DEffects.GyroscopicEffects,Examples,success,,Mechanics,8.554,652,32,624,35,458,singular,singular,,,,80,50,0,false,4,37
Modelica.Mechanics.MultiBody.Examples.Rotational3DEffects.MovingActuatedDrive,Examples,success,,Mechanics,3.897,542,23,514,26,226,singular,singular,,,,82,47,0,true,4,28
Modelica.Mechanics.MultiBody.Examples.Systems.RobotR3.FullRobot,Examples,success,,Mechanics,3.456,2728,158,2456,141,1332,singular,skipped:too-large,,,,927,251,0,false,5,30
Modelica.Mechanics.MultiBody.Examples.Systems.RobotR3.OneAxis,Examples,success,,Mechanics,3.555,422,22,378,24,145,singular,singular,,,,183,29,0,false,5,5
Modelica.Mechanics.MultiBody.Examples.Systems.RobotR3.Utilities.AxisType1,Examples,success,,Mechanics,1.387,299,18,265,8,110,singular,singular,,,,94,28,0,false,4,4
Modelica.Mechanics.MultiBody.Examples.Systems.RobotR3.Utilities.AxisType2,Examples,success,,Mechanics,1.420,287,16,255,8,101,singular,singular,,,,93,27,0,false,4,4
Modelica.Mechanics.MultiBody.Examples.Systems.RobotR3.Utilities.Controller,Examples,success,,Mechanics,0.291,17,1,10,6,15,ok,,17,0,0,10,0,0,false,1,0
Modelica.Mechanics.MultiBody.Examples.Systems.RobotR3.Utilities.GearType1,Examples,success,,Mechanics,0.382,39,4,35,6,24,singular,singular,,,,4,6,0,false,2,4
Modelica.Mechanics.MultiBody.Examples.Systems.RobotR3.Utilities.GearType2,Examples,success,,Mechanics,0.353,27,2,25,6,17,singular,singular,,,,3,5,0,false,2,4
Modelica.Mechanics.MultiBody.Examples.Systems.RobotR3.Utilities.MechanicalStructure,Examples,success,,Mechanics,12.678,689,54,643,52,632,singular,singular,,,,132,92,0,false,4,25
Modelica.Mechanics.MultiBody.Examples.Systems.RobotR3.Utilities.Motor,Examples,success,,Mechanics,0.531,187,6,176,7,54,singular,ok,25,0,0,40,21,0,false,3,0
Modelica.Mechanics.MultiBody.Examples.Systems.RobotR3.Utilities.PathPlanning1,Examples,success,,Mechanics,0.757,47,2,38,65,25,singular,singular,,,,19,0,0,false,2,1
Modelica.Mechanics.MultiBody.Examples.Systems.RobotR3.Utilities.PathPlanning6,Examples,success,,Mechanics,1.409,167,2,133,35,36,singular,singular,,,,114,0,0,false,2,1
Modelica.Mechanics.MultiBody.Examples.Systems.RobotR3.Utilities.PathToAxisControlBus,Examples,success,,Mechanics,0.257,9,0,6,10,2,ok,,9,0,0,6,0,0,false,1,0
Modelica.Mechanics.MultiBody.Forces.Damper,Component,success,,Mechanics,1.027,211,1,216,11,67,singular,singular,,,,0,2,0,false,4,11
Modelica.Mechanics.MultiBody.Forces.Force,Component,success,,Mechanics,1.276,219,0,222,14,62,singular,singular,,,,10,8,0,false,4,10
Modelica.Mechanics.MultiBody.Forces.ForceAndTorque,Component,success,,Mechanics,1.337,245,0,245,18,64,singular,singular,,,,20,8,0,false,4,10
Modelica.Mechanics.MultiBody.Forces.Internal.BasicForce,Internal,success,,Mechanics,0.854,178,0,187,9,58,singular,singular,,,,0,2,0,false,4,9
Modelica.Mechanics.MultiBody.Forces.Internal.BasicTorque,Internal,success,,Mechanics,1.132,178,0,187,9,58,singular,singular,,,,0,2,0,false,4,9
Modelica.Mechanics.MultiBody.Forces.Internal.BasicWorldForce,Internal,success,,Mechanics,0.846,174,0,180,9,58,singular,singular,,,,0,2,0,false,4,8
Modelica.Mechanics.MultiBody.Forces.Internal.BasicWorldTorque,Internal,success,,Mechanics,0.853,174,0,180,9,58,singular,singular,,,,0,2,0,false,4,8
Modelica.Mechanics.MultiBody.Forces.Internal.ZeroForceAndTorque,Internal,success,,Mechanics,0.262,2,0,5,0,0,singular,singular,,,,0,0,0,false,2,0
Modelica.Mechanics.MultiBody.Forces.LineForceWithMass,Component,success,,Mechanics,0.782,203,0,209,11,67,singular,singular,,,,0,4,0,false,4,10
Modelica.Mechanics.MultiBody.Forces.LineForceWithTwoMasses,Component,success,,Mechanics,0.917,222,0,228,12,71,singular,singular,,,,0,4,0,false,4,9
Modelica.Mechanics.MultiBody.Forces.Spring,Component,success,,Mechanics,1.714,233,0,236,13,79,singular,singular,,,,8,8,0,false,4,10
Modelica.Mechanics.MultiBody.Forces.SpringDamperParallel,Component,success,,Mechanics,1.031,225,1,230,12,71,singular,singular,,,,0,2,0,false,4,11
Modelica.Mechanics.MultiBody.Forces.SpringDamperSeries,Component,success,,Mechanics,1.079,225,1,230,12,72,singular,singular,,,,0,2,0,false,4,11
Modelica.Mechanics.MultiBody.Forces.Torque,Component,success,,Mechanics,1.434,219,0,222,14,62,singular,singular,,,,10,8,0,false,4,10
Modelica.Mechanics.MultiBody.Forces.WorldForce,Component,success,,Mechanics,1.011,197,0,197,13,61,singular,singular,,,,7,6,0,false,4,8
Modelica.Mechanics.MultiBody.Forces.WorldForceAndTorque,Component,failed:ToDae,"unbalanced model: 824 equations, 821 unknowns (balance = 3)",Mechanics,1.350,,,,,,,,,,,,,,false,0,
Modelica.Mechanics.MultiBody.Forces.WorldTorque,Component,success,,Mechanics,1.484,197,0,197,13,61,singular,singular,,,,7,6,0,false,4,8
Modelica.Mechanics.MultiBody.Icons.Surface,Icons,success,,Mechanics,0.260,0,0,0,0,0,error:empty system: no equations or unknowns,,,,,0,0,0,false,0,0
Modelica.Mechanics.MultiBody.Interfaces.FlangeWithBearingAdaptor,Interfaces,success,,Mechanics,0.275,4,0,4,0,2,singular,singular,,,,1,3,0,false,2,0
Modelica.Mechanics.MultiBody.Interfaces.LineForceBase,Interfaces,success,,Mechanics,0.912,176,0,184,9,60,singular,singular,,,,0,2,0,false,4,8
Modelica.Mechanics.MultiBody.Interfaces.PartialAbsoluteSensor,Interfaces,success,,Mechanics,0.702,170,0,175,9,58,singular,singular,,,,0,2,0,false,4,7
Modelica.Mechanics.MultiBody.Interfaces.PartialElementaryJoint,Interfaces,success,,Mechanics,0.785,170,0,180,9,57,singular,singular,,,,0,2,0,false,4,7
Modelica.Mechanics.MultiBody.Interfaces.PartialForce,Interfaces,success,,Mechanics,1.057,173,0,181,9,57,singular,singular,,,,0,2,0,false,4,10
Modelica.Mechanics.MultiBody.Interfaces.PartialLineForce,Interfaces,success,,Mechanics,0.885,180,0,187,9,60,singular,singular,,,,0,2,0,false,4,11
Modelica.Mechanics.MultiBody.Interfaces.PartialOneFrame_a,Interfaces,success,,Mechanics,0.822,170,0,175,9,57,singular,singular,,,,0,2,0,false,4,7
Modelica.Mechanics.MultiBody.Interfaces.PartialOneFrame_b,Interfaces,success,,Mechanics,0.823,170,0,175,9,57,singular,singular,,,,0,2,0,false,4,7
Modelica.Mechanics.MultiBody.Interfaces.PartialRelativeSensor,Interfaces,success,,Mechanics,0.694,170,0,180,9,58,singular,singular,,,,0,2,0,false,4,7
Modelica.Mechanics.MultiBody.Interfaces.PartialTwoFrames,Interfaces,success,,Mechanics,0.792,170,0,180,9,57,singular,singular,,,,0,2,0,false,4,7
Modelica.Mechanics.MultiBody.Interfaces.PartialTwoFramesDoubleSize,Interfaces,success,,Mechanics,0.811,170,0,180,9,57,singular,singular,,,,0,2,0,false,4,7
Modelica.Mechanics.MultiBody.Interfaces.PartialVisualizer,Interfaces,success,,Mechanics,0.801,170,0,175,9,57,singular,singular,,,,0,2,0,false,4,7
Modelica.Mechanics.MultiBody.Interfaces.ZeroPosition,Interfaces,success,,Mechanics,0.263,3,0,5,0,0,singular,singular,,,,0,0,0,false,2,2
Modelica.Mechanics.MultiBody.Joints.Assemblies.JointRRP,Component,failed:ToDae,"unbalanced model: 1462 equations, 1450 unknowns (balance = 12)",Mechanics,2.455,,,,,,,,,,,,,,false,0,
Modelica.Mechanics.MultiBody.Joints.Assemblies.JointRRR,Component,failed:ToDae,"unbalanced model: 1470 equations, 1458 unknowns (balance = 12)",Mechanics,1.964,,,,,,,,,,,,,,false,0,
Modelica.Mechanics.MultiBody.Joints.Assemblies.JointSSP,Component,failed:ToDae,"unbalanced model: 1238 equations, 1235 unknowns (balance = 3)",Mechanics,1.932,,,,,,,,,,,,,,false,0,
Modelica.Mechanics.MultiBody.Joints.Assemblies.JointSSR,Component,failed:ToDae,"unbalanced model: 1249 equations, 1246 unknowns (balance = 3)",Mechanics,2.248,,,,,,,,,,,,,,false,0,
Modelica.Mechanics.MultiBody.Joints.Assemblies.JointUPS,Component,success,,Mechanics,1.435,267,1,277,12,75,singular,singular,,,,0,4,0,false,4,13
Modelica.Mechanics.MultiBody.Joints.Assemblies.JointUSP,Component,success,,Mechanics,3.141,387,1,384,19,126,singular,singular,,,,43,22,0,true,4,16
Modelica.Mechanics.MultiBody.Joints.Assemblies.JointUSR,Component,success,,Mechanics,3.249,393,2,388,19,124,singular,singular,,,,43,22,0,true,4,21
Modelica.Mechanics.MultiBody.Joints.Constraints.Prismatic,Component,success,,Mechanics,0.783,193,2,195,10,63,singular,singular,,,,0,2,0,false,4,13
Modelica.Mechanics.MultiBody.Joints.Constraints.Revolute,Component,success,,Mechanics,1.038,195,2,195,10,68,singular,singular,,,,0,2,0,false,4,12
Modelica.Mechanics.MultiBody.Joints.Constraints.Spherical,Component,success,,Mechanics,1.036,192,2,194,10,64,singular,singular,,,,0,2,0,false,4,11
Modelica.Mechanics.MultiBody.Joints.Constraints.Universal,Component,success,,Mechanics,0.904,184,2,184,10,64,singular,singular,,,,0,2,0,false,4,12
Modelica.Mechanics.MultiBody.Joints.Cylindrical,Component,failed:ToDae,"unbalanced model: 863 equations, 854 unknowns (balance = 9)",Mechanics,1.365,,,,,,,,,,,,,,false,0,
Modelica.Mechanics.MultiBody.Joints.FreeMotion,Component,success,,Mechanics,1.045,194,3,195,13,73,singular,singular,,,,0,2,0,false,4,27
Modelica.Mechanics.MultiBody.Joints.FreeMotionScalarInit,Component,success,,Mechanics,0.752,185,0,191,10,67,singular,singular,,,,6,6,0,false,4,7
Modelica.Mechanics.MultiBody.Joints.GearConstraint,Component,failed:ToDae,"unbalanced model: 979 equations, 946 unknowns (balance = 33)",Mechanics,1.991,,,,,,,,,,,,,,false,0,
Modelica.Mechanics.MultiBody.Joints.Internal.InitAngle,Internal,failed:Flatten,"unsupported equation form: Connections.branch(frame_a.R, frame_b.R) is used but no Connections.root() or Connections.potentialRoot() is declared; every subgraph needs a root (MLS §9.4)",Mechanics,0.491,,,,,,,,,,,,,,false,0,
Modelica.Mechanics.MultiBody.Joints.Internal.InitAngularVelocity,Internal,success,,Mechanics,0.283,1,0,0,0,0,singular,singular,,,,0,0,0,false,0,4
Modelica.Mechanics.MultiBody.Joints.Internal.InitPosition,Internal,success,,Mechanics,0.285,1,0,0,0,0,singular,singular,,,,0,0,0,false,0,1
Modelica.Mechanics.MultiBody.Joints.Internal.PrismaticWithLengthConstraint,Internal,success,,Mechanics,0.996,204,0,210,10,68,singular,singular,,,,0,4,0,false,4,11
Modelica.Mechanics.MultiBody.Joints.Internal.RevoluteWithLengthConstraint,Internal,success,,Mechanics,0.860,210,1,214,10,67,singular,singular,,,,0,4,0,false,4,18
Modelica.Mechanics.MultiBody.Joints.Internal.RollingConstraintVerticalWheel,Internal,success,,Mechanics,0.282,14,1,16,0,2,singular,singular,,,,0,0,0,false,2,4
Modelica.Mechanics.MultiBody.Joints.Planar,Component,failed:ToDae,"unbalanced model: 1008 equations, 984 unknowns (balance = 24)",Mechanics,2.597,,,,,,,,,,,,,,false,0,
Modelica.Mechanics.MultiBody.Joints.Prismatic,Component,success,,Mechanics,1.043,202,2,206,10,68,singular,singular,,,,1,4,0,false,4,9
Modelica.Mechanics.MultiBody.Joints.Revolute,Component,success,,Mechanics,0.960,207,3,209,10,67,singular,singular,,,,1,4,0,false,4,14
Modelica.Mechanics.MultiBody.Joints.RevolutePlanarLoopConstraint,Component,success,,Mechanics,1.146,194,0,199,10,66,singular,singular,,,,0,2,0,false,4,11
Modelica.Mechanics.MultiBody.Joints.RollingWheel,Component,success,,Mechanics,0.291,24,2,26,0,1,singular,singular,,,,0,0,0,false,2,11
Modelica.Mechanics.MultiBody.Joints.RollingWheelSet,Component,failed:ToDae,"unbalanced model: 1681 equations, 1579 unknowns (balance = 102)",Mechanics,3.533,,,,,,,,,,,,,,false,0,
Modelica.Mechanics.MultiBody.Joints.Spherical,Component,success,,Mechanics,1.183,196,0,202,10,74,singular,singular,,,,0,2,0,false,4,23
Modelica.Mechanics.MultiBody.Joints.SphericalSpherical,Component,success,,Mechanics,1.096,222,0,228,12,70,singular,singular,,,,0,2,0,false,4,10
Modelica.Mechanics.MultiBody.Joints.Universal,Component,failed:ToDae,"unbalanced model: 909 equations, 900 unknowns (balance = 9)",Mechanics,1.390,,,,,,,,,,,,,,false,0,
Modelica.Mechanics.MultiBody.Joints.UniversalSpherical,Component,success,,Mechanics,1.854,249,1,256,12,79,singular,singular,,,,0,2,0,false,4,13
Modelica.Mechanics.MultiBody.Parts.BevelGear1D,Component,success,,Mechanics,0.735,182,0,185,9,62,singular,singular,,,,3,6,0,false,4,8
Modelica.Mechanics.MultiBody.Parts.BevelGear1D.Housing,Component,success,,Mechanics,0.257,2,0,5,0,0,singular,singular,,,,0,0,0,false,2,0
Modelica.Mechanics.MultiBody.Parts.Body,Component,success,,Mechanics,1.605,209,4,206,11,85,singular,singular,,,,0,2,0,false,4,29
Modelica.Mechanics.MultiBody.Parts.BodyBox,Component,failed:ToDae,"unbalanced model: 844 equations, 826 unknowns (balance = 18)",Mechanics,1.615,,,,,,,,,,,,,,false,0,
Modelica.Mechanics.MultiBody.Parts.BodyCylinder,Component,failed:ToDae,"unbalanced model: 844 equations, 826 unknowns (balance = 18)",Mechanics,1.474,,,,,,,,,,,,,,false,0,
Modelica.Mechanics.MultiBody.Parts.BodyShape,Component,failed:ToDae,"unbalanced model: 879 equations, 861 unknowns (balance = 18)",Mechanics,2.141,,,,,,,,,,,,,,false,0,
Modelica.Mechanics.MultiBody.Parts.Fixed,Component,success,,Mechanics,0.801,186,0,188,10,68,singular,singular,,,,0,2,0,false,4,8
Modelica.Mechanics.MultiBody.Parts.FixedRotation,Component,success,,Mechanics,1.003,188,0,193,10,79,singular,singular,,,,0,2,0,false,4,21
Modelica.Mechanics.MultiBody.Parts.FixedTranslation,Component,success,,Mechanics,0.866,187,0,193,10,68,singular,singular,,,,0,2,0,false,4,9
Modelica.Mechanics.MultiBody.Parts.Mounting1D,Component,success,,Mechanics,0.843,180,0,183,9,59,singular,singular,,,,3,5,0,false,4,7
Modelica.Mechanics.MultiBody.Parts.Mounting1D.Housing,Component,success,,Mechanics,0.262,2,0,5,0,0,singular,singular,,,,0,0,0,false,2,0
Modelica.Mechanics.MultiBody.Parts.PointMass,Component,success,,Mechanics,0.951,190,2,190,10,60,singular,singular,,,,0,2,0,false,4,10
Modelica.Mechanics.MultiBody.Parts.RollingWheel,Component,failed:ToDae,"unbalanced model: 873 equations, 864 unknowns (balance = 9)",Mechanics,0.989,,,,,,,,,,,,,,false,0,
Modelica.Mechanics.MultiBody.Parts.RollingWheelSet,Component,failed:ToDae,"unbalanced model: 1819 equations, 1657 unknowns (balance = 162)",Mechanics,5.149,,,,,,,,,,,,,,false,0,
Modelica.Mechanics.MultiBody.Parts.Rotor1D,Component,success,,Mechanics,2.154,228,7,221,11,77,singular,singular,,,,7,8,0,false,4,14
Modelica.Mechanics.MultiBody.Parts.Rotor1D.RotorWith3DEffects,Component,success,,Mechanics,1.054,193,3,193,10,67,singular,singular,,,,0,4,0,false,4,14
Modelica.Mechanics.MultiBody.Sensors.AbsoluteAngles,Component,success,,Mechanics,0.300,3,0,5,0,2,singular,singular,,,,0,0,0,false,2,8
Modelica.Mechanics.MultiBody.Sensors.AbsoluteAngularVelocity,Component,success,,Mechanics,0.314,19,0,20,0,2,singular,singular,,,,7,4,0,false,3,3
Modelica.Mechanics.MultiBody.Sensors.AbsolutePosition,Component,success,,Mechanics,0.266,19,0,20,0,2,singular,singular,,,,7,4,0,false,3,3
Modelica.Mechanics.MultiBody.Sensors.AbsoluteSensor,Component,success,,Mechanics,0.877,183,0,186,13,68,singular,singular,,,,3,4,0,false,4,7
Modelica.Mechanics.MultiBody.Sensors.AbsoluteVelocity,Component,success,,Mechanics,0.400,58,3,49,0,6,singular,singular,,,,24,10,0,true,4,5
Modelica.Mechanics.MultiBody.Sensors.CutForce,Component,success,,Mechanics,1.229,205,0,206,13,64,singular,singular,,,,10,8,0,false,4,7
Modelica.Mechanics.MultiBody.Sensors.CutForceAndTorque,Component,success,,Mechanics,1.537,229,0,226,17,69,singular,singular,,,,17,10,0,false,4,7
Modelica.Mechanics.MultiBody.Sensors.CutTorque,Component,success,,Mechanics,1.525,205,0,206,13,64,singular,singular,,,,10,8,0,false,4,7
Modelica.Mechanics.MultiBody.Sensors.Distance,Component,success,,Mechanics,0.748,185,0,190,13,59,singular,singular,,,,0,2,0,false,4,7
Modelica.Mechanics.MultiBody.Sensors.Internal.BasicAbsoluteAngularVelocity,Internal,success,,Mechanics,0.289,5,0,10,0,1,singular,singular,,,,0,0,0,false,2,1
Modelica.Mechanics.MultiBody.Sensors.Internal.BasicAbsolutePosition,Internal,success,,Mechanics,0.302,5,0,10,0,1,singular,singular,,,,0,0,0,false,2,1
Modelica.Mechanics.MultiBody.Sensors.Internal.BasicCutForce,Internal,success,,Mechanics,0.867,177,0,185,9,60,singular,singular,,,,0,2,0,false,4,7
Modelica.Mechanics.MultiBody.Sensors.Internal.BasicCutTorque,Internal,success,,Mechanics,0.835,177,0,185,9,60,singular,singular,,,,0,2,0,false,4,7
Modelica.Mechanics.MultiBody.Sensors.Internal.BasicRelativeAngularVelocity,Internal,success,,Mechanics,0.443,9,0,17,0,1,singular,singular,,,,0,0,0,false,2,5
Modelica.Mechanics.MultiBody.Sensors.Internal.BasicRelativePosition,Internal,success,,Mechanics,0.253,7,0,15,0,1,singular,singular,,,,0,0,0,false,2,1
Modelica.Mechanics.MultiBody.Sensors.Internal.BasicTransformAbsoluteVector,Internal,success,,Mechanics,0.300,7,0,12,0,2,singular,singular,,,,0,0,0,false,2,2
Modelica.Mechanics.MultiBody.Sensors.Internal.BasicTransformRelativeVector,Internal,success,,Mechanics,0.290,9,0,17,0,2,singular,singular,,,,0,0,0,false,2,2
Modelica.Mechanics.MultiBody.Sensors.Internal.PartialAbsoluteBaseSensor,Internal,success,,Mechanics,0.267,4,0,10,0,0,singular,singular,,,,0,0,0,false,2,0
Modelica.Mechanics.MultiBody.Sensors.Internal.PartialAbsoluteSensor,Internal,success,,Mechanics,0.245,0,0,5,0,0,singular,singular,,,,0,0,0,false,2,0
Modelica.Mechanics.MultiBody.Sensors.Internal.PartialCutForceBaseSensor,Internal,success,,Mechanics,1.086,176,0,185,9,58,singular,singular,,,,0,2,0,false,4,7
Modelica.Mechanics.MultiBody.Sensors.Internal.PartialCutForceSensor,Internal,success,,Mechanics,0.696,170,0,180,9,58,singular,singular,,,,0,2,0,false,4,7
Modelica.Mechanics.MultiBody.Sensors.Internal.PartialRelativeBaseSensor,Internal,success,,Mechanics,0.262,6,0,15,0,0,singular,singular,,,,0,0,0,false,2,0
Modelica.Mechanics.MultiBody.Sensors.Internal.PartialRelativeSensor,Internal,success,,Mechanics,0.279,0,0,10,0,0,singular,singular,,,,0,0,0,false,2,0
Modelica.Mechanics.MultiBody.Sensors.Power,Component,success,,Mechanics,0.827,175,1,179,9,57,singular,singular,,,,0,2,0,false,4,9
Modelica.Mechanics.MultiBody.Sensors.RelativeAngles,Component,success,,Mechanics,0.304,7,0,12,0,2,singular,singular,,,,0,0,0,false,2,12
Modelica.Mechanics.MultiBody.Sensors.RelativeAngularVelocity,Component,success,,Mechanics,0.435,28,0,32,0,2,singular,singular,,,,10,6,0,false,3,6
Modelica.Mechanics.MultiBody.Sensors.RelativePosition,Component,success,,Mechanics,0.288,26,0,30,0,2,singular,singular,,,,10,6,0,false,3,3
Modelica.Mechanics.MultiBody.Sensors.RelativeSensor,Component,success,,Mechanics,0.887,190,0,196,13,69,singular,singular,,,,6,6,0,false,4,7
Modelica.Mechanics.MultiBody.Sensors.RelativeVelocity,Component,success,,Mechanics,0.345,86,3,79,0,7,singular,singular,,,,40,18,0,true,4,3
Modelica.Mechanics.MultiBody.Sensors.TransformAbsoluteVector,Component,success,,Mechanics,0.296,22,0,23,0,4,singular,singular,,,,8,4,0,false,3,2
Modelica.Mechanics.MultiBody.Sensors.TransformRelativeVector,Component,success,,Mechanics,0.312,29,0,33,0,4,singular,singular,,,,11,6,0,false,3,2
Modelica.Mechanics.MultiBody.UsersGuide.Contact,Component,success,,Mechanics,0.293,0,0,0,0,0,error:empty system: no equations or unknowns,,,,,0,0,0,false,0,0
Modelica.Mechanics.MultiBody.UsersGuide.Literature,Component,success,,Mechanics,0.249,0,0,0,0,0,error:empty system: no equations or unknowns,,,,,0,0,0,false,0,0
Modelica.Mechanics.MultiBody.UsersGuide.Tutorial.ConnectionOfLineForces,Component,success,,Mechanics,0.242,0,0,0,0,0,error:empty system: no equations or unknowns,,,,,0,0,0,false,0,0
Modelica.Mechanics.MultiBody.UsersGuide.Tutorial.FirstExample,Component,success,,Mechanics,0.281,0,0,0,0,0,error:empty system: no equations or unknowns,,,,,0,0,0,false,0,0
Modelica.Mechanics.MultiBody.UsersGuide.Tutorial.LoopStructures.AnalyticLoopHandling,Component,success,,Mechanics,0.262,0,0,0,0,0,error:empty system: no equations or unknowns,,,,,0,0,0,false,0,0
Modelica.Mechanics.MultiBody.UsersGuide.Tutorial.LoopStructures.Introduction,Component,success,,Mechanics,0.259,0,0,0,0,0,error:empty system: no equations or unknowns,,,,,0,0,0,false,0,0
Modelica.Mechanics.MultiBody.UsersGuide.Tutorial.LoopStructures.PlanarLoops,Component,success,,Mechanics,0.262,0,0,0,0,0,error:empty system: no equations or unknowns,,,,,0,0,0,false,0,0
Modelica.Mechanics.MultiBody.UsersGuide.Tutorial.OverView,Component,success,,Mechanics,0.249,0,0,0,0,0,error:empty system: no equations or unknowns,,,,,0,0,0,false,0,0
Modelica.Mechanics.MultiBody.Visualizers.Advanced.Arrow,Component,success,,Mechanics,0.845,181,0,181,14,59,singular,singular,,,,0,2,0,false,4,7
Modelica.Mechanics.MultiBody.Visualizers.Advanced.DoubleArrow,Component,success,,Mechanics,1.007,181,0,181,14,59,singular,singular,,,,0,2,0,false,4,7
Modelica.Mechanics.MultiBody.Visualizers.Advanced.PipeWithScalarField,Component,success,,Mechanics,0.384,8,0,8,0,15,singular,singular,,,,0,0,0,false,2,4
Modelica.Mechanics.MultiBody.Visualizers.Advanced.Shape,Component,success,,Mechanics,0.270,12,0,12,0,1,singular,singular,,,,0,0,0,false,1,2
Modelica.Mechanics.MultiBody.Visualizers.Advanced.Surface,Component,success,,Mechanics,0.287,6,0,6,0,4,singular,singular,,,,0,0,0,false,1,2
Modelica.Mechanics.MultiBody.Visualizers.Advanced.Vector,Component,success,,Mechanics,0.257,5,0,5,3,1,singular,singular,,,,0,0,0,false,1,2
Modelica.Mechanics.MultiBody.Visualizers.FixedArrow,Component,success,,Mechanics,0.830,181,0,184,14,60,singular,singular,,,,0,2,0,false,4,7
Modelica.Mechanics.MultiBody.Visualizers.FixedFrame,Component,success,,Mechanics,1.779,325,0,328,15,73,singular,singular,,,,0,2,0,false,4,8
Modelica.Mechanics.MultiBody.Visualizers.FixedShape,Component,success,,Mechanics,0.888,189,0,192,10,60,singular,singular,,,,0,2,0,false,4,7
Modelica.Mechanics.MultiBody.Visualizers.FixedShape2,Component,success,,Mechanics,0.874,195,0,201,10,60,singular,singular,,,,0,2,0,false,4,9
Modelica.Mechanics.MultiBody.Visualizers.Internal.FixedLines,Internal,success,,Mechanics,1.482,203,0,206,11,60,singular,singular,,,,0,2,0,false,4,7
Modelica.Mechanics.MultiBody.Visualizers.Internal.Lines,Internal,success,,Mechanics,0.381,23,0,23,1,2,singular,singular,,,,0,0,0,false,2,7
Modelica.Mechanics.MultiBody.Visualizers.PipeWithScalarField,Component,success,,Mechanics,1.052,182,0,185,9,83,singular,singular,,,,0,2,0,false,4,9
Modelica.Mechanics.MultiBody.Visualizers.Rectangle,Component,success,,Mechanics,1.014,186,0,189,9,69,singular,singular,,,,3,4,0,false,4,10
Modelica.Mechanics.MultiBody.Visualizers.SignalArrow,Component,success,,Mechanics,0.871,179,0,182,14,60,singular,singular,,,,0,2,0,false,4,7
Modelica.Mechanics.MultiBody.Visualizers.Torus,Component,success,,Mechanics,0.831,181,0,184,9,70,singular,singular,,,,0,2,0,false,4,7
Modelica.Mechanics.MultiBody.Visualizers.VoluminousWheel,Component,success,,Mechanics,1.146,190,0,193,9,77,singular,singular,,,,0,2,0,false,4,7
Modelica.Mechanics.MultiBody.World,Component,success,,Mechanics,0.665,168,0,170,9,57,singular,singular,,,,0,0,0,false,3,7
Modelica.Mechanics.Rotational.Components.AngleToTorqueAdaptor,Component,success,,Mechanics,0.274,17,0,14,0,6,singular,singular,,,,7,3,0,false,2,1
Modelica.Mechanics.Rotational.Components.AngleToTorqueAdaptor.Move_phi,Component,success,,Mechanics,0.375,3,0,3,0,1,ok,,3,0,0,0,1,0,false,1,0
Modelica.Mechanics.Rotational.Components.AngleToTorqueAdaptor.Move_w,Component,success,,Mechanics,0.301,4,0,4,0,1,ok,,4,0,0,0,1,0,false,1,1
Modelica.Mechanics.Rotational.Components.BearingFriction,Component,success,,Mechanics,0.319,16,2,14,6,11,singular,singular,,,,0,2,0,false,1,4
Modelica.Mechanics.Rotational.Components.Brake,Component,success,,Mechanics,0.603,18,2,16,6,14,singular,singular,,,,0,2,0,false,1,4
Modelica.Mechanics.Rotational.Components.Clutch,Component,success,,Mechanics,0.332,17,2,15,6,14,singular,singular,,,,0,2,0,false,1,4
Modelica.Mechanics.Rotational.Components.Damper,Component,success,,Mechanics,0.262,9,2,7,0,3,singular,singular,,,,0,2,0,false,1,0
Modelica.Mechanics.Rotational.Components.Disc,Component,success,,Mechanics,0.271,5,0,5,0,1,singular,singular,,,,0,2,0,false,1,0
Modelica.Mechanics.Rotational.Components.ElastoBacklash,Component,success,,Mechanics,0.294,12,2,10,1,9,singular,singular,,,,0,2,0,false,1,0
Modelica.Mechanics.Rotational.Components.ElastoBacklash2,Component,success,,Mechanics,0.271,12,2,10,1,9,singular,singular,,,,0,2,0,false,1,0
Modelica.Mechanics.Rotational.Components.Fixed,Component,success,,Mechanics,0.457,2,0,2,0,1,ok,,2,0,0,0,1,0,false,1,0
Modelica.Mechanics.Rotational.Components.Gearbox,Component,success,,Mechanics,0.414,62,6,56,8,35,singular,singular,,,,8,9,0,false,2,6
Modelica.Mechanics.Rotational.Components.GeneralAngleToTorqueAdaptor,Component,success,,Mechanics,0.287,9,2,5,0,10,singular,ok,5,0,0,2,1,0,false,1,1
Modelica.Mechanics.Rotational.Components.GeneralTorqueToAngleAdaptor,Component,success,,Mechanics,0.273,11,2,5,0,10,singular,singular,,,,2,1,0,false,1,0
Modelica.Mechanics.Rotational.Components.IdealGear,Component,success,,Mechanics,0.275,7,0,7,0,2,singular,singular,,,,0,2,0,false,1,0
Modelica.Mechanics.Rotational.Components.IdealGearR2T,Component,success,,Mechanics,0.278,16,0,16,0,5,singular,singular,,,,2,4,0,false,2,0
Modelica.Mechanics.Rotational.Components.IdealPlanetary,Component,success,,Mechanics,0.380,6,0,6,0,1,singular,singular,,,,0,3,0,false,1,0
Modelica.Mechanics.Rotational.Components.IdealRollingWheel,Component,success,,Mechanics,0.255,16,0,16,0,5,singular,singular,,,,2,4,0,false,2,0
Modelica.Mechanics.Rotational.Components.Inertia,Component,success,,Mechanics,0.273,7,2,5,0,1,ok,,7,0,0,0,2,0,false,1,0
Modelica.Mechanics.Rotational.Components.InitializeFlange,Component,success,,Mechanics,0.267,16,4,12,0,3,singular,singular,,,,7,2,0,false,2,0
Modelica.Mechanics.Rotational.Components.InitializeFlange.Set_a_start,Component,success,,Mechanics,0.327,3,2,1,0,0,singular,singular,,,,0,1,0,false,1,0
Modelica.Mechanics.Rotational.Components.InitializeFlange.Set_flange_tau,Component,success,,Mechanics,0.253,2,0,2,0,0,singular,singular,,,,0,1,0,false,1,0
Modelica.Mechanics.Rotational.Components.InitializeFlange.Set_phi_start,Component,success,,Mechanics,0.343,2,0,2,0,0,singular,singular,,,,0,1,0,false,1,0
Modelica.Mechanics.Rotational.Components.InitializeFlange.Set_w_start,Component,success,,Mechanics,0.239,2,1,1,0,0,singular,singular,,,,0,1,0,false,1,0
Modelica.Mechanics.Rotational.Components.LossyGear,Component,success,,Mechanics,0.357,33,2,31,8,13,singular,singular,,,,0,2,0,false,1,6
Modelica.Mechanics.Rotational.Components.OneWayClutch,Component,success,,Mechanics,0.477,15,2,13,5,15,singular,singular,,,,0,2,0,false,1,4
Modelica.Mechanics.Rotational.Components.RelativeStates,Component,success,,Mechanics,0.356,7,2,5,0,1,singular,singular,,,,0,2,0,false,1,0
Modelica.Mechanics.Rotational.Components.Spring,Component,success,,Mechanics,0.252,6,0,6,0,2,singular,singular,,,,0,2,0,false,1,0
Modelica.Mechanics.Rotational.Components.SpringDamper,Component,success,,Mechanics,0.426,11,2,9,0,5,singular,singular,,,,0,2,0,false,1,0
Modelica.Mechanics.Rotational.Components.TorqueToAngleAdaptor,Component,success,,Mechanics,0.241,7,2,3,0,2,singular,singular,,,,2,1,0,false,1,0
Modelica.Mechanics.Rotational.Examples.Backlash,Examples,success,,Mechanics,0.367,62,12,50,1,28,singular,ok,28,0,0,6,9,0,false,2,0
Modelica.Mechanics.Rotational.Examples.CompareBrakingTorque,Examples,success,,Mechanics,0.362,52,12,40,1,27,singular,ok,25,0,0,4,8,0,false,2,0
Modelica.Mechanics.Rotational.Examples.CoupledClutches,Examples,success,,Mechanics,0.771,94,14,76,16,67,singular,singular,,,,12,9,0,false,2,5
Modelica.Mechanics.Rotational.Examples.EddyCurrentBrake,Examples,success,,Mechanics,0.304,25,4,20,1,16,singular,ok,8,0,0,3,3,0,false,2,2
Modelica.Mechanics.Rotational.Examples.ElasticBearing,Examples,success,,Mechanics,0.425,63,9,50,1,19,singular,ok,21,0,0,10,9,0,false,2,0
Modelica.Mechanics.Rotational.Examples.First,Examples,success,,Mechanics,0.307,54,8,45,1,25,singular,ok,15,1,5,10,7,0,false,2,1
Modelica.Mechanics.Rotational.Examples.FirstGrounded,Examples,success,,Mechanics,0.344,50,8,41,1,25,singular,ok,14,1,5,8,7,0,false,2,1
Modelica.Mechanics.Rotational.Examples.Friction,Examples,success,,Mechanics,0.672,90,12,69,11,51,singular,singular,,,,13,8,0,false,2,5
Modelica.Mechanics.Rotational.Examples.GenerationOfFMUs,Examples,success,,Mechanics,0.808,206,17,161,1,61,singular,singular,,,,80,26,0,false,4,3
Modelica.Mechanics.Rotational.Examples.HeatLosses,Examples,success,,Mechanics,1.987,219,28,185,27,103,singular,singular,,,,30,18,0,false,2,8
Modelica.Mechanics.Rotational.Examples.LossyGearDemo1,Examples,success,,Mechanics,0.803,69,8,56,8,28,singular,singular,,,,9,5,0,false,2,7
Modelica.Mechanics.Rotational.Examples.LossyGearDemo2,Examples,success,,Mechanics,0.522,87,10,72,13,38,singular,singular,,,,11,6,0,false,2,7
Modelica.Mechanics.Rotational.Examples.LossyGearDemo3,Examples,success,,Mechanics,0.441,60,6,49,8,23,singular,ok,28,1,10,6,4,0,false,2,6
Modelica.Mechanics.Rotational.Examples.OneWayClutch,Examples,success,,Mechanics,0.677,37,6,29,7,34,singular,ok,16,1,3,5,4,0,false,2,5
Modelica.Mechanics.Rotational.Examples.OneWayClutchDisengaged,Examples,success,,Mechanics,0.591,42,7,33,5,27,singular,ok,17,1,4,6,4,0,false,2,5
Modelica.Mechanics.Rotational.Examples.RollingWheel,Examples,success,,Mechanics,0.319,41,5,36,1,17,singular,ok,14,1,5,6,6,0,false,3,0
Modelica.Mechanics.Rotational.Examples.SimpleGearShift,Examples,success,,Mechanics,0.623,76,9,61,11,43,singular,singular,,,,11,6,0,false,2,4
Modelica.Mechanics.Rotational.Examples.Utilities.DirectInertia,Examples,success,,Mechanics,0.250,22,4,13,0,5,singular,singular,,,,9,2,0,false,2,0
Modelica.Mechanics.Rotational.Examples.Utilities.InverseInertia,Examples,success,,Mechanics,0.302,28,2,22,0,8,singular,singular,,,,12,4,0,false,3,1
Modelica.Mechanics.Rotational.Examples.Utilities.Spring,Examples,failed:ToDae,"unbalanced model: 32 equations, 34 unknowns (balance = -2)",Mechanics,0.353,,,,,,,,,,,,,,false,0,
Modelica.Mechanics.Rotational.Examples.Utilities.SpringDamper,Examples,success,,Mechanics,0.373,48,1,39,0,17,singular,singular,,,,20,6,0,false,3,1
Modelica.Mechanics.Rotational.Examples.Utilities.SpringDamperNoRelativeStates,Examples,success,,Mechanics,0.259,10,1,9,0,4,singular,singular,,,,0,2,0,false,1,0
Modelica.Mechanics.Rotational.Icons.Clutch,Icons,success,,Mechanics,0.282,0,0,0,0,0,error:empty system: no equations or unknowns,,,,,0,0,0,false,0,0
Modelica.Mechanics.Rotational.Icons.Gear,Icons,success,,Mechanics,0.245,0,0,0,0,0,error:empty system: no equations or unknowns,,,,,0,0,0,false,0,0
Modelica.Mechanics.Rotational.Icons.Gearbox,Icons,success,,Mechanics,0.265,0,0,0,0,0,error:empty system: no equations or unknowns,,,,,0,0,0,false,0,0
Modelica.Mechanics.Rotational.Interfaces.InternalSupport,Interfaces,success,,Mechanics,0.245,3,0,3,0,0,singular,singular,,,,0,1,0,false,1,0
Modelica.Mechanics.Rotational.Interfaces.PartialAbsoluteSensor,Interfaces,success,,Mechanics,0.394,2,0,2,0,0,singular,singular,,,,0,1,0,false,1,0
Modelica.Mechanics.Rotational.Interfaces.PartialCompliant,Interfaces,success,,Mechanics,0.248,5,0,6,0,0,singular,singular,,,,0,2,0,false,1,0
Modelica.Mechanics.Rotational.Interfaces.PartialCompliantWithRelativeStates,Interfaces,success,,Mechanics,0.294,7,2,6,0,1,singular,singular,,,,0,2,0,false,1,0
Modelica.Mechanics.Rotational.Interfaces.PartialElementaryOneFlangeAndSupport2,Interfaces,success,,Mechanics,0.241,2,0,3,0,1,singular,singular,,,,0,1,0,false,1,0
Modelica.Mechanics.Rotational.Interfaces.PartialElementaryRotationalToTranslational,Interfaces,success,,Mechanics,0.281,14,0,16,0,4,singular,singular,,,,2,4,0,false,2,0
Modelica.Mechanics.Rotational.Interfaces.PartialElementaryTwoFlangesAndSupport2,Interfaces,success,,Mechanics,0.329,3,0,5,0,1,singular,singular,,,,0,2,0,false,1,0
Modelica.Mechanics.Rotational.Interfaces.PartialFriction,Interfaces,success,,Mechanics,0.336,1,0,5,6,5,singular,singular,,,,0,0,0,false,1,0
Modelica.Mechanics.Rotational.Interfaces.PartialOneFlangeAndSupport,Interfaces,success,,Mechanics,0.249,5,0,6,0,2,singular,singular,,,,1,3,0,false,2,0
Modelica.Mechanics.Rotational.Interfaces.PartialRelativeSensor,Interfaces,success,,Mechanics,0.344,3,0,4,0,0,singular,singular,,,,0,2,0,false,1,0
Modelica.Mechanics.Rotational.Interfaces.PartialTorque,Interfaces,success,,Mechanics,0.242,3,0,4,0,1,singular,singular,,,,0,1,0,false,1,0
Modelica.Mechanics.Rotational.Interfaces.PartialTwoFlanges,Interfaces,success,,Mechanics,0.268,2,0,4,0,0,singular,singular,,,,0,2,0,false,1,0
Modelica.Mechanics.Rotational.Interfaces.PartialTwoFlangesAndSupport,Interfaces,success,,Mechanics,0.365,6,0,8,0,2,singular,singular,,,,1,4,0,false,2,0
Modelica.Mechanics.Rotational.Sensors.AccSensor,Component,success,,Mechanics,0.284,4,2,1,0,0,singular,singular,,,,0,1,0,false,1,0
Modelica.Mechanics.Rotational.Sensors.AngleSensor,Component,success,,Mechanics,0.260,3,0,2,0,0,singular,singular,,,,0,1,0,false,1,0
Modelica.Mechanics.Rotational.Sensors.MultiSensor,Component,success,,Mechanics,0.399,7,1,3,0,0,singular,singular,,,,0,2,0,false,1,0
Modelica.Mechanics.Rotational.Sensors.PowerSensor,Component,success,,Mechanics,0.238,5,1,3,0,0,singular,singular,,,,0,2,0,false,1,0
Modelica.Mechanics.Rotational.Sensors.RelAccSensor,Component,success,,Mechanics,0.308,7,2,4,0,0,singular,singular,,,,0,2,0,false,1,0
Modelica.Mechanics.Rotational.Sensors.RelAngleSensor,Component,success,,Mechanics,0.257,5,0,4,0,0,singular,singular,,,,0,2,0,false,1,0
Modelica.Mechanics.Rotational.Sensors.RelSpeedSensor,Component,success,,Mechanics,0.364,6,1,4,0,0,singular,singular,,,,0,2,0,false,1,0
Modelica.Mechanics.Rotational.Sensors.SpeedSensor,Component,success,,Mechanics,0.249,3,1,1,0,0,singular,singular,,,,0,1,0,false,1,0
Modelica.Mechanics.Rotational.Sensors.TorqueSensor,Component,success,,Mechanics,0.376,5,0,4,0,0,singular,singular,,,,0,2,0,false,1,0
Modelica.Mechanics.Rotational.Sources.Accelerate,Component,success,,Mechanics,0.250,6,2,4,0,1,ok,,6,0,0,0,1,0,false,1,0
Modelica.Mechanics.Rotational.Sources.ConstantSpeed,Component,success,,Mechanics,0.327,5,1,4,0,2,ok,,5,0,0,0,1,0,false,1,0
Modelica.Mechanics.Rotational.Sources.ConstantTorque,Component,success,,Mechanics,0.243,6,1,5,0,2,singular,singular,,,,0,1,0,false,1,0
Modelica.Mechanics.Rotational.Sources.EddyCurrentTorque,Component,success,,Mechanics,0.394,10,1,9,0,9,ok,,10,0,0,0,1,0,false,1,2
Modelica.Mechanics.Rotational.Sources.InverseSpeedDependentTorque,Component,success,,Mechanics,0.266,6,1,5,1,6,ok,,6,0,0,0,1,0,false,1,0
Modelica.Mechanics.Rotational.Sources.LinearSpeedDependentTorque,Component,success,,Mechanics,0.413,6,1,5,0,4,ok,,6,0,0,0,1,0,false,1,0
Modelica.Mechanics.Rotational.Sources.Move,Component,success,,Mechanics,0.252,4,0,4,0,1,ok,,4,0,0,0,1,0,false,1,1
Modelica.Mechanics.Rotational.Sources.Position,Component,success,,Mechanics,0.325,6,2,4,0,4,ok,,6,0,0,0,1,0,false,1,0
Modelica.Mechanics.Rotational.Sources.QuadraticSpeedDependentTorque,Component,success,,Mechanics,0.298,6,1,5,0,4,ok,,6,0,0,0,1,0,false,1,0
Modelica.Mechanics.Rotational.Sources.SignTorque,Component,success,,Mechanics,0.299,6,1,5,0,4,ok,,6,0,0,0,1,0,false,1,1
Modelica.Mechanics.Rotational.Sources.Speed,Component,success,,Mechanics,0.281,6,2,4,0,4,ok,,6,0,0,0,1,0,false,1,0
Modelica.Mechanics.Rotational.Sources.Torque,Component,success,,Mechanics,0.268,3,0,3,0,1,singular,singular,,,,0,1,0,false,1,0
Modelica.Mechanics.Rotational.Sources.Torque2,Component,success,,Mechanics,0.271,4,0,4,0,0,singular,singular,,,,0,2,0,false,1,0
Modelica.Mechanics.Rotational.Sources.TorqueStep,Component,success,,Mechanics,0.310,5,0,5,1,5,singular,singular,,,,0,1,0,false,1,0
Modelica.Mechanics.Rotational.UsersGuide.Contact,Component,success,,Mechanics,0.261,0,0,0,0,0,error:empty system: no equations or unknowns,,,,,0,0,0,false,0,0
Modelica.Mechanics.Rotational.UsersGuide.FlangeConnectors,Component,success,,Mechanics,0.237,0,0,0,0,0,error:empty system: no equations or unknowns,,,,,0,0,0,false,0,0
Modelica.Mechanics.Rotational.UsersGuide.ModelingOfFriction,Component,success,,Mechanics,0.253,0,0,0,0,0,error:empty system: no equations or unknowns,,,,,0,0,0,false,0,0
Modelica.Mechanics.Rotational.UsersGuide.Overview,Component,success,,Mechanics,0.286,0,0,0,0,0,error:empty system: no equations or unknowns,,,,,0,0,0,false,0,0
Modelica.Mechanics.Rotational.UsersGuide.References,Component,success,,Mechanics,0.241,0,0,0,0,0,error:empty system: no equations or unknowns,,,,,0,0,0,false,0,0
Modelica.Mechanics.Rotational.UsersGuide.RequirementsForSimulationTool,Component,success,,Mechanics,0.294,0,0,0,0,0,error:empty system: no equations or unknowns,,,,,0,0,0,false,0,0
Modelica.Mechanics.Rotational.UsersGuide.SignConventions,Component,success,,Mechanics,0.345,0,0,0,0,0,error:empty system: no equations or unknowns,,,,,0,0,0,false,0,0
Modelica.Mechanics.Rotational.UsersGuide.StateSelection,Component,success,,Mechanics,0.260,0,0,0,0,0,error:empty system: no equations or unknowns,,,,,0,0,0,false,0,0
Modelica.Mechanics.Rotational.UsersGuide.SupportTorques,Component,success,,Mechanics,0.242,0,0,0,0,0,error:empty system: no equations or unknowns,,,,,0,0,0,false,0,0
Modelica.Mechanics.Rotational.UsersGuide.UserDefinedComponents,Component,success,,Mechanics,0.259,0,0,0,0,0,error:empty system: no equations or unknowns,,,,,0,0,0,false,0,0
Modelica.Mechanics.Translational.Components.Brake,Component,success,,Mechanics,0.345,20,2,18,6,14,singular,singular,,,,0,2,0,false,1,4
Modelica.Mechanics.Translational.Components.Damper,Component,success,,Mechanics,0.280,8,1,7,0,3,singular,singular,,,,0,2,0,false,1,0
Modelica.Mechanics.Translational.Components.ElastoGap,Component,success,,Mechanics,0.265,12,1,11,2,9,singular,singular,,,,0,2,0,false,1,0
Modelica.Mechanics.Translational.Components.Fixed,Component,success,,Mechanics,0.303,2,0,2,0,1,ok,,2,0,0,0,1,0,false,1,0
Modelica.Mechanics.Translational.Components.GeneralForceToPositionAdaptor,Component,success,,Mechanics,0.278,11,2,5,0,10,singular,singular,,,,2,1,0,false,1,0
Modelica.Mechanics.Translational.Components.GeneralPositionToForceAdaptor,Component,success,,Mechanics,0.320,9,2,5,0,10,singular,ok,5,0,0,2,1,0,false,1,1
Modelica.Mechanics.Translational.Components.IdealGearR2T,Component,success,,Mechanics,0.246,16,0,16,0,5,singular,singular,,,,2,4,0,false,2,0
Modelica.Mechanics.Translational.Components.IdealRollingWheel,Component,success,,Mechanics,0.371,16,0,16,0,5,singular,singular,,,,2,4,0,false,2,0
Modelica.Mechanics.Translational.Components.InitializeFlange,Component,success,,Mechanics,0.257,16,4,12,0,3,singular,singular,,,,7,2,0,false,2,0
Modelica.Mechanics.Translational.Components.InitializeFlange.Set_a_start,Component,success,,Mechanics,0.291,3,2,1,0,0,singular,singular,,,,0,1,0,false,1,0
Modelica.Mechanics.Translational.Components.InitializeFlange.Set_flange_f,Component,success,,Mechanics,0.261,2,0,2,0,0,singular,singular,,,,0,1,0,false,1,0
Modelica.Mechanics.Translational.Components.InitializeFlange.Set_s_start,Component,success,,Mechanics,0.284,2,0,2,0,0,singular,singular,,,,0,1,0,false,1,0
Modelica.Mechanics.Translational.Components.InitializeFlange.Set_v_start,Component,success,,Mechanics,0.240,2,1,1,0,0,singular,singular,,,,0,1,0,false,1,0
Modelica.Mechanics.Translational.Components.Mass,Component,success,,Mechanics,0.300,7,2,5,0,2,ok,,7,0,0,0,2,0,false,1,0
Modelica.Mechanics.Translational.Components.MassWithStopAndFriction,Component,success,,Mechanics,0.262,14,2,12,7,19,ok,,14,0,0,0,2,0,false,1,1
Modelica.Mechanics.Translational.Components.MassWithStopAndFriction.PartialFrictionWithStop,Component,success,,Mechanics,0.279,5,0,11,6,8,singular,singular,,,,0,2,0,false,1,0
Modelica.Mechanics.Translational.Components.RelativeStates,Component,success,,Mechanics,0.257,7,2,5,0,0,singular,singular,,,,0,2,0,false,1,0
Modelica.Mechanics.Translational.Components.Rod,Component,success,,Mechanics,0.374,5,0,5,0,1,singular,singular,,,,0,2,0,false,1,0
Modelica.Mechanics.Translational.Components.RollingResistance,Component,success,,Mechanics,0.267,9,1,8,0,8,ok,,9,0,0,0,1,0,false,1,1
Modelica.Mechanics.Translational.Components.Spring,Component,success,,Mechanics,0.323,6,0,6,0,2,singular,singular,,,,0,2,0,false,1,0
Modelica.Mechanics.Translational.Components.SpringDamper,Component,success,,Mechanics,0.277,10,1,9,0,5,singular,singular,,,,0,2,0,false,1,0
Modelica.Mechanics.Translational.Components.SupportFriction,Component,success,,Mechanics,0.351,18,2,16,6,11,singular,singular,,,,0,2,0,false,1,4
Modelica.Mechanics.Translational.Components.Vehicle,Component,success,,Mechanics,0.380,74,8,61,1,43,singular,singular,,,,15,9,0,false,3,2
Modelica.Mechanics.Translational.Examples.Accelerate,Examples,success,,Mechanics,0.283,15,4,10,0,4,singular,ok,4,0,0,2,2,0,false,2,0
Modelica.Mechanics.Translational.Examples.Brake,Examples,success,,Mechanics,0.483,61,8,52,11,35,singular,singular,,,,5,7,0,false,2,4
Modelica.Mechanics.Translational.Examples.CompareBrakingForce,Examples,success,,Mechanics,0.396,52,12,40,1,31,singular,ok,22,0,0,4,8,0,false,2,0
Modelica.Mechanics.Translational.Examples.Damper,Examples,success,,Mechanics,0.355,59,9,50,0,22,singular,ok,18,0,0,8,9,0,false,2,0
Modelica.Mechanics.Translational.Examples.EddyCurrentBrake,Examples,success,,Mechanics,0.328,25,4,20,1,17,singular,ok,8,0,0,3,3,0,false,2,2
Modelica.Mechanics.Translational.Examples.ElastoGap,Examples,success,,Mechanics,0.357,70,8,62,3,35,singular,ok,27,0,0,10,7,0,false,2,0
Modelica.Mechanics.Translational.Examples.Friction,Examples,success,,Mechanics,0.597,72,8,63,18,60,singular,singular,,,,7,8,0,false,2,7
Modelica.Mechanics.Translational.Examples.GenerationOfFMUs,Examples,success,,Mechanics,1.434,201,33,135,1,135,singular,singular,,,,57,16,0,false,3,3
Modelica.Mechanics.Translational.Examples.HeatLosses,Examples,success,,Mechanics,1.559,155,16,136,18,88,singular,singular,,,,24,14,0,false,2,7
Modelica.Mechanics.Translational.Examples.InitialConditions,Examples,success,,Mechanics,0.301,64,10,54,0,24,singular,ok,23,0,0,8,10,0,false,2,0
Modelica.Mechanics.Translational.Examples.Oscillator,Examples,success,,Mechanics,0.311,50,5,43,1,28,singular,ok,17,0,0,10,6,0,false,2,1
Modelica.Mechanics.Translational.Examples.PreLoad,Examples,success,,Mechanics,0.516,116,11,104,5,57,singular,ok,48,1,2,19,12,0,false,2,1
Modelica.Mechanics.Translational.Examples.Sensors,Examples,success,,Mechanics,0.372,38,6,23,1,10,singular,ok,11,0,0,8,4,0,false,2,1
Modelica.Mechanics.Translational.Examples.SignConvention,Examples,success,,Mechanics,0.262,41,6,32,0,13,ok,,41,0,0,6,7,0,false,2,0
Modelica.Mechanics.Translational.Examples.Utilities.DirectMass,Examples,success,,Mechanics,0.426,27,4,16,0,14,singular,ok,13,0,0,9,2,0,false,2,0
Modelica.Mechanics.Translational.Examples.Utilities.InverseMass,Examples,success,,Mechanics,0.253,20,4,13,0,13,singular,singular,,,,7,2,0,false,2,1
Modelica.Mechanics.Translational.Examples.Utilities.Spring,Examples,success,,Mechanics,0.323,28,4,18,0,24,singular,singular,,,,6,2,0,false,2,0
Modelica.Mechanics.Translational.Examples.Utilities.SpringDamper,Examples,success,,Mechanics,0.287,34,5,23,0,27,singular,singular,,,,10,2,0,false,2,1
Modelica.Mechanics.Translational.Examples.Utilities.SpringDamperNoRelativeStates,Examples,success,,Mechanics,0.283,10,1,9,0,4,singular,singular,,,,0,2,0,false,1,0
Modelica.Mechanics.Translational.Examples.Vehicle,Examples,success,,Mechanics,1.333,247,25,203,3,167,singular,singular,,,,59,27,0,false,4,10
Modelica.Mechanics.Translational.Examples.WhyArrows,Examples,success,,Mechanics,0.314,56,4,49,0,14,ok,,56,0,0,10,10,0,false,2,0
Modelica.Mechanics.Translational.Interfaces.InternalSupport,Interfaces,success,,Mechanics,0.234,3,0,3,0,0,singular,singular,,,,0,1,0,false,1,0
Modelica.Mechanics.Translational.Interfaces.PartialAbsoluteSensor,Interfaces,success,,Mechanics,0.345,2,0,2,0,0,singular,singular,,,,0,1,0,false,1,0
Modelica.Mechanics.Translational.Interfaces.PartialCompliant,Interfaces,success,,Mechanics,0.258,5,0,6,0,0,singular,singular,,,,0,2,0,false,1,0
Modelica.Mechanics.Translational.Interfaces.PartialCompliantWithRelativeStates,Interfaces,success,,Mechanics,0.328,6,1,6,0,1,singular,singular,,,,0,2,0,false,1,0
Modelica.Mechanics.Translational.Interfaces.PartialElementaryOneFlangeAndSupport2,Interfaces,success,,Mechanics,0.249,3,0,4,0,1,singular,singular,,,,0,1,0,false,1,0
Modelica.Mechanics.Translational.Interfaces.PartialElementaryRotationalToTranslational,Interfaces,success,,Mechanics,0.276,14,0,16,0,4,singular,singular,,,,2,4,0,false,2,0
Modelica.Mechanics.Translational.Interfaces.PartialElementaryTwoFlangesAndSupport2,Interfaces,success,,Mechanics,0.301,5,0,7,0,1,singular,singular,,,,0,2,0,false,1,0
Modelica.Mechanics.Translational.Interfaces.PartialForce,Interfaces,success,,Mechanics,0.266,4,0,5,0,1,singular,singular,,,,0,1,0,false,1,0
Modelica.Mechanics.Translational.Interfaces.PartialFriction,Interfaces,success,,Mechanics,0.263,1,0,5,6,5,singular,singular,,,,0,0,0,false,1,0
Modelica.Mechanics.Translational.Interfaces.PartialOneFlangeAndSupport,Interfaces,success,,Mechanics,0.330,5,0,6,0,2,singular,singular,,,,1,3,0,false,2,0
Modelica.Mechanics.Translational.Interfaces.PartialRelativeSensor,Interfaces,success,,Mechanics,0.241,3,0,4,0,0,singular,singular,,,,0,2,0,false,1,0
Modelica.Mechanics.Translational.Interfaces.PartialRigid,Interfaces,success,,Mechanics,0.377,4,0,5,0,1,singular,singular,,,,0,2,0,false,1,0
Modelica.Mechanics.Translational.Interfaces.PartialTwoFlanges,Interfaces,success,,Mechanics,0.335,2,0,4,0,0,singular,singular,,,,0,2,0,false,1,0
Modelica.Mechanics.Translational.Interfaces.PartialTwoFlangesAndSupport,Interfaces,success,,Mechanics,0.322,6,0,8,0,2,singular,singular,,,,1,4,0,false,2,0
Modelica.Mechanics.Translational.Sensors.AccSensor,Component,success,,Mechanics,0.279,4,2,1,0,0,singular,singular,,,,0,1,0,false,1,0
Modelica.Mechanics.Translational.Sensors.ForceSensor,Component,success,,Mechanics,0.350,5,0,4,0,0,singular,singular,,,,0,2,0,false,1,0
Modelica.Mechanics.Translational.Sensors.MultiSensor,Component,success,,Mechanics,0.252,7,1,3,0,0,singular,singular,,,,0,2,0,false,1,0
Modelica.Mechanics.Translational.Sensors.PositionSensor,Component,success,,Mechanics,0.347,3,0,2,0,0,singular,singular,,,,0,1,0,false,1,0
Modelica.Mechanics.Translational.Sensors.PowerSensor,Component,success,,Mechanics,0.342,5,1,3,0,0,singular,singular,,,,0,2,0,false,1,0
Modelica.Mechanics.Translational.Sensors.RelAccSensor,Component,success,,Mechanics,0.367,7,2,4,0,0,singular,singular,,,,0,2,0,false,1,0
Modelica.Mechanics.Translational.Sensors.RelPositionSensor,Component,success,,Mechanics,0.253,5,0,4,0,0,singular,singular,,,,0,2,0,false,1,0
Modelica.Mechanics.Translational.Sensors.RelSpeedSensor,Component,success,,Mechanics,0.296,6,1,4,0,0,singular,singular,,,,0,2,0,false,1,0
Modelica.Mechanics.Translational.Sensors.SpeedSensor,Component,success,,Mechanics,0.258,3,1,1,0,0,singular,singular,,,,0,1,0,false,1,0
Modelica.Mechanics.Translational.Sources.Accelerate,Component,success,,Mechanics,0.361,6,2,4,0,1,ok,,6,0,0,0,1,0,false,1,0
Modelica.Mechanics.Translational.Sources.ConstantForce,Component,success,,Mechanics,0.244,5,0,5,0,2,singular,singular,,,,0,1,0,false,1,0
Modelica.Mechanics.Translational.Sources.ConstantSpeed,Component,success,,Mechanics,0.278,6,1,5,0,2,ok,,6,0,0,0,1,0,false,1,0
Modelica.Mechanics.Translational.Sources.EddyCurrentForce,Component,success,,Mechanics,0.281,10,1,9,0,9,ok,,10,0,0,0,1,0,false,1,2
Modelica.Mechanics.Translational.Sources.Force,Component,success,,Mechanics,0.369,4,0,4,0,1,singular,singular,,,,0,1,0,false,1,0
Modelica.Mechanics.Translational.Sources.Force2,Component,success,,Mechanics,0.251,4,0,4,0,0,singular,singular,,,,0,2,0,false,1,0
Modelica.Mechanics.Translational.Sources.ForceStep,Component,success,,Mechanics,0.264,5,0,5,1,5,singular,singular,,,,0,1,0,false,1,0
Modelica.Mechanics.Translational.Sources.InverseSpeedDependentForce,Component,success,,Mechanics,0.359,6,1,5,1,6,ok,,6,0,0,0,1,0,false,1,0
Modelica.Mechanics.Translational.Sources.LinearSpeedDependentForce,Component,success,,Mechanics,0.279,6,1,5,0,4,ok,,6,0,0,0,1,0,false,1,0
Modelica.Mechanics.Translational.Sources.Move,Component,success,,Mechanics,0.268,4,0,4,0,1,ok,,4,0,0,0,1,0,false,1,1
Modelica.Mechanics.Translational.Sources.Position,Component,success,,Mechanics,0.350,6,2,4,0,4,ok,,6,0,0,0,1,0,false,1,0
Modelica.Mechanics.Translational.Sources.QuadraticSpeedDependentForce,Component,success,,Mechanics,0.258,6,1,5,0,4,ok,,6,0,0,0,1,0,false,1,0
Modelica.Mechanics.Translational.Sources.SignForce,Component,success,,Mechanics,0.295,6,1,5,0,4,ok,,6,0,0,0,1,0,false,1,1
Modelica.Mechanics.Translational.Sources.Speed,Component,success,,Mechanics,0.285,6,2,4,0,4,ok,,6,0,0,0,1,0,false,1,0
Modelica.Mechanics.Translational.UsersGuide.Contact,Component,success,,Mechanics,0.303,0,0,0,0,0,error:empty system: no equations or unknowns,,,,,0,0,0,false,0,0
Modelica.Mechanics.Translational.UsersGuide.FlangeConnectors,Component,success,,Mechanics,0.252,0,0,0,0,0,error:empty system: no equations or unknowns,,,,,0,0,0,false,0,0
Modelica.Mechanics.Translational.UsersGuide.Overview,Component,success,,Mechanics,0.305,0,0,0,0,0,error:empty system: no equations or unknowns,,,,,0,0,0,false,0,0
Modelica.Mechanics.Translational.UsersGuide.SignConventions,Component,success,,Mechanics,0.253,0,0,0,0,0,error:empty system: no equations or unknowns,,,,,0,0,0,false,0,0
Modelica.Mechanics.Translational.UsersGuide.StateSelection,Component,success,,Mechanics,0.237,0,0,0,0,0,error:empty system: no equations or unknowns,,,,,0,0,0,false,0,0
Modelica.Mechanics.Translational.UsersGuide.SupportForces,Component,success,,Mechanics,0.285,0,0,0,0,0,error:empty system: no equations or unknowns,,,,,0,0,0,false,0,0
Modelica.Mechanics.Translational.UsersGuide.UserDefinedComponents,Component,success,,Mechanics,0.327,0,0,0,0,0,error:empty system: no equations or unknowns,,,,,0,0,0,false,0,0
Modelica.Media.Air.MoistAir.BaseProperties,Component,failed:ToDae,unresolved function call: Modelica.Media.Interfaces.PartialMedium.setState_pTX,Media,1.389,,,,,,,,,,,,,,false,0,
Modelica.Media.Air.ReferenceAir.Air_Base.BaseProperties,Component,success,,Media,0.456,12,0,12,0,2,ok,,12,0,0,0,0,0,false,1,15
Modelica.Media.Air.ReferenceMoistAir.BaseProperties,Component,failed:ToDae,unresolved function call: Modelica.Media.Interfaces.PartialMedium.setState_pTX,Media,0.857,,,,,,,,,,,,,,false,0,
Modelica.Media.Examples.IdealGasH2O,Examples,success,,Media,0.976,17,2,15,0,8,singular,singular,,,,0,0,0,false,1,17
Modelica.Media.Examples.MixtureGases,Examples,success,,Media,1.409,47,6,41,0,7,singular,singular,,,,0,0,0,false,2,28
Modelica.Media.Examples.MoistAir,Examples,success,,Media,1.577,36,4,31,0,11,singular,singular,,,,0,0,0,false,2,19
Modelica.Media.Examples.PsychrometricData,Examples,success,,Media,6.637,589,2,470,2,61,singular,ok,203,2,22,0,0,0,true,2,22
Modelica.Media.Examples.R134a.R134a1,Examples,success,,Media,1.361,75,2,94,6,32,singular,singular,,,,6,4,0,false,3,41
Modelica.Media.Examples.R134a.R134a2,Examples,success,,Media,1.429,108,4,138,8,44,singular,singular,,,,10,6,0,false,3,40
Modelica.Media.Examples.ReferenceAir.DryAir1,Examples,success,,Media,0.794,66,2,85,0,32,singular,singular,,,,6,4,0,false,3,21
Modelica.Media.Examples.ReferenceAir.DryAir2,Examples,success,,Media,1.062,96,4,126,0,44,singular,singular,,,,10,6,0,false,3,15
Modelica.Media.Examples.ReferenceAir.Inverse_sh_T,Examples,success,,Media,1.184,6,0,6,1,8,ok,,6,0,0,0,0,0,false,1,56
Modelica.Media.Examples.ReferenceAir.Inverse_sh_TX,Examples,success,,Media,1.610,6,0,6,1,9,ok,,6,0,0,0,0,0,false,1,112
Modelica.Media.Examples.ReferenceAir.MoistAir,Examples,success,,Media,1.210,36,4,31,0,13,singular,singular,,,,0,0,0,false,2,107
Modelica.Media.Examples.ReferenceAir.MoistAir1,Examples,success,,Media,1.401,104,3,108,0,32,singular,singular,,,,9,6,0,false,3,106
Modelica.Media.Examples.ReferenceAir.MoistAir2,Examples,success,,Media,2.413,150,6,156,0,44,singular,singular,,,,15,9,0,false,3,105
Modelica.Media.Examples.SimpleLiquidWater,Examples,success,,Media,0.449,34,4,30,0,6,singular,singular,,,,0,0,0,false,2,9
Modelica.Media.Examples.SolveOneNonlinearEquation.InverseIncompressible_sh_T,Examples,success,,Media,1.017,6,2,4,1,8,ok,,6,0,0,0,0,0,false,1,30
Modelica.Media.Examples.SolveOneNonlinearEquation.Inverse_sh_T,Examples,success,,Media,0.963,6,2,4,1,8,ok,,6,0,0,0,0,0,false,1,21
Modelica.Media.Examples.SolveOneNonlinearEquation.Inverse_sh_TX,Examples,success,,Media,1.937,6,2,4,1,9,ok,,6,0,0,0,0,0,false,1,25
Modelica.Media.Examples.SolveOneNonlinearEquation.Inverse_sine,Examples,success,,Media,0.953,1,0,1,0,5,ok,,1,0,0,0,0,0,false,0,4
Modelica.Media.Examples.TwoPhaseWater.BaseProperties,Examples,success,,Media,1.999,14,0,14,2,2,ok,,14,0,0,0,0,0,false,1,35
Modelica.Media.Examples.TwoPhaseWater.ExtendedProperties,Examples,success,,Media,1.724,46,0,46,6,3,ok,,46,0,0,0,0,0,false,1,110
Modelica.Media.Examples.TwoPhaseWater.TestTwoPhaseStates,Examples,success,,Media,1.974,48,2,46,6,5,ok,,48,0,0,0,0,0,false,2,110
Modelica.Media.Examples.Utilities.FixedAmbient,Examples,failed:Instantiate,cannot instantiate partial class `Medium.BaseProperties` for component `medium`,Media,0.771,,,,,,,,,,,,,,false,0,
Modelica.Media.Examples.Utilities.FixedMassFlowRate,Examples,failed:Instantiate,cannot instantiate partial class `Medium.BaseProperties` for component `medium`,Media,0.041,,,,,,,,,,,,,,false,0,
Modelica.Media.Examples.Utilities.PartialTestModel,Examples,failed:Flatten,"inconsistent resolved function reference: rendered `Modelica.Media.Interfaces.PartialMedium.specificEnthalpy_pTX`, structured `specificEnthalpy_pTX`",Media,0.357,,,,,,,,,,,,,,false,0,
Modelica.Media.Examples.Utilities.PartialTestModel2,Examples,success,,Media,0.669,60,4,108,0,44,singular,singular,,,,10,6,0,false,2,2
Modelica.Media.Examples.Utilities.PortVolume,Examples,failed:Instantiate,cannot instantiate partial class `Medium.BaseProperties` for component `medium`,Media,0.032,,,,,,,,,,,,,,false,0,
Modelica.Media.Examples.Utilities.ShortPipe,Examples,success,,Media,0.300,10,0,18,0,2,singular,singular,,,,0,4,0,false,1,0
Modelica.Media.Examples.WaterIF97,Examples,success,,Media,0.877,30,5,25,4,5,singular,singular,,,,0,0,0,false,2,82
Modelica.Media.IdealGases.Common.MixtureGasNasa.BaseProperties,Component,failed:ToDae,unresolved reference: Modelica.Media.IdealGases.Common.MixtureGasNasa.data.R_s,Media,0.459,,,,,,,,,,,,,,false,0,
Modelica.Media.IdealGases.Common.SingleGasNasa.BaseProperties,Component,failed:ToDae,unresolved reference: Modelica.Media.IdealGases.Common.SingleGasNasa.data.MM,Media,0.266,,,,,,,,,,,,,,false,0,
Modelica.Media.Incompressible.Examples.TestGlycol,Examples,success,,Media,0.560,20,0,20,0,3,ok,,20,0,0,0,0,0,false,2,22
Modelica.Media.Incompressible.TableBased.BaseProperties,Component,failed:ToDae,unresolved reference: Modelica.Media.Incompressible.TableBased.poly_Cp,Media,0.282,,,,,,,,,,,,,,false,0,
Modelica.Media.Interfaces.PartialLinearFluid.BaseProperties,Interfaces,failed:ToDae,unresolved reference: Modelica.Media.Interfaces.PartialLinearFluid.kappa_const,Media,0.277,,,,,,,,,,,,,,false,0,
Modelica.Media.Interfaces.PartialMedium.BaseProperties,Interfaces,success,,Media,0.279,3,0,8,0,2,singular,singular,,,,0,0,0,false,0,2
Modelica.Media.Interfaces.PartialPureSubstance.BaseProperties,Interfaces,success,,Media,0.251,3,0,8,0,2,singular,singular,,,,0,0,0,false,0,2
Modelica.Media.Interfaces.PartialSimpleIdealGasMedium.BaseProperties,Interfaces,failed:ToDae,unresolved reference: Modelica.Media.Interfaces.PartialSimpleIdealGasMedium.R_gas,Media,0.256,,,,,,,,,,,,,,false,0,
Modelica.Media.Interfaces.PartialSimpleMedium.BaseProperties,Interfaces,failed:ToDae,unresolved reference: Modelica.Media.Interfaces.PartialSimpleMedium.cv_const,Media,0.297,,,,,,,,,,,,,,false,0,
Modelica.Media.Interfaces.PartialTwoPhaseMedium.BaseProperties,Interfaces,success,,Media,0.248,3,0,10,1,2,singular,singular,,,,0,0,0,false,1,2
Modelica.Media.Interfaces.TemplateMedium.BaseProperties,Interfaces,success,,Media,0.331,10,0,10,0,2,ok,,10,0,0,0,0,0,false,1,2
Modelica.Media.R134a.R134a_ph.BaseProperties,Component,failed:ToDae,unresolved function call: Modelica.Media.Interfaces.PartialTwoPhaseMedium.bubbleEnthalpy,Media,0.687,,,,,,,,,,,,,,false,0,
Modelica.Media.UsersGuide.Contact,Component,success,,Media,0.317,0,0,0,0,0,error:empty system: no equations or unknowns,,,,,0,0,0,false,0,0
Modelica.Media.UsersGuide.MediumDefinition.BasicDefinition,Component,success,,Media,0.230,0,0,0,0,0,error:empty system: no equations or unknowns,,,,,0,0,0,false,0,0
Modelica.Media.UsersGuide.MediumDefinition.BasicStructure,Component,success,,Media,0.343,0,0,0,0,0,error:empty system: no equations or unknowns,,,,,0,0,0,false,0,0
Modelica.Media.UsersGuide.MediumDefinition.MultipleSubstances,Component,success,,Media,0.229,0,0,0,0,0,error:empty system: no equations or unknowns,,,,,0,0,0,false,0,0
Modelica.Media.UsersGuide.MediumDefinition.SpecificEnthalpyAsFunction,Component,success,,Media,0.280,0,0,0,0,0,error:empty system: no equations or unknowns,,,,,0,0,0,false,0,0
Modelica.Media.UsersGuide.MediumDefinition.StaticStateSelection,Component,success,,Media,0.241,0,0,0,0,0,error:empty system: no equations or unknowns,,,,,0,0,0,false,0,0
Modelica.Media.UsersGuide.MediumDefinition.TestOfMedium,Component,success,,Media,0.341,0,0,0,0,0,error:empty system: no equations or unknowns,,,,,0,0,0,false,0,0
Modelica.Media.UsersGuide.MediumUsage.BalanceVolume,Component,success,,Media,0.236,0,0,0,0,0,error:empty system: no equations or unknowns,,,,,0,0,0,false,0,0
Modelica.Media.UsersGuide.MediumUsage.BasicUsage,Component,success,,Media,0.385,0,0,0,0,0,error:empty system: no equations or unknowns,,,,,0,0,0,false,0,0
Modelica.Media.UsersGuide.MediumUsage.Constants,Component,success,,Media,0.229,0,0,0,0,0,error:empty system: no equations or unknowns,,,,,0,0,0,false,0,0
Modelica.Media.UsersGuide.MediumUsage.Initialization,Component,success,,Media,0.317,0,0,0,0,0,error:empty system: no equations or unknowns,,,,,0,0,0,false,0,0
Modelica.Media.UsersGuide.MediumUsage.OptionalProperties,Component,success,,Media,0.253,0,0,0,0,0,error:empty system: no equations or unknowns,,,,,0,0,0,false,0,0
Modelica.Media.UsersGuide.MediumUsage.ShortPipe,Component,success,,Media,0.234,0,0,0,0,0,error:empty system: no equations or unknowns,,,,,0,0,0,false,0,0
Modelica.Media.UsersGuide.MediumUsage.TwoPhase,Component,success,,Media,0.224,0,0,0,0,0,error:empty system: no equations or unknowns,,,,,0,0,0,false,0,0
Modelica.Media.UsersGuide.ReleaseNotes,Component,success,,Media,0.277,0,0,0,0,0,error:empty system: no equations or unknowns,,,,,0,0,0,false,0,0
Modelica.Media.Water.WaterIF97_base.BaseProperties,Component,success,,Media,0.654,14,0,14,2,2,ok,,14,0,0,0,0,0,false,1,35
Modelica.StateGraph.Alternative,Component,failed:ToDae,"unbalanced model: 6 equations, 4 unknowns (balance = 2)",StateGraph,0.338,,,,,,,,,,,,,,false,0,
Modelica.StateGraph.Examples.ControlledTanks,Examples,success,,StateGraph,1.228,69,2,46,245,225,ok,,69,0,0,20,2,0,true,6,10
Modelica.StateGraph.Examples.ExecutionPaths,Examples,failed:ToDae,"unbalanced model: 236 equations, 243 unknowns (balance = -7)",StateGraph,0.304,,,,,,,,,,,,,,false,0,
Modelica.StateGraph.Examples.FirstExample,Examples,success,,StateGraph,0.264,10,0,8,46,23,ok,,10,0,0,2,1,0,true,4,1
Modelica.StateGraph.Examples.FirstExample_Variant2,Examples,success,,StateGraph,0.342,12,0,9,49,25,ok,,12,0,0,3,1,0,true,4,1
Modelica.StateGraph.Examples.FirstExample_Variant3,Examples,success,,StateGraph,0.241,11,0,8,50,24,ok,,11,0,0,2,1,0,true,4,1
Modelica.StateGraph.Examples.ShowCompositeStep,Examples,failed:ToDae,"unbalanced model: 254 equations, 261 unknowns (balance = -7)",StateGraph,0.416,,,,,,,,,,,,,,false,0,
Modelica.StateGraph.Examples.ShowExceptions,Examples,failed:ToDae,"unbalanced model: 297 equations, 299 unknowns (balance = -2)",StateGraph,0.325,,,,,,,,,,,,,,false,0,
Modelica.StateGraph.Examples.Utilities.CompositeStep,Examples,failed:ToDae,invalid Appendix B discrete solved form: f_m assignments have cyclic dependency: outerState.subgraphStatePort.resume -> exitStep.outerStatePort.subgraphStatePort.resume -> initStep.outerStatePort.subg,StateGraph,0.326,,,,,,,,,,,,,,false,0,
Modelica.StateGraph.Examples.Utilities.CompositeStep1,Examples,failed:ToDae,invalid Appendix B discrete solved form: f_m assignments have cyclic dependency: compositeStep12.outerState.subgraphStatePort.resume -> compositeStep11.outerState.subgraphStatePort.resume -> exitStep.,StateGraph,0.316,,,,,,,,,,,,,,false,0,
Modelica.StateGraph.Examples.Utilities.CompositeStep2,Examples,failed:ToDae,invalid Appendix B discrete solved form: f_m assignments have cyclic dependency: exitStep.outerStatePort.subgraphStatePort.suspend -> stateGraphRoot.subgraphStatePort.suspend -> stateGraphRoot.suspend,StateGraph,0.401,,,,,,,,,,,,,,false,0,
Modelica.StateGraph.Examples.Utilities.MakeProduct,Examples,failed:ToDae,invalid Appendix B discrete solved form: f_m assignments have cyclic dependency: wait2.outerStatePort.subgraphStatePort.suspend -> wait1.outerStatePort.subgraphStatePort.suspend -> emptyTank2.outerSta,StateGraph,0.342,,,,,,,,,,,,,,false,0,
Modelica.StateGraph.Examples.Utilities.Source,Examples,success,,StateGraph,0.278,1,0,0,1,2,ok,,1,0,0,0,0,0,false,1,0
Modelica.StateGraph.Examples.Utilities.Tank,Examples,success,,StateGraph,0.265,3,1,0,1,4,ok,,3,0,0,0,0,0,false,1,0
Modelica.StateGraph.Examples.Utilities.TankController,Examples,failed:ToDae,"unbalanced model: 256 equations, 253 unknowns (balance = 3)",StateGraph,0.421,,,,,,,,,,,,,,false,0,
Modelica.StateGraph.Examples.Utilities.valve,Examples,success,,StateGraph,0.255,1,0,0,1,0,ok,,1,0,0,0,0,0,false,1,0
Modelica.StateGraph.InitialStep,Component,failed:ToDae,unresolved reference: inPort.set,StateGraph,0.300,,,,,,,,,,,,,,false,0,
Modelica.StateGraph.InitialStepWithSignal,Component,failed:ToDae,unresolved reference: inPort.set,StateGraph,0.288,,,,,,,,,,,,,,false,0,
Modelica.StateGraph.Interfaces.CompositeStepState,Interfaces,failed:ToDae,"invalid Appendix B discrete solved form: duplicate f_m assignment target `suspend` (new origin='explicit top-level model equation', prior origin='binding equation for suspend')",StateGraph,0.321,,,,,,,,,,,,,,false,0,
Modelica.StateGraph.Interfaces.PartialStateGraphIcon,Interfaces,success,,StateGraph,0.268,0,0,0,0,0,error:empty system: no equations or unknowns,,,,,0,0,0,false,0,0
Modelica.StateGraph.Interfaces.PartialStep,Interfaces,failed:ToDae,unresolved reference: inPort.set,StateGraph,0.256,,,,,,,,,,,,,,false,0,
Modelica.StateGraph.Interfaces.PartialStep.OuterStatePort,Interfaces,success,,StateGraph,0.260,2,0,2,1,1,singular,singular,,,,0,1,0,false,1,0
Modelica.StateGraph.Interfaces.PartialTransition,Interfaces,success,,StateGraph,0.260,2,0,1,5,4,ok,,2,0,0,0,0,0,false,1,0
Modelica.StateGraph.Parallel,Component,failed:ToDae,"unbalanced model: 6 equations, 2 unknowns (balance = 4)",StateGraph,0.242,,,,,,,,,,,,,,false,0,
Modelica.StateGraph.PartialCompositeStep,Component,failed:ToDae,invalid Appendix B discrete solved form: f_m assignments have cyclic dependency: outerState.subgraphStatePort.resume -> stateGraphRoot.subgraphStatePort.resume -> stateGraphRoot.resume -> outerState.s,StateGraph,0.361,,,,,,,,,,,,,,false,0,
Modelica.StateGraph.PartialCompositeStep.InnerState,Component,success,,StateGraph,0.275,2,0,2,4,0,ok,,2,0,0,0,1,0,false,2,0
Modelica.StateGraph.PartialCompositeStep.OuterState,Component,success,,StateGraph,0.251,2,0,2,1,1,singular,singular,,,,0,1,0,false,1,0
Modelica.StateGraph.StateGraphRoot,Component,failed:ToDae,"invalid Appendix B discrete solved form: duplicate f_m assignment target `suspend` (new origin='explicit top-level model equation', prior origin='binding equation for suspend')",StateGraph,0.236,,,,,,,,,,,,,,false,0,
Modelica.StateGraph.Step,Component,failed:ToDae,unresolved reference: inPort.set,StateGraph,0.313,,,,,,,,,,,,,,false,0,
Modelica.StateGraph.StepWithSignal,Component,failed:ToDae,unresolved reference: inPort.set,StateGraph,0.249,,,,,,,,,,,,,,false,0,
Modelica.StateGraph.Transition,Component,success,,StateGraph,0.342,2,0,1,7,4,ok,,2,0,0,0,0,0,false,1,0
Modelica.StateGraph.TransitionWithSignal,Component,success,,StateGraph,0.259,2,0,1,6,4,ok,,2,0,0,0,0,0,false,1,0
Modelica.StateGraph.UsersGuide.ApplicationExample,Component,success,,StateGraph,0.242,0,0,0,0,0,error:empty system: no equations or unknowns,,,,,0,0,0,false,0,0
Modelica.StateGraph.UsersGuide.ComparisonWithStateGraph2,Component,success,,StateGraph,0.234,0,0,0,0,0,error:empty system: no equations or unknowns,,,,,0,0,0,false,0,0
Modelica.StateGraph.UsersGuide.Contact,Component,success,,StateGraph,0.289,0,0,0,0,0,error:empty system: no equations or unknowns,,,,,0,0,0,false,0,0
Modelica.StateGraph.UsersGuide.FirstExample,Component,success,,StateGraph,0.211,0,0,0,0,0,error:empty system: no equations or unknowns,,,,,0,0,0,false,0,0
Modelica.StateGraph.UsersGuide.Literature,Component,success,,StateGraph,0.287,0,0,0,0,0,error:empty system: no equations or unknowns,,,,,0,0,0,false,0,0
Modelica.StateGraph.UsersGuide.OverView,Component,success,,StateGraph,0.252,0,0,0,0,0,error:empty system: no equations or unknowns,,,,,0,0,0,false,0,0
Modelica.StateGraph.UsersGuide.ReleaseNotes,Component,success,,StateGraph,0.243,0,0,0,0,0,error:empty system: no equations or unknowns,,,,,0,0,0,false,0,0
Modelica.Thermal.FluidHeatFlow.BaseClasses.SimpleFriction,BaseClasses,success,,Thermal,0.246,2,0,3,1,8,singular,singular,,,,0,0,0,false,1,0
Modelica.Thermal.FluidHeatFlow.BaseClasses.SinglePortBottom,BaseClasses,success,,Thermal,0.296,5,0,5,0,12,singular,singular,,,,0,2,0,false,2,0
Modelica.Thermal.FluidHeatFlow.BaseClasses.SinglePortLeft,BaseClasses,success,,Thermal,0.276,5,0,5,0,12,singular,singular,,,,0,2,0,false,2,0
Modelica.Thermal.FluidHeatFlow.BaseClasses.TwoPort,BaseClasses,success,,Thermal,0.282,15,1,13,0,19,singular,singular,,,,0,4,0,false,2,0
Modelica.Thermal.FluidHeatFlow.Components.Cylinder,Component,success,,Thermal,0.256,14,2,10,0,15,ok,,14,0,0,0,3,0,false,2,0
Modelica.Thermal.FluidHeatFlow.Components.OneWayValve,Component,success,,Thermal,0.352,18,1,14,2,25,singular,singular,,,,0,4,0,false,2,0
Modelica.Thermal.FluidHeatFlow.Components.OpenTank,Component,success,,Thermal,0.248,12,2,6,0,17,ok,,12,0,0,0,2,0,false,2,0
Modelica.Thermal.FluidHeatFlow.Components.Pipe,Component,success,,Thermal,0.287,21,1,17,1,30,singular,singular,,,,0,4,0,false,2,0
Modelica.Thermal.FluidHeatFlow.Components.Valve,Component,success,,Thermal,0.286,19,1,15,0,26,singular,singular,,,,0,4,0,false,2,1
Modelica.Thermal.FluidHeatFlow.Examples.IndirectCooling,Examples,success,,Thermal,1.007,167,6,130,1,197,singular,ok,62,0,0,25,17,0,false,3,0
Modelica.Thermal.FluidHeatFlow.Examples.OneMass,Examples,success,,Thermal,0.401,78,3,58,1,110,singular,ok,34,0,0,12,8,0,false,3,0
Modelica.Thermal.FluidHeatFlow.Examples.ParallelCooling,Examples,success,,Thermal,0.797,142,6,108,1,160,singular,ok,46,1,16,23,12,0,false,3,0
Modelica.Thermal.FluidHeatFlow.Examples.ParallelPumpDropOut,Examples,success,,Thermal,0.623,147,6,110,1,176,singular,ok,52,1,16,26,12,0,false,3,0
Modelica.Thermal.FluidHeatFlow.Examples.PumpAndValve,Examples,success,,Thermal,0.564,110,6,84,1,134,singular,ok,43,1,13,16,11,0,false,3,1
Modelica.Thermal.FluidHeatFlow.Examples.PumpDropOut,Examples,success,,Thermal,0.376,84,3,62,1,112,singular,ok,36,0,0,15,8,0,false,3,0
Modelica.Thermal.FluidHeatFlow.Examples.SimpleCooling,Examples,success,,Thermal,0.460,79,3,60,1,96,singular,ok,30,0,0,12,8,0,false,3,0
Modelica.Thermal.FluidHeatFlow.Examples.TestCylinder,Examples,success,,Thermal,0.513,59,7,42,3,66,singular,singular,,,,7,6,0,false,3,8
Modelica.Thermal.FluidHeatFlow.Examples.TestOpenTank,Examples,success,,Thermal,0.467,43,3,27,3,83,ok,,37,2,4,5,4,0,false,3,8
Modelica.Thermal.FluidHeatFlow.Examples.TwoMass,Examples,success,,Thermal,0.584,135,6,102,1,172,singular,ok,48,1,16,20,12,0,false,3,0
Modelica.Thermal.FluidHeatFlow.Examples.TwoTanks,Examples,success,,Thermal,0.297,47,5,26,1,67,ok,,41,2,4,4,4,0,false,3,0
Modelica.Thermal.FluidHeatFlow.Examples.Utilities.DoubleRamp,Examples,success,,Thermal,0.257,6,0,2,1,18,ok,,6,0,0,3,0,0,false,1,0
Modelica.Thermal.FluidHeatFlow.Examples.WaterPump,Examples,success,,Thermal,0.618,121,7,86,4,160,singular,ok,43,2,16,16,12,0,false,3,0
Modelica.Thermal.FluidHeatFlow.Interfaces.AbsoluteSensor,Interfaces,success,,Thermal,0.265,4,0,4,0,10,singular,singular,,,,0,2,0,false,2,0
Modelica.Thermal.FluidHeatFlow.Interfaces.FlowSensor,Interfaces,success,,Thermal,0.250,17,1,13,0,19,singular,singular,,,,0,4,0,false,2,0
Modelica.Thermal.FluidHeatFlow.Interfaces.RelativeSensor,Interfaces,success,,Thermal,0.243,8,0,8,0,15,singular,singular,,,,0,4,0,false,2,0
Modelica.Thermal.FluidHeatFlow.Interfaces.RelativeSensorBase,Interfaces,success,,Thermal,0.295,8,0,8,0,15,singular,singular,,,,0,4,0,false,2,0
Modelica.Thermal.FluidHeatFlow.Sensors.EnthalpyFlowSensor,Component,success,,Thermal,0.242,18,1,13,0,19,singular,singular,,,,0,4,0,false,2,0
Modelica.Thermal.FluidHeatFlow.Sensors.MassFlowSensor,Component,success,,Thermal,0.279,18,1,13,0,19,singular,singular,,,,0,4,0,false,2,0
Modelica.Thermal.FluidHeatFlow.Sensors.PressureSensor,Component,success,,Thermal,0.255,5,0,4,0,10,singular,singular,,,,0,2,0,false,2,0
Modelica.Thermal.FluidHeatFlow.Sensors.RelPressureSensor,Component,success,,Thermal,0.246,9,0,8,0,15,singular,singular,,,,0,4,0,false,2,0
Modelica.Thermal.FluidHeatFlow.Sensors.RelTemperatureSensor,Component,success,,Thermal,0.244,9,0,8,0,15,singular,singular,,,,0,4,0,false,2,0
Modelica.Thermal.FluidHeatFlow.Sensors.TemperatureSensor,Component,success,,Thermal,0.263,5,0,4,0,10,singular,singular,,,,0,2,0,false,2,0
Modelica.Thermal.FluidHeatFlow.Sensors.VolumeFlowSensor,Component,success,,Thermal,0.238,18,1,13,0,19,singular,singular,,,,0,4,0,false,2,0
Modelica.Thermal.FluidHeatFlow.Sources.AbsolutePressure,Component,success,,Thermal,0.257,7,0,5,0,13,singular,singular,,,,0,2,0,false,2,0
Modelica.Thermal.FluidHeatFlow.Sources.Ambient,Component,success,,Thermal,0.277,9,0,7,0,16,ok,,9,0,0,0,2,0,false,2,0
Modelica.Thermal.FluidHeatFlow.Sources.IdealPump,Component,success,,Thermal,0.272,22,2,17,0,22,singular,singular,,,,0,5,0,false,2,0
Modelica.Thermal.FluidHeatFlow.Sources.PressureIncrease,Component,success,,Thermal,0.248,18,1,14,0,21,singular,singular,,,,0,4,0,false,2,0
Modelica.Thermal.FluidHeatFlow.Sources.VolumeFlow,Component,success,,Thermal,0.256,18,1,14,0,21,singular,singular,,,,0,4,0,false,2,0
Modelica.Thermal.FluidHeatFlow.UsersGuide.Contact,Component,success,,Thermal,0.209,0,0,0,0,0,error:empty system: no equations or unknowns,,,,,0,0,0,false,0,0
Modelica.Thermal.FluidHeatFlow.UsersGuide.ReleaseNotes,Component,success,,Thermal,0.313,0,0,0,0,0,error:empty system: no equations or unknowns,,,,,0,0,0,false,0,0
Modelica.Thermal.HeatTransfer.Celsius.FixedTemperature,Component,success,,Thermal,0.271,2,0,2,0,1,ok,,2,0,0,0,1,0,false,1,1
Modelica.Thermal.HeatTransfer.Celsius.FromKelvin,Component,success,,Thermal,0.272,1,0,0,0,0,ok,,1,0,0,0,0,0,false,0,1
Modelica.Thermal.HeatTransfer.Celsius.PrescribedTemperature,Component,success,,Thermal,0.247,2,0,2,0,0,ok,,2,0,0,0,1,0,false,1,1
Modelica.Thermal.HeatTransfer.Celsius.TemperatureSensor,Component,success,,Thermal,0.256,3,0,2,0,0,singular,singular,,,,0,1,0,false,1,1
Modelica.Thermal.HeatTransfer.Celsius.ToKelvin,Component,success,,Thermal,0.216,1,0,0,0,0,ok,,1,0,0,0,0,0,false,0,1
Modelica.Thermal.HeatTransfer.Components.BodyRadiation,Component,success,,Thermal,0.301,6,0,6,0,1,singular,singular,,,,0,2,0,false,1,0
Modelica.Thermal.HeatTransfer.Components.Convection,Component,success,,Thermal,0.257,6,0,6,0,0,singular,singular,,,,0,2,0,false,1,0
Modelica.Thermal.HeatTransfer.Components.ConvectiveResistor,Component,success,,Thermal,0.268,6,0,6,0,0,singular,singular,,,,0,2,0,false,1,0
Modelica.Thermal.HeatTransfer.Components.GeneralHeatFlowToTemperatureAdaptor,Component,success,,Thermal,0.251,10,2,5,0,10,singular,singular,,,,1,1,0,false,1,0
Modelica.Thermal.HeatTransfer.Components.GeneralTemperatureToHeatFlowAdaptor,Component,success,,Thermal,0.265,9,2,5,0,10,singular,ok,4,0,0,1,1,0,false,1,1
Modelica.Thermal.HeatTransfer.Components.HeatCapacitor,Component,success,,Thermal,0.228,4,1,3,0,1,singular,ok,1,0,0,0,1,0,false,1,0
Modelica.Thermal.HeatTransfer.Components.ThermalCollector,Component,success,,Thermal,0.270,8,0,8,0,1,singular,singular,,,,0,4,0,true,1,0
Modelica.Thermal.HeatTransfer.Components.ThermalCollectorMatrix,Component,success,,Thermal,0.264,2,0,2,0,2,singular,singular,,,,0,1,0,false,1,0
Modelica.Thermal.HeatTransfer.Components.ThermalConductor,Component,success,,Thermal,0.240,6,0,6,0,1,singular,singular,,,,0,2,0,false,1,0
Modelica.Thermal.HeatTransfer.Components.ThermalResistor,Component,success,,Thermal,0.241,6,0,6,0,1,singular,singular,,,,0,2,0,false,1,0
Modelica.Thermal.HeatTransfer.Examples.ControlledTemperature,Examples,success,,Thermal,0.310,47,1,43,6,23,singular,ok,10,1,4,10,5,0,false,2,1
Modelica.Thermal.HeatTransfer.Examples.GenerationOfFMUs,Examples,success,,Thermal,0.408,102,16,67,1,79,singular,singular,,,,30,6,0,false,3,2
Modelica.Thermal.HeatTransfer.Examples.Motor,Examples,success,,Thermal,0.524,39,2,32,3,37,singular,ok,15,0,0,11,3,0,false,2,9
Modelica.Thermal.HeatTransfer.Examples.TwoMasses,Examples,success,,Thermal,0.287,20,2,16,0,4,singular,ok,7,0,0,4,2,0,false,2,1
Modelica.Thermal.HeatTransfer.Examples.Utilities.Conduction,Examples,success,,Thermal,0.271,28,4,18,0,22,singular,singular,,,,6,2,0,false,2,0
Modelica.Thermal.HeatTransfer.Examples.Utilities.DirectCapacity,Examples,success,,Thermal,0.254,20,3,12,0,14,singular,singular,,,,7,1,0,false,2,0
Modelica.Thermal.HeatTransfer.Examples.Utilities.InverseCapacity,Examples,success,,Thermal,0.267,16,3,10,0,12,singular,singular,,,,5,1,0,false,2,1
Modelica.Thermal.HeatTransfer.Fahrenheit.FixedTemperature,Component,success,,Thermal,0.252,2,0,2,0,1,ok,,2,0,0,0,1,0,false,1,1
Modelica.Thermal.HeatTransfer.Fahrenheit.FromKelvin,Component,success,,Thermal,0.320,1,0,0,0,0,ok,,1,0,0,0,0,0,false,0,1
Modelica.Thermal.HeatTransfer.Fahrenheit.PrescribedTemperature,Component,success,,Thermal,0.276,2,0,2,0,0,ok,,2,0,0,0,1,0,false,1,1
Modelica.Thermal.HeatTransfer.Fahrenheit.TemperatureSensor,Component,success,,Thermal,0.401,3,0,2,0,0,singular,singular,,,,0,1,0,false,1,1
Modelica.Thermal.HeatTransfer.Fahrenheit.ToKelvin,Component,success,,Thermal,0.234,1,0,0,0,0,ok,,1,0,0,0,0,0,false,0,1
Modelica.Thermal.HeatTransfer.Icons.Conversion,Icons,success,,Thermal,0.254,0,0,0,0,0,error:empty system: no equations or unknowns,,,,,0,0,0,false,0,0
Modelica.Thermal.HeatTransfer.Icons.FixedTemperature,Icons,success,,Thermal,0.228,0,0,0,0,0,error:empty system: no equations or unknowns,,,,,0,0,0,false,0,0
Modelica.Thermal.HeatTransfer.Icons.PrescribedTemperature,Icons,success,,Thermal,0.360,0,0,0,0,0,error:empty system: no equations or unknowns,,,,,0,0,0,false,0,0
Modelica.Thermal.HeatTransfer.Interfaces.Element1D,Interfaces,success,,Thermal,0.261,5,0,6,0,0,singular,singular,,,,0,2,0,false,1,0
Modelica.Thermal.HeatTransfer.Interfaces.PartialConditionalHeatPort,Interfaces,success,,Thermal,0.428,4,0,4,0,3,ok,,4,0,0,1,2,0,false,2,0
Modelica.Thermal.HeatTransfer.Interfaces.PartialElementaryConditionalHeatPort,Interfaces,success,,Thermal,0.233,1,0,2,0,2,singular,singular,,,,0,0,0,false,0,0
Modelica.Thermal.HeatTransfer.Interfaces.PartialElementaryConditionalHeatPortWithoutT,Interfaces,success,,Thermal,0.256,0,0,1,0,1,singular,singular,,,,0,0,0,false,0,0
Modelica.Thermal.HeatTransfer.Rankine.FixedTemperature,Component,success,,Thermal,0.227,2,0,2,0,1,ok,,2,0,0,0,1,0,false,1,1
Modelica.Thermal.HeatTransfer.Rankine.FromKelvin,Component,success,,Thermal,0.471,1,0,0,0,0,ok,,1,0,0,0,0,0,false,0,1
Modelica.Thermal.HeatTransfer.Rankine.PrescribedTemperature,Component,success,,Thermal,0.257,2,0,2,0,0,ok,,2,0,0,0,1,0,false,1,1
Modelica.Thermal.HeatTransfer.Rankine.TemperatureSensor,Component,success,,Thermal,0.354,3,0,2,0,0,singular,singular,,,,0,1,0,false,1,1
Modelica.Thermal.HeatTransfer.Rankine.ToKelvin,Component,success,,Thermal,0.229,1,0,0,0,0,ok,,1,0,0,0,0,0,false,0,1
Modelica.Thermal.HeatTransfer.Sensors.ConditionalFixedHeatFlowSensor,Component,success,,Thermal,0.279,10,0,8,0,1,singular,singular,,,,3,4,0,false,2,0
Modelica.Thermal.HeatTransfer.Sensors.HeatFlowSensor,Component,success,,Thermal,0.233,5,0,4,0,0,singular,singular,,,,0,2,0,false,1,0
Modelica.Thermal.HeatTransfer.Sensors.RelTemperatureSensor,Component,success,,Thermal,0.478,5,0,4,0,0,singular,singular,,,,0,2,0,false,1,0
Modelica.Thermal.HeatTransfer.Sensors.TemperatureSensor,Component,success,,Thermal,0.263,3,0,2,0,0,singular,singular,,,,0,1,0,false,1,0
Modelica.Thermal.HeatTransfer.Sources.FixedHeatFlow,Component,success,,Thermal,0.224,2,0,2,0,3,ok,,2,0,0,0,1,0,false,1,0
Modelica.Thermal.HeatTransfer.Sources.FixedTemperature,Component,success,,Thermal,0.242,2,0,2,0,1,ok,,2,0,0,0,1,0,false,1,0
Modelica.Thermal.HeatTransfer.Sources.PrescribedHeatFlow,Component,success,,Thermal,0.268,2,0,2,0,2,ok,,2,0,0,0,1,0,false,1,0
Modelica.Thermal.HeatTransfer.Sources.PrescribedTemperature,Component,success,,Thermal,0.239,2,0,2,0,0,ok,,2,0,0,0,1,0,false,1,0
Modelica.Thermal.HeatTransfer.UsersGuide.Contact,Component,success,,Thermal,0.288,0,0,0,0,0,error:empty system: no equations or unknowns,,,,,0,0,0,false,0,0
Modelica.Thermal.HeatTransfer.UsersGuide.References,Component,success,,Thermal,0.325,0,0,0,0,0,error:empty system: no equations or unknowns,,,,,0,0,0,false,0,0
Modelica.Thermal.HeatTransfer.UsersGuide.ReleaseNotes,Component,success,,Thermal,0.239,0,0,0,0,0,error:empty system: no equations or unknowns,,,,,0,0,0,false,0,0
Modelica.Units.UsersGuide.Contact,Component,success,,Units,0.232,0,0,0,0,0,error:empty system: no equations or unknowns,,,,,0,0,0,false,0,0
Modelica.Units.UsersGuide.Conventions,Component,success,,Units,0.348,0,0,0,0,0,error:empty system: no equations or unknowns,,,,,0,0,0,false,0,0
Modelica.Units.UsersGuide.HowToUseUnits,Component,success,,Units,0.210,0,0,0,0,0,error:empty system: no equations or unknowns,,,,,0,0,0,false,0,0
Modelica.Units.UsersGuide.Literature,Component,success,,Units,0.291,0,0,0,0,0,error:empty system: no equations or unknowns,,,,,0,0,0,false,0,0
Modelica.UsersGuide.Connectors,Component,success,,UsersGuide,0.328,0,0,0,0,0,error:empty system: no equations or unknowns,,,,,0,0,0,false,0,0
Modelica.UsersGuide.Contact,Component,success,,UsersGuide,0.308,0,0,0,0,0,error:empty system: no equations or unknowns,,,,,0,0,0,false,0,0
Modelica.UsersGuide.Conventions.Documentation.Format.Cases,Component,success,,UsersGuide,0.233,0,0,0,0,0,error:empty system: no equations or unknowns,,,,,0,0,0,false,0,0
Modelica.UsersGuide.Conventions.Documentation.Format.Code,Component,success,,UsersGuide,0.302,0,0,0,0,0,error:empty system: no equations or unknowns,,,,,0,0,0,false,0,0
Modelica.UsersGuide.Conventions.Documentation.Format.Equations,Component,success,,UsersGuide,0.315,0,0,0,0,0,error:empty system: no equations or unknowns,,,,,0,0,0,false,0,0
Modelica.UsersGuide.Conventions.Documentation.Format.Figures,Component,success,,UsersGuide,0.356,0,0,0,0,0,error:empty system: no equations or unknowns,,,,,0,0,0,false,0,0
Modelica.UsersGuide.Conventions.Documentation.Format.Hyperlinks,Component,success,,UsersGuide,0.329,0,0,0,0,0,error:empty system: no equations or unknowns,,,,,0,0,0,false,0,0
Modelica.UsersGuide.Conventions.Documentation.Format.Lists,Component,success,,UsersGuide,0.271,0,0,0,0,0,error:empty system: no equations or unknowns,,,,,0,0,0,false,0,0
Modelica.UsersGuide.Conventions.Documentation.Format.References,Component,success,,UsersGuide,0.238,0,0,0,0,0,error:empty system: no equations or unknowns,,,,,0,0,0,false,0,0
Modelica.UsersGuide.Conventions.Documentation.Format.Tables,Component,success,,UsersGuide,0.299,0,0,0,0,0,error:empty system: no equations or unknowns,,,,,0,0,0,false,0,0
Modelica.UsersGuide.Conventions.Documentation.Structure,Component,success,,UsersGuide,0.222,0,0,0,0,0,error:empty system: no equations or unknowns,,,,,0,0,0,false,0,0
Modelica.UsersGuide.Conventions.Icons,Icons,success,,UsersGuide,0.365,0,0,0,0,0,error:empty system: no equations or unknowns,,,,,0,0,0,false,0,0
Modelica.UsersGuide.Conventions.ModelicaCode.Format,Component,success,,UsersGuide,0.278,0,0,0,0,0,error:empty system: no equations or unknowns,,,,,0,0,0,false,0,0
Modelica.UsersGuide.Conventions.ModelicaCode.Naming,Component,success,,UsersGuide,0.318,0,0,0,0,0,error:empty system: no equations or unknowns,,,,,0,0,0,false,0,0
Modelica.UsersGuide.Conventions.ModelicaCode.ParameterDefaults,Component,success,,UsersGuide,0.228,0,0,0,0,0,error:empty system: no equations or unknowns,,,,,0,0,0,false,0,0
Modelica.UsersGuide.Conventions.Terms.Electrical,Component,success,,UsersGuide,0.250,0,0,0,0,0,error:empty system: no equations or unknowns,,,,,0,0,0,false,0,0
Modelica.UsersGuide.Conventions.Terms.Magnetic,Component,success,,UsersGuide,0.210,0,0,0,0,0,error:empty system: no equations or unknowns,,,,,0,0,0,false,0,0
Modelica.UsersGuide.Conventions.UsersGuide.Contact,Component,success,,UsersGuide,0.346,0,0,0,0,0,error:empty system: no equations or unknowns,,,,,0,0,0,false,0,0
Modelica.UsersGuide.Conventions.UsersGuide.Implementation,Component,success,,UsersGuide,0.247,0,0,0,0,0,error:empty system: no equations or unknowns,,,,,0,0,0,false,0,0
Modelica.UsersGuide.Conventions.UsersGuide.References,Component,success,,UsersGuide,0.230,0,0,0,0,0,error:empty system: no equations or unknowns,,,,,0,0,0,false,0,0
Modelica.UsersGuide.Conventions.UsersGuide.RevisionHistory,Component,success,,UsersGuide,0.239,0,0,0,0,0,error:empty system: no equations or unknowns,,,,,0,0,0,false,0,0
Modelica.UsersGuide.Overview,Component,success,,UsersGuide,0.238,0,0,0,0,0,error:empty system: no equations or unknowns,,,,,0,0,0,false,0,0
Modelica.UsersGuide.ReleaseNotes.VersionManagement,Component,success,,UsersGuide,0.255,0,0,0,0,0,error:empty system: no equations or unknowns,,,,,0,0,0,false,0,0
Modelica.UsersGuide.ReleaseNotes.Version_1_4,Component,success,,UsersGuide,0.295,0,0,0,0,0,error:empty system: no equations or unknowns,,,,,0,0,0,false,0,0
Modelica.UsersGuide.ReleaseNotes.Version_1_5,Component,success,,UsersGuide,0.297,0,0,0,0,0,error:empty system: no equations or unknowns,,,,,0,0,0,false,0,0
Modelica.UsersGuide.ReleaseNotes.Version_1_6,Component,success,,UsersGuide,0.261,0,0,0,0,0,error:empty system: no equations or unknowns,,,,,0,0,0,false,0,0
Modelica.UsersGuide.ReleaseNotes.Version_2_1,Component,success,,UsersGuide,0.247,0,0,0,0,0,error:empty system: no equations or unknowns,,,,,0,0,0,false,0,0
Modelica.UsersGuide.ReleaseNotes.Version_2_2,Component,success,,UsersGuide,0.273,0,0,0,0,0,error:empty system: no equations or unknowns,,,,,0,0,0,false,0,0
Modelica.UsersGuide.ReleaseNotes.Version_2_2_1,Component,success,,UsersGuide,0.262,0,0,0,0,0,error:empty system: no equations or unknowns,,,,,0,0,0,false,0,0
Modelica.UsersGuide.ReleaseNotes.Version_2_2_2,Component,success,,UsersGuide,0.243,0,0,0,0,0,error:empty system: no equations or unknowns,,,,,0,0,0,false,0,0
Modelica.UsersGuide.ReleaseNotes.Version_3_0,Component,success,,UsersGuide,0.297,0,0,0,0,0,error:empty system: no equations or unknowns,,,,,0,0,0,false,0,0
Modelica.UsersGuide.ReleaseNotes.Version_3_0_1,Component,success,,UsersGuide,0.375,0,0,0,0,0,error:empty system: no equations or unknowns,,,,,0,0,0,false,0,0
Modelica.UsersGuide.ReleaseNotes.Version_3_1,Component,success,,UsersGuide,0.227,0,0,0,0,0,error:empty system: no equations or unknowns,,,,,0,0,0,false,0,0
Modelica.UsersGuide.ReleaseNotes.Version_3_2,Component,success,,UsersGuide,0.344,0,0,0,0,0,error:empty system: no equations or unknowns,,,,,0,0,0,false,0,0
Modelica.UsersGuide.ReleaseNotes.Version_3_2_1,Component,success,,UsersGuide,0.217,0,0,0,0,0,error:empty system: no equations or unknowns,,,,,0,0,0,false,0,0
Modelica.UsersGuide.ReleaseNotes.Version_3_2_2,Component,success,,UsersGuide,0.245,0,0,0,0,0,error:empty system: no equations or unknowns,,,,,0,0,0,false,0,0
Modelica.UsersGuide.ReleaseNotes.Version_3_2_3,Component,success,,UsersGuide,0.248,0,0,0,0,0,error:empty system: no equations or unknowns,,,,,0,0,0,false,0,0
Modelica.UsersGuide.ReleaseNotes.Version_4_0_0,Component,success,,UsersGuide,0.240,0,0,0,0,0,error:empty system: no equations or unknowns,,,,,0,0,0,false,0,0
Modelica.UsersGuide.ReleaseNotes.Version_4_1_0,Component,success,,UsersGuide,0.221,0,0,0,0,0,error:empty system: no equations or unknowns,,,,,0,0,0,false,0,0
Modelica.Utilities.Examples.ReadRealMatrixFromFile,Examples,failed:Flatten,unresolved component dimension for A: :,Utilities,0.346,,,,,,,,,,,,,,false,0,
Modelica.Utilities.Examples.WriteRealMatrixToFile,Examples,success,,Utilities,0.234,0,0,0,4,5,error:empty system: no equations or unknowns,,,,,0,0,0,false,1,1
Modelica.Utilities.Examples.readRealParameterModel,Examples,success,,Utilities,0.384,0,0,0,0,4,error:empty system: no equations or unknowns,,,,,0,0,0,false,0,31
Modelica.Utilities.Internal.PartialModelicaServices.Animation.PartialShape,Internal,success,,Utilities,0.306,12,0,12,0,1,singular,singular,,,,0,0,0,false,1,2
Modelica.Utilities.Internal.PartialModelicaServices.Animation.PartialSurface,Internal,success,,Utilities,0.264,6,0,6,0,4,singular,singular,,,,0,0,0,false,1,2
Modelica.Utilities.Internal.PartialModelicaServices.Animation.PartialVector,Internal,success,,Utilities,0.261,5,0,5,3,1,singular,singular,,,,0,0,0,false,1,2
Modelica.Utilities.UsersGuide.Contact,Component,success,,Utilities,0.468,0,0,0,0,0,error:empty system: no equations or unknowns,,,,,0,0,0,false,0,0
Modelica.Utilities.UsersGuide.ImplementationNotes,Component,success,,Utilities,0.227,0,0,0,0,0,error:empty system: no equations or unknowns,,,,,0,0,0,false,0,0
Modelica.Utilities.UsersGuide.ReleaseNotes,Component,success,,Utilities,0.241,0,0,0,0,0,error:empty system: no equations or unknowns,,,,,0,0,0,false,0,0
ModelicaServices.Animation.Shape,Component,success,,ModelicaServices,0.275,12,0,12,0,1,singular,singular,,,,0,0,0,false,1,2
ModelicaServices.Animation.Surface,Component,success,,ModelicaServices,0.260,6,0,6,0,4,singular,singular,,,,0,0,0,false,1,2
ModelicaServices.Animation.Vector,Component,success,,ModelicaServices,0.259,5,0,5,3,1,singular,singular,,,,0,0,0,false,1,2
ModelicaServices.UsersGuide.Contact,Component,success,,ModelicaServices,0.446,0,0,0,0,0,error:empty system: no equations or unknowns,,,,,0,0,0,false,0,0
ModelicaServices.UsersGuide.ReleaseNotes,Component,success,,ModelicaServices,0.230,0,0,0,0,0,error:empty system: no equations or unknowns,,,,,0,0,0,false,0,0
